sample_id,load_name,load_model,load_type,p_nominal_kw,q_nominal_kvar,p_realized_kw,q_realized_kvar
0,s890,5,M5,170.4747601154068,82.42317578265445,129.67813086561037,62.69780101923394
0,s844,2,M2,153.37327666632348,115.45123505002262,123.43531338381413,92.91558581052895
0,d842_844ra,1,M1,1.6755585690982002,0.9177307094988358,1.6755126112495742,0.917707898384456
0,d844_846sb,1,M1,4.76059821911219,2.1795532893574823,4.760494628339111,2.1794978687367137
0,d844_846sc,1,M1,3.819446359814895,2.0267187980249823,3.8193611527827254,2.026679373146152
0,s860,1,M1,22.715796933133614,17.60064167888033,17.448025233170355,13.519077854173311
0,d834_860ra,2,M2,3.014977200087446,1.4535338829582505,3.151099854006122,1.5191635576508717
0,d834_860rb,2,M2,3.820693121835343,1.83629787515765,4.036037115820372,1.9397968268667898
0,d834_860rc,2,M2,20.833276294601877,10.059127891125286,21.665616327155636,10.461004759877971
0,d860_836sa,1,M1,5.6944437766731815,2.7535423438283377,5.694304529629626,2.75348286157272
0,d860_836sb,1,M1,1.8763222698526283,1.10959346044983,1.8762793732584497,1.1095683615865441
0,d860_836sc,1,M1,7.97845291305845,4.017514779506573,7.978261045402277,4.01741451789359
0,d858_834ra,1,M1,0.7371909164855528,0.3826395859012033,0.7371729033901281,0.38263127767965166
0,d858_834rb,1,M1,2.814211556246976,1.4535872557819582,2.814147399189404,1.4535544654414616
0,d858_834rc,1,M1,2.478131489739073,1.301249382170141,2.478072043757622,1.301217003900993
0,d834_860sa,2,M2,3.0145566740556036,1.453900292399909,3.1515036440352415,1.5199532130645728
0,d834_860sb,2,M2,3.8189731870633916,1.8362728810080444,4.035264329277978,1.9402724093481012
0,d834_860sc,2,M2,20.840050253209615,10.058955602972215,21.679378447087693,10.46406786987888
0,d818_820ra,2,M2,6.430427202370547,3.1006117501553816,6.594121199152064,3.1795367628869333
0,d820_822sa,1,M1,25.60149246632063,12.81128685919824,25.60082270693095,12.810933339575683
0,s848,1,M1,22.714494127043572,17.596299131621794,17.447024342573684,13.515742088390933
0,d846_848rb,1,M1,4.355465250387046,2.028800815454741,4.3553701146484975,2.028749112809853
0,d820_822ra,1,M1,25.586243227800846,12.8133650142534,25.58555799526713,12.813003398418168
0,d860_836ra,1,M1,5.696388449868038,2.754552174125872,5.6962489273940555,2.754492528890384
0,d860_836rb,1,M1,1.8764559193214254,1.1091087524281422,1.8764129331220527,1.1090836385896672
0,d860_836rc,1,M1,7.972857906259902,4.015353577313713,7.972665939661885,4.015253265320095
0,d836_840sa,5,M5,3.416147970769339,1.644940448416525,3.4920481143551028,1.6814926040002391
0,d836_840sb,5,M5,4.151210619842533,2.027493815917109,4.266153448942899,2.0836336849743886
0,s830a,2,M2,3.8193879005622673,1.8355989523285716,3.0894598852334574,1.4847994271868337
0,s830b,2,M2,3.820695545187769,1.836350657391212,3.118853193358434,1.499021372292644
0,s830c,2,M2,9.447359437099717,3.6725761469592424,7.617471294368488,2.9612165384895492
0,d828_830ra,1,M1,1.3398050586781485,0.5356787927591611,1.3397728076147275,0.535666124450966
0,s840,5,M5,10.251085608159249,7.684875252563123,8.056677060490967,6.039808704404798
0,d836_840ra,5,M5,3.4170937591817494,1.6450688627192926,3.492982683284592,1.6816083535246298
0,d836_840rb,5,M5,4.157012517943575,2.0281224617383957,4.272072947771789,2.0842587392763843
0,d844_846rb,1,M1,4.756597590571043,2.179774747991409,4.756493673633118,2.1797191065928097
0,d844_846rc,1,M1,3.817834659526485,2.028034036799035,3.8177493755601897,2.027994521947879
0,d846_848sb,1,M1,4.35536298993731,2.028141262105226,4.355267883655637,2.0280895893618505
0,d802_806sb,1,M1,5.692901438028586,2.753789727980108,5.692899340433684,2.7537885333356176
0,d802_806sc,1,M1,4.758416255867206,2.562089134660217,4.758414181270092,2.5620881958279402
0,d802_806rb,1,M1,5.697446433514857,2.755614916226741,5.697442933902381,2.755612932048911
0,d802_806rc,1,M1,4.757447607953289,2.563907166594111,4.75744414665258,2.5639056080588607
0,d832_858ra,2,M2,1.3400210655966434,0.5357838751670835,0.45861896967496424,0.18337125185948708
0,d832_858rb,2,M2,0.4021072728548136,0.19133347013409335,0.14171798865606097,0.06743299660101926
0,d832_858rc,2,M2,1.1390532057133052,0.5355716068462999,0.40199625595204136,0.1890152656130029
0,d858_864sb,1,M1,0.40225408367184845,0.19131897412350846,0.40224319956713533,0.19131427596116016
0,d858_834sa,1,M1,0.7371354918866072,0.38260824532852006,0.7371176808952754,0.3826000428246241
0,d858_834sb,1,M1,2.814798812425749,1.4535313929273186,2.8147355322049985,1.453498893586982
0,d858_834sc,1,M1,2.4795493208092436,1.3012433459600752,2.4794904873821455,1.3012111809393105
0,d816_824rb,5,M5,0.9383068321710202,0.3825467465795147,0.3405371108074474,0.13883614588822502
0,d824_826sb,5,M5,7.570203016937744,3.6726931299687697,7.828662904552335,3.7980733284106103
0,d824_828sc,1,M1,0.7371010118111444,0.38250284917964134,0.7370875319945617,0.3824968479507556
0,d824_826rb,5,M5,7.574623731494188,3.6717777343345186,7.832681928257353,3.796858796616929
0,d818_820sa,2,M2,6.429608795429953,3.0982070575292355,6.704437739703498,3.230633038098742
0,d862_838rb,1,M1,5.289773923426636,2.5622631149331077,5.2896583939498525,2.5621980596103318
0,d862_838sb,1,M1,5.290682986535751,2.5615947727065898,5.290567604979322,2.561529847354778
0,d808_810rb,4,M4,3.0153037042239212,1.4533369733339334,3.1502500454467617,1.5863393808747872
0,d808_810sb,4,M4,3.0148547072674496,1.4543195009949998,3.1499405376091154,1.5875726842426507
0,d832_858sa,2,M2,1.3404200861251265,0.5355297942486543,0.4588725640093717,0.1833310033550333
0,d832_858sb,2,M2,0.40188013797985483,0.1912349446420495,0.1416629882111924,0.06741019465356644
0,d832_858sc,2,M2,1.1388502035608434,0.5356265915798305,0.4019256326303212,0.1890351504311473
0,d824_828rc,1,M1,0.7373366684332724,0.3824244277307567,0.7373231455553523,0.38241841125528775
0,d828_830sa,1,M1,1.3399370355528362,0.5356492008728443,1.3399067763272596,0.5356366519554959
0,d842_844sa,1,M1,1.674095232034153,0.918334059014123,1.6740493430241288,0.9183112219805086
0,d816_824sb,5,M5,0.9378205116670036,0.38268549168442223,0.34133032009471176,0.13928220032255706
0,d854_856sb,1,M1,0.7371403003920132,0.3824695840700776,0.7371272479381669,0.3824616386690788
0,d854_856rb,1,M1,0.7369093848534833,0.38254090137188385,0.7368963133879421,0.38253294375374775
0,d858_864rb,1,M1,0.4020981421531506,0.1911379243233773,0.40208726191809185,0.19113323059660525
1,s890,5,M5,277.6252241401347,139.07478152575348,304.27830564972265,152.42405924343552
1,s844,2,M2,249.73846426966782,194.76222018815065,311.26504833940066,242.74379249538532
1,d842_844ra,1,M1,2.7284003560523087,1.5496443679002891,2.728392983742223,1.5496309345266268
1,d844_846sb,1,M1,7.74915686145022,3.680537478555221,7.74915232302711,3.6805182368084703
1,d844_846sc,1,M1,6.222500237258603,3.4208554164047413,6.22249731117143,3.4208479844746464
1,s860,1,M1,36.99651663821111,29.7010988858015,46.333218055149096,37.19655327637479
1,d834_860ra,2,M2,4.910154153072828,2.453836565787706,4.888102849305464,2.4428082994598963
1,d834_860rb,2,M2,6.221442044042928,3.098595077973697,6.260556349380692,3.1180679710961763
1,d834_860rc,2,M2,33.949036508047314,16.980172571055416,33.430670495694315,16.720797908824096
1,d860_836sa,1,M1,9.278622427485704,4.647575450754359,9.278600761319636,4.6475490463748645
1,d860_836sb,1,M1,3.054649284238169,1.8723485923588903,3.054646693685288,1.872342689219249
1,d860_836sc,1,M1,12.986129586130707,6.777007922331661,12.986121218696931,6.776961918220019
1,d858_834ra,1,M1,1.2005672666953648,0.6454491098830196,1.2005645589657894,0.6454455282905902
1,d858_834rb,1,M1,4.5841134896804325,2.453133558979836,4.584109377901765,2.4531251024347265
1,d858_834rc,1,M1,4.039221133094161,2.1948068108874543,4.039218874241339,2.194792220070391
1,d834_860sa,2,M2,4.910417642481704,2.453698930544229,4.887747753366877,2.4423625660144515
1,d834_860sb,2,M2,6.221778045687045,3.0987820300260553,6.260143442518879,3.1178817839238238
1,d834_860sc,2,M2,33.944043550075605,16.978675217147803,33.422992644503424,16.71794090165715
1,d818_820ra,2,M2,10.477511625450513,5.230283524887679,10.328219932531795,5.15573384400229
1,d820_822sa,1,M1,41.68585963958425,21.62715993196244,41.685676519685764,21.626964239505096
1,s848,1,M1,37.005952644005,29.70532525201707,46.34503841139402,37.20184290460432
1,d846_848rb,1,M1,7.091595284553542,3.4212198296456022,7.091591034949178,3.4212018902183727
1,d820_822ra,1,M1,41.690862669299165,21.63118805454184,41.690672475132494,21.630984017347185
1,d860_836ra,1,M1,9.274059693822347,4.649971793671391,9.274037967538174,4.649945239635256
1,d860_836rb,1,M1,3.055878416121497,1.8726787853011193,3.0558757910038308,1.8726728396440184
1,d860_836rc,1,M1,12.985319386694716,6.779012618752006,12.985310946833357,6.778966465781971
1,d836_840sa,5,M5,5.564880387436416,2.775322515087742,5.551389419804375,2.7685849323971983
1,d836_840sb,5,M5,6.766847641146427,3.4220913579567513,6.786916956750016,3.4322319037944684
1,s830a,2,M2,6.220692759868,3.10030190363092,7.95025683104065,3.9622851989741066
1,s830b,2,M2,6.219863081726903,3.099094418162298,8.037791579977336,4.00488697227914
1,s830c,2,M2,15.386976219450844,6.1974883356966535,19.535427354461326,7.86834306345348
1,d828_830ra,1,M1,2.18313067447416,0.9041335995110421,2.1831236618515857,0.9041260077183461
1,s840,5,M5,16.69501507226229,12.981190203551062,20.857663836795275,16.21779855714235
1,d836_840ra,5,M5,5.563250981711363,2.7759432292519874,5.549650343304327,2.769147440025985
1,d836_840rb,5,M5,6.767704390625529,3.4214061048258095,6.787627434128477,3.4314693776799863
1,d844_846rb,1,M1,7.747584159335303,3.68080857333944,7.7475794285190895,3.680789080704247
1,d844_846rc,1,M1,6.220697378758764,3.4224475473525566,6.2206943967887085,3.422440019702296
1,d846_848sb,1,M1,7.093727795687252,3.421362946397635,7.093723557097927,3.4213450234104705
1,d802_806sb,1,M1,9.275899474652373,4.649575208976244,9.275899240125028,4.649575005871868
1,d802_806sc,1,M1,7.7475684286385516,4.3253217118266285,7.747568049840594,4.325321684750978
1,d802_806rb,1,M1,9.27684383736196,4.64854918205178,9.276843447343163,4.648548845928932
1,d802_806rc,1,M1,7.7502705670394025,4.325856312419039,7.750269934308889,4.325856269456374
1,d832_858ra,2,M2,2.1829028639620534,0.9040357157924721,0.7042656608696201,0.29166518193461405
1,d832_858rb,2,M2,0.6548816211326753,0.32281408105083936,0.2198979130588063,0.10839490804643662
1,d832_858rc,2,M2,1.8553187716488828,0.9038681807511928,0.6276473390850107,0.30577467931056895
1,d858_864sb,1,M1,0.6548128636330809,0.3228095031453044,0.6548109952832596,0.322806525830236
1,d858_834sa,1,M1,1.2001646127442578,0.6454396254534072,1.2001619542939135,0.6454361094723549
1,d858_834sb,1,M1,4.583451194989293,2.4529863269234466,4.583447236951779,2.4529780204084175
1,d858_834sc,1,M1,4.038655595476881,2.195104920666843,4.03865340852466,2.195090531283392
1,d816_824rb,5,M5,1.5279665682335464,0.6453160283063488,0.543426279495608,0.22950841737805447
1,d824_826sb,5,M5,12.33406089893173,6.199413047484526,12.63241025452276,6.3493629521488435
1,d824_828sc,1,M1,1.2005959296940913,0.6455813412577871,1.2005938156822502,0.6455810316622971
1,d824_826rb,5,M5,12.33296092113556,6.199303921415542,12.629799028054405,6.348504850138892
1,d818_820sa,2,M2,10.473791207617886,5.231651575780448,10.62747940014808,5.308402380412392
1,d862_838rb,1,M1,8.620803158347101,4.326763378048307,8.620798014648326,4.3267418042543
1,d862_838sb,1,M1,8.617546237427492,4.324758598062035,8.617541164247225,4.324737128854545
1,d808_810rb,4,M4,4.909916438054987,2.453857738520862,5.116330218825166,2.664516144532135
1,d808_810sb,4,M4,4.9116082882192895,2.45440469453642,5.11853209688399,2.6655671811081985
1,d832_858sa,2,M2,2.182875783422823,0.9039010926285389,0.7050319149917956,0.29194266561976345
1,d832_858sb,2,M2,0.6550230349287679,0.32285268160295566,0.2202237830023354,0.10854509098937634
1,d832_858sc,2,M2,1.8551425917007076,0.9040379322527828,0.6281422076033337,0.30610232152338945
1,d824_828rc,1,M1,1.2005204009629677,0.6456463536366727,1.2005183088310516,0.6456460288020429
1,d828_830sa,1,M1,2.1819779027503774,0.9037001006575479,2.1819706189366577,0.9036934495794672
1,d842_844sa,1,M1,2.728756819061682,1.5491941103586475,2.728749405741445,1.5491807454558681
1,d816_824sb,5,M5,1.5282134201599151,0.6455867635590331,0.5481027172247427,0.2315433027643256
1,d854_856sb,1,M1,1.200520749997415,0.6457940958036777,1.2005198716290044,0.6457921415433339
1,d854_856rb,1,M1,1.2003245221246395,0.6456317280931186,1.2003236334566258,0.6456297640105764
1,d858_864rb,1,M1,0.6546873164639768,0.32283242453230526,0.6546854484961562,0.3228294472003342
2,s890,5,M5,176.0643690021022,85.60677932241069,135.48519966373058,65.87557763625163
2,s844,2,M2,158.4621997939042,119.83895798914166,128.94062814908125,97.51281084629473
2,d842_844ra,1,M1,1.730348964546931,0.9534580151049025,1.7303142377607508,0.9534387211232537
2,d844_846sb,1,M1,4.9131828314856545,2.2656424336607683,4.913104719907103,2.265596641853137
2,d844_846sc,1,M1,3.9443459422689755,2.105490004958113,3.944281979302219,2.1054570124800507
2,s860,1,M1,23.457167552105346,18.27950871460979,18.298233950034373,14.259282887796443
2,d834_860ra,2,M2,3.1142485787801135,1.5100788964780527,3.2406766164153606,1.5713835673536725
2,d834_860rb,2,M2,3.9446639036706364,1.9067733526372956,4.149440086416341,2.005755381547804
2,d834_860rc,2,M2,21.52763541998502,10.451337494037313,22.28059985056678,10.81686029906916
2,d860_836sa,1,M1,5.883237362548252,2.860564641274346,5.8831314548704325,2.860514122567363
2,d860_836sb,1,M1,1.9380605895041763,1.1523865589347786,1.9380284040475921,1.152366001027449
2,d860_836sc,1,M1,8.236709288235263,4.172890660606687,8.236565424144295,4.17280653476566
2,d858_834ra,1,M1,0.7612274744005183,0.39733030725282903,0.7612138005974941,0.39732329844776837
2,d858_834rb,1,M1,2.906227040498819,1.5097656164727498,2.9061787808731423,1.5097385294156966
2,d858_834rc,1,M1,2.561176053749366,1.3507763892581672,2.561131475959086,1.3507493217626594
2,d834_860sa,2,M2,3.1146493527204746,1.5096965106343518,3.241997809719199,1.5714239001770234
2,d834_860sb,2,M2,3.94508128144029,1.9069489865643368,4.150998557539644,2.006481207650392
2,d834_860sc,2,M2,21.522372521431997,10.449274345520287,22.28234212625315,10.818215407437208
2,d818_820ra,2,M2,6.644360888340204,3.2180368326570443,6.788241804851304,3.287713167178857
2,d820_822sa,1,M1,26.43306766602617,13.310683726678116,26.43255794762849,13.310391718986866
2,s848,1,M1,23.46063604986414,18.272749270595646,18.30093950502398,14.254009827107653
2,d846_848rb,1,M1,4.499791515097607,2.1057780366457735,4.4997197081997875,2.105735402290048
2,d820_822ra,1,M1,26.43539796378427,13.310913840112395,26.43487588377163,13.310615098061792
2,d860_836ra,1,M1,5.883869488670561,2.8606533233895655,5.883763394757244,2.8606026860570166
2,d860_836rb,1,M1,1.9381407903534347,1.1519597857895938,1.9381085362885908,1.151939212160777
2,d860_836rc,1,M1,8.23353377823329,4.173013642918042,8.23338979146817,4.1729294284688825
2,d836_840sa,5,M5,3.529796361849977,1.7088948242913402,3.600352781451525,1.7430541705072098
2,d836_840sb,5,M5,4.291749732636389,2.105743564670686,4.401280885712589,2.1594820159459256
2,s830a,2,M2,3.9453870627844814,1.9077358162529785,3.230753434038897,1.5621860383290864
2,s830b,2,M2,3.944255795670025,1.9070393776278516,3.260086640549342,1.5762424581419792
2,s830c,2,M2,9.759498813593522,3.8155780083979463,7.9638869468027105,3.113553780224006
2,d828_830ra,1,M1,1.384074495378738,0.5562013259799764,1.3840499411465685,0.5561905462779498
2,s840,5,M5,10.58645252766045,7.986418885791947,8.431024448475563,6.360357609551398
2,d836_840ra,5,M5,3.5299895450987524,1.708608120300703,3.600515098124317,1.7427449249464613
2,d836_840rb,5,M5,4.290601986340065,2.1059859137859855,4.400057577715261,2.159707841680106
2,d844_846rb,1,M1,4.913887978358283,2.264909234372135,4.913809530215376,2.264863269729283
2,d844_846rc,1,M1,3.9441300873054246,2.1053305217688396,3.9440660417189477,2.1052974812139085
2,d846_848sb,1,M1,4.498702369238761,2.1064306380603166,4.498630603491908,2.106388007068812
2,d802_806sb,1,M1,5.881588206977854,2.8617245002052623,5.881586625338229,2.8617235380901795
2,d802_806sc,1,M1,4.913481446764413,2.66175538883454,4.913479877557986,2.661754626228126
2,d802_806rb,1,M1,5.881550119087648,2.861254544305798,5.881547482224932,2.8612529473084813
2,d802_806rc,1,M1,4.912595744461764,2.662102234189362,4.912593126107484,2.662100968635703
2,d832_858ra,2,M2,1.3843507672666777,0.5562829231747686,0.47140124263099287,0.18942623892315194
2,d832_858rb,2,M2,0.4153566911574884,0.1986116632343675,0.14580005476143515,0.06971711783355812
2,d832_858rc,2,M2,1.176126983098438,0.5564374789973676,0.413441636074175,0.19560351375988805
2,d858_864sb,1,M1,0.4151504740609783,0.1987446322595135,0.4151422279095275,0.19874061588594893
2,d858_834sa,1,M1,0.7614778265124804,0.39737181256243165,0.7614642987803648,0.3973648981945285
2,d858_834sb,1,M1,2.906446620295625,1.5095586285658393,2.9063990188912205,1.5095318129181194
2,d858_834sc,1,M1,2.560116863179615,1.3506107787570567,2.5600727773451375,1.350583929583368
2,d816_824rb,5,M5,0.969032078389537,0.3972234953699793,0.3508406623922848,0.1438153144175875
2,d824_826sb,5,M5,7.817676656738032,3.815653761828805,8.075282922632939,3.941373678455472
2,d824_828sc,1,M1,0.7610735782369392,0.39730698142143783,0.7610633850088458,0.39730207325535166
2,d824_826rb,5,M5,7.820830824209513,3.8149350232765884,8.077950846644947,3.940343364779785
2,d818_820sa,2,M2,6.644348287555429,3.217998369802395,6.907206648649285,3.345298117545187
2,d862_838rb,1,M1,5.468715155934761,2.6617209117725245,5.468627953969065,2.6616673459979165
2,d862_838sb,1,M1,5.468155782254582,2.6618255245179534,5.468068720865268,2.6617720528315147
2,d808_810rb,4,M4,3.1143046560138785,1.5098159234980428,3.252515996128721,1.6468040534546615
2,d808_810sb,4,M4,3.1136858469994793,1.5098495975624902,3.252040571958912,1.6470138348199512
2,d832_858sa,2,M2,1.384175808406078,0.5562598854415175,0.4715054156941192,0.18948417308249982
2,d832_858sb,2,M2,0.4151264369674189,0.1986738214370693,0.1457588167565284,0.06975788622706904
2,d832_858sc,2,M2,1.1765937051103095,0.5561533675149296,0.4136435069729082,0.19552151740259896
2,d824_828rc,1,M1,0.7613109135103175,0.39741113559892516,0.7613006886992024,0.3974062103165713
2,d828_830sa,1,M1,1.3840131688617932,0.5562121836718351,1.3839901245661763,0.5562016384681416
2,d842_844sa,1,M1,1.7299337734639169,0.9536967016702284,1.729899075841864,0.9536774006064384
2,d816_824sb,5,M5,0.9687017912343356,0.39736468452056656,0.35183354162282765,0.14432278659890013
2,d854_856sb,1,M1,0.7611232052489323,0.3973583447428663,0.7611133790352845,0.39735189399919224
2,d854_856rb,1,M1,0.7611864543535464,0.3973805482731674,0.7611766091623788,0.39737408788323314
2,d858_864rb,1,M1,0.41519564192023684,0.1986245624760149,0.4151873945008492,0.19862054829783415
3,s890,5,M5,159.8155941686328,86.33306260374881,122.96514578182378,66.42617159667581
3,s844,2,M2,143.76999053157152,120.69063530139422,117.15311238192906,98.34660757326112
3,d842_844ra,1,M1,1.57038951958368,0.9607967719458331,1.5703753202943862,0.9607893729961361
3,d844_846sb,1,M1,4.461076503944133,2.282490623338806,4.461044543060289,2.2824726494442995
3,d844_846sc,1,M1,3.5813862675718644,2.122732472938025,3.581359792044035,2.1227190084864698
3,s860,1,M1,21.305208285476503,18.42046102057076,16.518040609331333,14.281488245864454
3,d834_860ra,2,M2,2.8274054882428405,1.522093620933432,2.9653353467291637,1.5963482882573152
3,d834_860rb,2,M2,3.5783221405105237,1.92186632877156,3.789717952286639,2.0354047336099375
3,d834_860rc,2,M2,19.54111817837903,10.533746356111624,20.388952188349055,10.990777900352033
3,d860_836sa,1,M1,5.341715017346838,2.8844006017510786,5.341672087833458,2.884381182498743
3,d860_836sb,1,M1,1.7590344494955534,1.161390342943235,1.7590212018304343,1.161381956957158
3,d860_836sc,1,M1,7.476017778705308,4.203794306761021,7.475958108258549,4.203761500222266
3,d858_834ra,1,M1,0.6910194213562215,0.40042031194425876,0.691013866300353,0.40041759401443494
3,d858_834rb,1,M1,2.638182668795681,1.5212790671102063,2.6381628811850515,1.5212681470384146
3,d858_834rc,1,M1,2.324595669925323,1.3616883869043994,2.324577153151432,1.3616777706878667
3,d834_860sa,2,M2,2.8270238003718338,1.5222908602869765,2.965693329600995,1.596963463785114
3,d834_860sb,2,M2,3.581692427377124,1.9226644382397886,3.794235789962686,2.0367591056004306
3,d834_860sc,2,M2,19.542009983213095,10.535700649879011,20.3959617151766,10.996094324450125
3,d818_820ra,2,M2,6.033457309400436,3.241396553484827,6.207472466064473,3.334884375931754
3,d820_822sa,1,M1,24.006588020470627,13.41591935581682,24.006384095957827,13.415807128120083
3,s848,1,M1,21.300434299664822,18.42215260393563,16.514339232174944,14.282799633933326
3,d846_848rb,1,M1,4.082600659132684,2.1227270964167246,4.082571295080041,2.122710333412835
3,d820_822ra,1,M1,23.98177978959126,13.420184782042119,23.981571276090662,13.42007015734924
3,d860_836ra,1,M1,5.341619930149531,2.883332286536029,5.341576931863237,2.883312832608222
3,d860_836rb,1,M1,1.7584340854155152,1.1606976953583057,1.7584208154350012,1.16068930630817
3,d860_836rc,1,M1,7.47523937439751,4.204742324632384,7.475179637656214,4.204709478825838
3,d836_840sa,5,M5,3.203629422440197,1.7219810176471164,3.28053429903505,1.7633204161975653
3,d836_840sb,5,M5,3.89515701956291,2.1218016457662507,4.0081980701904705,2.18337904924997
3,s830a,2,M2,3.582279704936189,1.9222057761639075,2.932294252418823,1.5734336298681402
3,s830b,2,M2,3.581201584138787,1.9210928679997703,2.9559794502571477,1.5856998724623041
3,s830c,2,M2,8.855895646136885,3.8428049125613803,7.22405823282155,3.134706943650742
3,d828_830ra,1,M1,1.2559642508199442,0.5606582998714796,1.2559544004539451,0.5606542691670138
3,s840,5,M5,9.605163065217463,8.048869429070047,7.631662709299249,6.395132328105089
3,d836_840ra,5,M5,3.2032052744385693,1.7213078119542307,3.2800705214514325,1.7626152247473326
3,d836_840rb,5,M5,3.8951344158426022,2.123126511216955,4.008136038985206,2.1847212318476577
3,d844_846rb,1,M1,4.460112081558269,2.2814884000768494,4.4600800008246875,2.2814703674099874
3,d844_846rc,1,M1,3.581713150291386,2.122061287267152,3.58168663834674,2.122047808952612
3,d846_848sb,1,M1,4.082326722652407,2.123027345065674,4.0822973692863815,2.1230105844670617
3,d802_806sb,1,M1,5.340668579714946,2.8817405643614578,5.340667936581393,2.881740169988538
3,d802_806sc,1,M1,4.459763868684873,2.682665471938434,4.459763234915793,2.6826651496615175
3,d802_806rb,1,M1,5.338851400874969,2.8834200613756606,5.338850329016459,2.8834194063060576
3,d802_806rc,1,M1,4.461093826589928,2.6826978532598496,4.4610927686224375,2.682697318445784
3,d832_858ra,2,M2,1.2574065021133076,0.5604188034881117,0.43222588178111027,0.1926408630822457
3,d832_858rb,2,M2,0.376940786293736,0.20028207769381653,0.13315114888187538,0.07074790271495064
3,d832_858rc,2,M2,1.0681575670525045,0.5607492625422958,0.3779000486440666,0.1983859091747272
3,d858_864sb,1,M1,0.377020700886618,0.2002215181327559,0.3770173490587557,0.20022000692207204
3,d858_834sa,1,M1,0.6910554430080709,0.40022703216368233,0.691049952856137,0.4002243489145434
3,d858_834sb,1,M1,2.639493882693209,1.5212677674339181,2.6394743705572443,1.5212569497676545
3,d858_834sc,1,M1,2.3250484470977395,1.3617865371820201,2.3250301439401593,1.3617759944938235
3,d816_824rb,5,M5,0.8801181586652068,0.4002151386530247,0.31978727895889997,0.14541638467424758
3,d824_826sb,5,M5,7.099057989773902,3.844505730329421,7.345520373404717,3.977974749985277
3,d824_828sc,1,M1,0.6913257731388626,0.40035001574308793,0.6913216441610504,0.40034796606202727
3,d824_826rb,5,M5,7.09811068067205,3.843995424511026,7.3440435703920866,3.9771777942524436
3,d818_820sa,2,M2,6.03330254564966,3.244886779793106,6.307312486641522,3.3922571835582156
3,d862_838rb,1,M1,4.961044397189457,2.682702795208348,4.961008709671376,2.682681654449696
3,d862_838sb,1,M1,4.963226749933664,2.6834080434713945,4.96319109798794,2.683386931797616
3,d808_810rb,4,M4,2.827619950926649,1.5213348712125203,2.954665508107167,1.661116247133079
3,d808_810sb,4,M4,2.825767443517947,1.521625401868526,2.952873037179879,1.6615947058714386
3,d832_858sa,2,M2,1.2564633865131316,0.5603231732771394,0.4319736870745541,0.19264008072976296
3,d832_858sb,2,M2,0.37691933751690404,0.20032704200862625,0.1331585039509398,0.070771721717445
3,d832_858sc,2,M2,1.0678534726651305,0.5603156846556611,0.3777740664470458,0.1982228603331771
3,d824_828rc,1,M1,0.6907822291061245,0.40038755646368246,0.6907780903936985,0.4003855006088397
3,d828_830sa,1,M1,1.25656129720115,0.560248664789848,1.2565520855556978,0.5602446743678203
3,d842_844sa,1,M1,1.570412178080529,0.9607850600213725,1.5703979893666005,0.9607776598357353
3,d816_824sb,5,M5,0.879202084908729,0.40052406295302295,0.32028857085623635,0.14590862387426853
3,d854_856sb,1,M1,0.6909495956719461,0.4004596034099618,0.6909455789662541,0.4004569971004846
3,d854_856rb,1,M1,0.6911074714688317,0.40031410892733615,0.6911034466274464,0.400311500026438
3,d858_864rb,1,M1,0.3770128893040049,0.200113895701011,0.3770095374666257,0.20011238534479375
4,s890,5,M5,194.80062094430068,96.66016912323612,161.84321282685255,80.30630741305686
4,s844,2,M2,175.27221246271696,135.3258680142551,153.66997318826154,118.64682605108595
4,d842_844ra,1,M1,1.9143480535400845,1.0763861846456646,1.9143408937192585,1.0763802413349495
4,d844_846sb,1,M1,5.436855544737804,2.5565769824481572,5.436839615146174,2.5565638233678194
4,d844_846sc,1,M1,4.364852709127916,2.377181284139799,4.364839894698886,2.3771712678492705
4,s860,1,M1,25.95429189398481,20.630016283778275,22.25526565600612,17.689784051667733
4,d834_860ra,2,M2,3.445271570543609,1.704434633888647,3.5162780443999804,1.7395602714971996
4,d834_860rb,2,M2,4.364304634722012,2.1528600992393083,4.503586602523881,2.2215625413814353
4,d834_860rc,2,M2,23.811028706640347,11.795638692925937,24.12539267719138,11.951342419513384
4,d860_836sa,1,M1,6.509550196663188,3.229386390892927,6.509527782434708,3.2293706813014
4,d860_836sb,1,M1,2.143777435411243,1.3006347121394617,2.1437710620572683,1.3006289006633664
4,d860_836sc,1,M1,9.111319328291696,4.709857393226509,9.11129056160022,4.709831905301866
4,d858_834ra,1,M1,0.8423988321951652,0.44851202956866904,0.8423959564812575,0.4485098877069582
4,d858_834rb,1,M1,3.2158353456342645,1.7042832367229568,3.2158256485079284,1.7042753666341073
4,d858_834rc,1,M1,2.832749172075647,1.5250147974833665,2.8327403053058835,1.5250066693160205
4,d834_860sa,2,M2,3.44522493283536,1.7044594092580683,3.517366057983018,1.7401473834560162
4,d834_860sb,2,M2,4.364540824984902,2.1526631787154016,4.505237805531128,2.2220535254376452
4,d834_860sc,2,M2,23.81047123364967,11.79654098074346,24.133803302341445,11.956703408614239
4,d818_820ra,2,M2,7.350869328377586,3.6326819026488595,7.39410153872425,3.654039888719573
4,d820_822sa,1,M1,29.251411639070273,15.026171273416734,29.251302576058464,15.026088405142202
4,s848,1,M1,25.958585164943976,20.63195842543163,22.258947078011342,17.691449307540147
4,d846_848rb,1,M1,4.976846261965374,2.3773033474615537,4.9768316385828815,2.377291125977917
4,d820_822ra,1,M1,29.24712825961274,15.026617385326837,29.247016407614154,15.026532604953257
4,d860_836ra,1,M1,6.508745494870328,3.2294655448825003,6.508723045345967,3.2294498022793783
4,d860_836rb,1,M1,2.143629154953419,1.3006668695262928,2.1436227670852275,1.300661050562609
4,d860_836rc,1,M1,9.110327677629,4.709211775633811,9.110298874160758,4.709186263051877
4,d836_840sa,5,M5,3.904830369755086,1.9288285106028062,3.9444194293746966,1.9483811222372955
4,d836_840sb,5,M5,4.747146563652208,2.3771587033079955,4.821767897872733,2.4145217347660344
4,s830a,2,M2,4.363871064193638,2.1527727855283194,3.8721845570221127,1.9102135680530063
4,s830b,2,M2,4.364115295957093,2.152789904193383,3.9103618923654766,1.9289537290526262
4,s830c,2,M2,10.797332773512226,4.30589855206821,9.53460638433287,3.8023240213457354
4,d828_830ra,1,M1,1.5314489204719817,0.6279069877518331,1.5314436707867787,0.6279036196608238
4,s840,5,M5,11.71430360024945,9.016499258656742,10.153035988893363,7.814780039163681
4,d836_840ra,5,M5,3.904543606947447,1.9286384475638507,3.9440848481295245,1.9481669479856925
4,d836_840rb,5,M5,4.746615613657808,2.3770348973564825,4.8211690764455,2.41436617348266
4,d844_846rb,1,M1,5.436171536750754,2.556728548271238,5.436155535046577,2.5567153366927364
4,d844_846rc,1,M1,4.364548402643169,2.3774467922322065,4.364535568880776,2.377436759140988
4,d846_848sb,1,M1,4.976875332593708,2.3772432376605153,4.976860714142217,2.3772310200714473
4,d802_806sb,1,M1,6.508697605958137,3.2294249401165045,6.508697282494412,3.229424685396677
4,d802_806sc,1,M1,5.436435269052278,3.0051959982530305,5.436434942016033,3.005195787656453
4,d802_806rb,1,M1,6.5072194909264915,3.2291851077057894,6.507218951607074,3.229184684583768
4,d802_806rc,1,M1,5.4358351999914465,3.0048960502947195,5.435834654011058,3.004895700484819
4,d832_858ra,2,M2,1.5315058785461102,0.6279637669056906,0.5101845761647786,0.209190668486158
4,d832_858rb,2,M2,0.4594131660052698,0.22427299405337503,0.1583582886019191,0.07730603987890666
4,d832_858rc,2,M2,1.3015579915893811,0.6279709395969898,0.44926670118171846,0.21676027000896622
4,d858_864sb,1,M1,0.459358539487978,0.2242532228334057,0.45935681207088086,0.2242519496595765
4,d858_834sa,1,M1,0.8422894718179456,0.4485850069240537,0.842286625810875,0.4485828993840985
4,d858_834sb,1,M1,3.2158085756637886,1.7044410847043603,3.215799001964604,1.7044333171954413
4,d858_834sc,1,M1,2.8328381562280702,1.5250249073016786,2.8328293704224605,1.5250168744768158
4,d816_824rb,5,M5,1.071999460262429,0.448530911911023,0.38376016935363694,0.16056727664713294
4,d824_826sb,5,M5,8.65146172579731,4.306003544560709,8.888450886143357,4.423951659728962
4,d824_828sc,1,M1,0.8420379450312401,0.4485489805874871,0.8420358226497998,0.44854759258937965
4,d824_826rb,5,M5,8.650901907829972,4.305885155042425,8.887149523705352,4.423468559174816
4,d818_820sa,2,M2,7.350370565395472,3.6327660348471404,7.540487787467618,3.7267215697874407
4,d862_838rb,1,M1,6.048507338056394,3.005415501422807,6.048489634876163,3.0054002574703627
4,d862_838sb,1,M1,6.049908965936679,3.005279960732945,6.049891287394247,3.0052647413100906
4,d808_810rb,4,M4,3.445504128042675,1.704403338269034,3.5923669870088224,1.8527991675840843
4,d808_810sb,4,M4,3.4458322328244932,1.7044039111494944,3.5929206196537162,1.853017988076854
4,d832_858sa,2,M2,1.531199873939153,0.6279623485179866,0.5104578363288009,0.20934407065366076
4,d832_858sb,2,M2,0.45943616007402316,0.2242547038009132,0.15847195177232992,0.07735134944735575
4,d832_858sc,2,M2,1.3015622483871114,0.6278975396018855,0.4494788279777006,0.21683656758088965
4,d824_828rc,1,M1,0.8422065918537841,0.4485051406145611,0.8422044642238407,0.44850374635209755
4,d828_830sa,1,M1,1.5313941491225427,0.6280310879745715,1.5313892060125291,0.6280279133111802
4,d842_844sa,1,M1,1.9142222616617568,1.0763064439218661,1.914215104234219,1.076300504746489
4,d816_824sb,5,M5,1.0720008523833429,0.44851234431042303,0.38550300258621084,0.16128962230260363
4,d854_856sb,1,M1,0.8421507471809527,0.4485109633795033,0.8421487557796518,0.4485092068030194
4,d854_856rb,1,M1,0.8423925574700386,0.4485167191180286,0.8423905612763024,0.4485149598228901
4,d858_864rb,1,M1,0.45935436839073623,0.22427371661939996,0.459352640926108,0.22427244330902948
5,s890,5,M5,168.4516607505731,88.79953646902987,133.76197916958597,70.51274765720757
5,s844,2,M2,151.62075977099522,124.23694699826179,127.38574992419524,104.37893939850268
5,d842_844ra,1,M1,1.6551202889138548,0.9894856091040115,1.6551166435420923,0.9894833512382528
5,d844_846sb,1,M1,4.69846009263867,2.3498651067203022,4.698451348103874,2.349859680151446
5,d844_846sc,1,M1,3.771693981295734,2.1848158345623787,3.771686927568243,2.1848116325422127
5,s860,1,M1,22.453282513615818,18.962212971849073,18.083576033973007,15.271912480199866
5,d834_860ra,2,M2,2.9773771704156164,1.566340815922746,3.0996786076408775,1.6306811344482177
5,d834_860rb,2,M2,3.7721021572851634,1.9792868163386224,3.96663592535192,2.0813616166845144
5,d834_860rc,2,M2,20.588231065464473,10.841623401691946,21.311105987013732,11.222280983286797
5,d860_836sa,1,M1,5.62879157918181,2.9676565969965814,5.628780143753056,2.967650361905992
5,d860_836sb,1,M1,1.8532550314886147,1.1952407273474384,1.853251488996707,1.1952382297895352
5,d860_836sc,1,M1,7.88288800720782,4.32734592296654,7.882872393971177,4.327336044708931
5,d858_834ra,1,M1,0.728462476169268,0.41222169021678373,0.728461000609554,0.4122208274138326
5,d858_834rb,1,M1,2.7804301533085334,1.5665751921148923,2.7804248336709025,1.5665718953417946
5,d858_834rc,1,M1,2.449137127046474,1.4017187640154658,2.4491322943369056,1.4017155829434633
5,d834_860sa,2,M2,2.9799834805219905,1.5661888436250646,3.103238485171649,1.6309678174463196
5,d834_860sb,2,M2,3.7767296885693686,1.9786433452405292,3.9725586163658684,2.0812384667257957
5,d834_860sc,2,M2,20.605484103558396,10.83817127847974,21.335724676823826,11.222263236808093
5,d818_820ra,2,M2,6.354357391007633,3.3393987193676624,6.498569104203421,3.4151850847976966
5,d820_822sa,1,M1,25.289762690793438,13.813669683501598,25.289709481249513,13.813636408260425
5,s848,1,M1,22.470831458594386,18.967146683560713,18.097709699099898,15.27588598950932
5,d846_848rb,1,M1,4.304679594220597,2.1849667963317683,4.304671553593111,2.1849617421410783
5,d820_822ra,1,M1,25.302713332708002,13.806265853796189,25.30265885176739,13.80623192686237
5,d860_836ra,1,M1,5.631117256652459,2.9671666611524774,5.631105797692136,2.967160414131247
5,d860_836rb,1,M1,1.8548828629828784,1.196717839729838,1.8548793100492063,1.196715336582089
5,d860_836rc,1,M1,7.879259451836616,4.3280350117404645,7.8792438267317415,4.328025123073383
5,d836_840sa,5,M5,3.3782282185557406,1.7727942430050696,3.446583299510594,1.8086648398736926
5,d836_840sb,5,M5,4.1058423323878905,2.1830741444966826,4.2099894545449645,2.23844867941224
5,s830a,2,M2,3.774979921947673,1.9780323021058517,3.192432744003305,1.6727863655962814
5,s830b,2,M2,3.7751656121250585,1.9788850910480373,3.220340610299795,1.6880537929923203
5,s830c,2,M2,9.335082088364178,3.9586286805931,7.864203458636447,3.3348875573596635
5,d828_830ra,1,M1,1.3238723300034791,0.5767070550930121,1.323869748215508,0.5767057901604706
5,s840,5,M5,10.129792946413255,8.28324322896954,8.329488186845083,6.8111131132015705
5,d836_840ra,5,M5,3.3762590437120847,1.771977298302289,3.444541175156659,1.8078139902583001
5,d836_840rb,5,M5,4.104615299901417,2.1838794465128992,4.208687640570208,2.239251180689552
5,d844_846rb,1,M1,4.7014330074804676,2.3493046687486276,4.701424221725667,2.3492992227789475
5,d844_846rc,1,M1,3.773611998528674,2.1852960467700826,3.7736049315913065,2.1852918378446358
5,d846_848sb,1,M1,4.309304735917622,2.1843595183985625,4.309296688519038,2.1843544659392466
5,d802_806sb,1,M1,5.624894258244077,2.9683061898595886,5.624894078415429,2.968306073770819
5,d802_806sc,1,M1,4.703622131220998,2.760282504829877,4.703621957572016,2.7602824062259503
5,d802_806rb,1,M1,5.630712255510818,2.9687569342017195,5.6307119553177065,2.968756741380976
5,d802_806rc,1,M1,4.698634915606395,2.762029505438188,4.698634626080962,2.7620293415930095
5,d832_858ra,2,M2,1.325039938867209,0.5770227754308671,0.4516493845736501,0.1966823368284656
5,d832_858rb,2,M2,0.39731429259932644,0.20606330496607986,0.13941240125026502,0.07230489382827987
5,d832_858rc,2,M2,1.125436639935234,0.5772315498715032,0.3954742565284041,0.20283701348719546
5,d858_864sb,1,M1,0.39737690462438335,0.20619421815132133,0.3973760379087206,0.20619374728232504
5,d858_834sa,1,M1,0.7290921079154168,0.41216538509084155,0.7290906476242371,0.41216453360042765
5,d858_834sb,1,M1,2.780872635154339,1.5665131028014443,2.780867388169182,1.5665098400676993
5,d858_834sc,1,M1,2.4500454130780533,1.4017876518729426,2.4500406320986117,1.401784496784064
5,d816_824rb,5,M5,0.9272613574101145,0.4120556950510369,0.3355300112999044,0.14910251443409317
5,d824_826sb,5,M5,7.482932303462716,3.956696299996219,7.72748508007133,4.086005330485808
5,d824_828sc,1,M1,0.7287968729000586,0.4118951809317144,0.7287957447999835,0.4118945488922223
5,d824_826rb,5,M5,7.478031893582285,3.9560118026644036,7.721875775804403,4.085008169219306
5,d818_820sa,2,M2,6.355295487571385,3.3385844784510947,6.610222317580303,3.472502368297035
5,d862_838rb,1,M1,5.233356833354967,2.761576890386495,5.233347065900959,2.761570536767534
5,d862_838sb,1,M1,5.22907182305446,2.760800693064017,5.229062078120065,2.76079435199381
5,d808_810rb,4,M4,2.977651213159409,1.5663705261388436,3.1095265761979047,1.7081875405379665
5,d808_810sb,4,M4,2.979878205653921,1.5658693556830612,3.1120110314499336,1.7078153197798003
5,d832_858sa,2,M2,1.3242251686908404,0.5771783167360244,0.45151495489594745,0.196797805984154
5,d832_858sb,2,M2,0.3972856066166115,0.20608020751166653,0.13943843179308038,0.07232954883366617
5,d832_858sc,2,M2,1.1250342462359322,0.576727504317848,0.39536817732818114,0.20267800108443315
5,d824_828rc,1,M1,0.7283925869772431,0.412428321162659,0.7283914564028408,0.41242768635136556
5,d828_830sa,1,M1,1.324708163009253,0.577720974952331,1.3247057382552765,0.5777197374916038
5,d842_844sa,1,M1,1.6556308912176616,0.989442312963906,1.6556272470343805,0.9894400553952876
5,d816_824sb,5,M5,0.9270168352787779,0.41206031077279703,0.33648941530341464,0.14956997267839348
5,d854_856sb,1,M1,0.7286372427246101,0.41221655746225444,0.728636133052641,0.4122157849646759
5,d854_856rb,1,M1,0.7279177319061308,0.41227732369676745,0.7279166213748768,0.4122765501783002
5,d858_864rb,1,M1,0.3972525765179574,0.2061017202693903,0.3972517100369297,0.20610124959057155
6,s890,5,M5,225.64865442828295,113.9464738602705,232.19406168729603,117.25176347193829
6,s844,2,M2,203.01294158078838,159.51365922426794,229.35012454169473,180.2076516815029
6,d842_844ra,1,M1,2.217223146356296,1.2688845941049427,2.2172226469152654,1.2688849044491357
6,d844_846sb,1,M1,6.297593962765611,3.0133054417759926,6.297593710240484,3.0133047456867272
6,d844_846sc,1,M1,5.05554911046929,2.8019964888000124,5.055549293354302,2.8019978243519206
6,s860,1,M1,30.06885774542759,24.319317937755645,31.98193263639411,25.86659468767784
6,d834_860ra,2,M2,3.9911685967888726,2.008992011742068,4.236675435274493,2.132570558857721
6,d834_860rb,2,M2,5.055775333800512,2.537934259569009,5.4183892176050135,2.719962583607274
6,d834_860rc,2,M2,27.584565150722696,13.905827760604122,29.09962519549022,14.669598643695833
6,d860_836sa,1,M1,7.5391800839020355,3.8065940154682654,7.539179711110512,3.8065945143388755
6,d860_836sb,1,M1,2.4834644211851957,1.5333295504300406,2.483464130610787,1.533329782280081
6,d860_836sc,1,M1,10.554019561989255,5.551328454015586,10.55401901955209,5.5513298237490964
6,d858_834ra,1,M1,0.9756610911124903,0.5286612657736568,0.975661039648962,0.5286613293587943
6,d858_834rb,1,M1,3.7254019818504536,2.0092191400677284,3.7254015809876124,2.009219496087224
6,d858_834rc,1,M1,3.2816506303913084,1.7974680180499651,3.2816504502592645,1.7974684402258287
6,d834_860sa,2,M2,3.9911157832977766,2.0090324494686937,4.234142568527358,2.1313667186791747
6,d834_860sb,2,M2,5.056125094799902,2.537481506149549,5.415685449482949,2.7179323083037654
6,d834_860sc,2,M2,27.58490958120329,13.904867018790634,29.083351792712484,14.660198931577733
6,d818_820ra,2,M2,8.514295590359147,4.282603826822764,8.686620648785096,4.369282886089327
6,d820_822sa,1,M1,33.88200421936269,17.711807273082556,33.88199588714415,17.711808120729145
6,s848,1,M1,30.068944524671984,24.321344690045894,31.982024930416575,25.868750331026046
6,d846_848rb,1,M1,5.764806847329665,2.802116365503462,5.764806617195014,2.8021157235906085
6,d820_822ra,1,M1,33.88156416620308,17.712251572140694,33.8815555315962,17.712252265071648
6,d860_836ra,1,M1,7.539072410847176,3.8065298023999996,7.539072036060072,3.8065303010951395
6,d860_836rb,1,M1,2.483242271243616,1.5332997331066427,2.4832419802385144,1.5332999644755756
6,d860_836rc,1,M1,10.554798638743002,5.551449270042495,10.55479809264647,5.551450638060234
6,d836_840sa,5,M5,4.523161759047109,2.273318383832869,4.659591229128519,2.341887574709202
6,d836_840sb,5,M5,5.499256217500807,2.802265297159137,5.692319958822146,2.900645973853189
6,s830a,2,M2,5.0555437050386995,2.5378020938142263,5.7073553672917114,2.865001588882971
6,s830b,2,M2,5.055918634006167,2.538042448539531,5.7615078136377305,2.892244857032274
6,s830c,2,M2,12.507378557565923,5.075534115509151,14.065764683665636,5.707933770185391
6,d828_830ra,1,M1,1.773887629174721,0.740138313466491,1.7738873070954626,0.7401384976196921
6,s840,5,M5,13.570506865350675,10.626754717382067,14.87772510675336,11.650410063150288
6,d836_840ra,5,M5,4.523670390048242,2.2732963438224987,4.660046990890033,2.341830591741898
6,d836_840rb,5,M5,5.498643910337001,2.802014631059113,5.691596494064182,2.9003408176658443
6,d844_846rb,1,M1,6.297192828445701,3.0133951643204053,6.2971925737903724,3.013394466980006
6,d844_846rc,1,M1,5.056325121445325,2.8018491903394103,5.056325301896828,2.8018505244307694
6,d846_848sb,1,M1,5.764707441581244,2.8019694297759323,5.764707211685391,2.801968788103858
6,d802_806sb,1,M1,7.538687919913034,3.8064532294584574,7.5386879209823014,3.8064532168802514
6,d802_806sc,1,M1,6.296954797724269,3.5424564694976777,6.296954794442397,3.5424564973910146
6,d802_806rb,1,M1,7.538608138667185,3.8059390674176448,7.538608140513143,3.805939046419373
6,d802_806rc,1,M1,6.2969919546981865,3.5421804688877354,6.296991949310382,3.5421805154825114
6,d832_858ra,2,M2,1.7738102972494025,0.7402022057329039,0.6134519653561604,0.2559905930813975
6,d832_858rb,2,M2,0.5322142316514797,0.2643346808311208,0.18952441642069573,0.09413101727514638
6,d832_858rc,2,M2,1.507902687558829,0.7401876973479466,0.5411917813765741,0.26565619175362654
6,d858_864sb,1,M1,0.532226920703299,0.2643553010358073,0.5322268088663836,0.264355376433761
6,d858_834sa,1,M1,0.9756285115941984,0.5287432444328234,0.9756284582143437,0.5287433068680493
6,d858_834sb,1,M1,3.7252472032173514,2.0090068881981127,3.7252468036683357,2.0090072309209375
6,d858_834sc,1,M1,3.2815976340905846,1.7974622638547768,3.2815974445399316,1.797462671482906
6,d816_824rb,5,M5,1.241679278002214,0.528668146583223,0.4532454619605546,0.1929776904038842
6,d824_826sb,5,M5,10.022155173619261,5.0755227712623014,10.393033798637157,5.263346167567643
6,d824_828sc,1,M1,0.9756972480784948,0.5286984030149581,0.9756972376257681,0.528698588333403
6,d824_826rb,5,M5,10.022414962851066,5.07517137284994,10.392323298260733,5.262485559900505
6,d818_820sa,2,M2,8.514567139942283,4.282097041151035,8.88628709686965,4.469041634464573
6,d862_838rb,1,M1,7.006606736962627,3.5422526225197064,7.0066064696140655,3.5422518297229777
6,d862_838sb,1,M1,7.006916623534273,3.542527108445333,7.006916356211625,3.5425263156603326
6,d808_810rb,4,M4,3.9914734047603844,2.009088670219453,4.173466112084448,2.196475612471395
6,d808_810sb,4,M4,3.99122097436586,2.009149831504106,4.173489805629445,2.1968452774779537
6,d832_858sa,2,M2,1.7738116534064299,0.7401597642101649,0.6128190411970863,0.2557116154988611
6,d832_858sb,2,M2,0.5322049455859031,0.2643349858578636,0.18937252715106354,0.09405732852779591
6,d832_858sc,2,M2,1.507864070649556,0.7402340203619777,0.540542581609446,0.2653609175550355
6,d824_828rc,1,M1,0.9756420409353412,0.5287171870795077,0.9756420310150259,0.5287173732500542
6,d828_830sa,1,M1,1.7737970692885983,0.7402084385819374,1.7737967591049832,0.7402085828020085
6,d842_844sa,1,M1,2.217311240970468,1.2689610915953202,2.217310741351414,1.2689614013800141
6,d816_824sb,5,M5,1.241783172607316,0.5287130258937314,0.4543690570842957,0.19345631869605465
6,d854_856sb,1,M1,0.9756416866643469,0.5287079098578374,0.9756416764787419,0.5287078248287872
6,d854_856rb,1,M1,0.9756633110001928,0.5287099618782547,0.975663300810853,0.5287098768435885
6,d858_864rb,1,M1,0.532183759310922,0.2643179571792753,0.5321836474776223,0.2643180325683131
7,s890,5,M5,209.55726877954964,102.35476049982123,198.92224907816973,97.16026138052798
7,s844,2,M2,188.51002977639433,143.25700095467786,196.55504054702772,149.37074222275285
7,d842_844ra,1,M1,2.0592134949191205,1.140385850395524,2.059213884717,1.140385758968075
7,d844_846sb,1,M1,5.848203146944849,2.708381361664195,5.848203089959697,2.708381501421521
7,d844_846sc,1,M1,4.695891058423925,2.518117519190578,4.695891537472731,2.518117517752
7,s860,1,M1,27.924894144486505,21.853402467944335,26.79089671044503,20.965959285516007
7,d834_860ra,2,M2,3.7078803224237324,1.8054861577051409,4.024171768690727,1.959498228511784
7,d834_860rb,2,M2,4.694107908941738,2.281425803436259,5.145254774126458,2.5006918489922074
7,d834_860rc,2,M2,25.620061334722784,12.495951408865908,27.697320361467895,13.509113313228424
7,d860_836sa,1,M1,7.002772233931442,3.4190584616765527,7.002772672930752,3.4190579707100035
7,d860_836sb,1,M1,2.307004835106927,1.3777676034654038,2.3070049550397442,1.3777677148439238
7,d860_836sc,1,M1,9.802611009910457,4.98671101288962,9.80261254702326,4.986710983884146
7,d858_834ra,1,M1,0.9057713481872016,0.4750894483433024,0.9057714079203668,0.47508938654814015
7,d858_834rb,1,M1,3.4578545695515257,1.8049194217471805,3.4578547515804567,1.8049195730864076
7,d858_834rc,1,M1,3.047215643382249,1.615013445694585,3.047216122574293,1.6150134478326608
7,d834_860sa,2,M2,3.706876364670866,1.8055333104409974,4.020632466732921,1.9583562133566101
7,d834_860sb,2,M2,4.697048031492282,2.281555824566826,5.14541642901763,2.499347489553604
7,d834_860sc,2,M2,25.613422936828886,12.493491706809913,27.673492912370975,13.498332434466588
7,d818_820ra,2,M2,7.9067071637529605,3.8483802281563606,8.203778292406719,3.9929711701961947
7,d820_822sa,1,M1,31.46684599620757,15.914556962234515,31.466851982097307,15.914557812378002
7,s848,1,M1,27.929630283127583,21.85049952706567,26.791066854121276,20.959752584371298
7,d846_848rb,1,M1,5.354277382230938,2.518259842621784,5.35427733050765,2.5182599719710894
7,d820_822ra,1,M1,31.471716614048628,15.910287653259129,31.471722796429727,15.910288615739331
7,d860_836ra,1,M1,7.0036860306553725,3.419274211912179,7.003686470645091,3.4192737214150344
7,d860_836rb,1,M1,2.3059183983253284,1.377722697452378,2.305918518464383,1.3777228089598639
7,d860_836rc,1,M1,9.802646963803213,4.9871432314541995,9.802648501910843,4.987143203307249
7,d836_840sa,5,M5,4.201397829247172,2.0432060134490215,4.3764192978919505,2.1283212733804953
7,d836_840sb,5,M5,5.108097821736042,2.517298212724407,5.347322966743717,2.6351897414304113
7,s830a,2,M2,4.695565590530866,2.278564868720694,4.859591505124547,2.358159497562293
7,s830b,2,M2,4.691769830673365,2.2813957337072095,4.901209356115707,2.383236790586614
7,s830c,2,M2,11.615361629017983,4.559881851766873,11.995638368262194,4.709167836730872
7,d828_830ra,1,M1,1.647404257495637,0.6654316536799414,1.6474045118637366,0.6654316029428162
7,s840,5,M5,12.604205764196667,9.545876724089752,12.607494566902227,9.548366628232833
7,d836_840ra,5,M5,4.201252006177582,2.0421057383104064,4.376212472913288,2.127148464667188
7,d836_840rb,5,M5,5.107714268850948,2.517992254608836,5.346848746381332,2.6358804452051157
7,d844_846rb,1,M1,5.848493063952525,2.7070944787271953,5.848493008378184,2.707094619830726
7,d844_846rc,1,M1,4.6924899770778215,2.5176088383892044,4.695859978634223,2.519416649092004
7,d846_848sb,1,M1,5.353284748516399,2.5173401290125925,5.35328469672064,2.517340258222607
7,d802_806sb,1,M1,6.999297112147276,3.4216241435922976,6.999297109043939,3.421624145285483
7,d802_806sc,1,M1,5.8485834423747844,3.1826642078449603,5.8485834518662,3.1826642081928833
7,d802_806rb,1,M1,6.9988546416143995,3.419365465150053,6.998854636406479,3.419365467971918
7,d802_806rc,1,M1,5.849629262719622,3.1831351969880415,5.849629278563402,3.1831351975123896
7,d832_858ra,2,M2,1.6470198016696629,0.6649212783671813,0.5838737168342674,0.2357166164708393
7,d832_858rb,2,M2,0.49436490709369213,0.23755584832098472,0.17984140776758187,0.08641871638258958
7,d832_858rc,2,M2,1.4006902875161555,0.6649967884453816,0.5136626821248285,0.24386832712859832
7,d858_864sb,1,M1,0.4939344309208057,0.23745102223021336,0.49393451968853425,0.23745099786763724
7,d858_834sa,1,M1,0.905880037313324,0.47488440086292527,0.9058800977377733,0.4748843413174884
7,d858_834sb,1,M1,3.460344560458101,1.8061939224346206,3.4603447393391553,1.8061940726242405
7,d858_834sc,1,M1,3.0476066549001297,1.6144871959568161,3.0476071261350173,1.614487205754137
7,d816_824rb,5,M5,1.1536947883188882,0.47500320829673526,0.42675819355309874,0.17570636739567408
7,d824_826sb,5,M5,9.30522303739541,4.559010237845312,9.711050647275888,4.757842014130003
7,d824_828sc,1,M1,0.9062147683422072,0.475187745081321,0.9062148318812302,0.47518774576954415
7,d824_826rb,5,M5,9.306337568899998,4.559229753053135,9.711375566797546,4.7576604541154905
7,d818_820sa,2,M2,7.906866248887968,3.847560740003409,8.37430750385101,4.075021763711857
7,d862_838rb,1,M1,6.508487162680006,3.180296174786493,6.508487094036329,3.1802963321840485
7,d862_838sb,1,M1,6.506130204102325,3.1827619680934705,6.506130134808497,3.182762125019327
7,d808_810rb,4,M4,3.70841157921363,1.8054961356088164,3.8851896416155967,1.9817330811400768
7,d808_810sb,4,M4,3.7075316411979413,1.8048554698310966,3.8845131645562323,1.9812802090311616
7,d832_858sa,2,M2,1.647658957655483,0.6651105782946577,0.5832604175190492,0.23544469104243165
7,d832_858sb,2,M2,0.4942660875411801,0.23748311867441327,0.17958736363998648,0.08628746888732348
7,d832_858sc,2,M2,1.4012646276519922,0.6652579227663576,0.5130590281797763,0.24357750909671302
7,d824_828rc,1,M1,0.9062735310778506,0.47493114443776424,0.9062735949814846,0.47493114508804324
7,d828_830sa,1,M1,1.647902119747394,0.6649686267369337,1.6479023600760965,0.6649685978646427
7,d842_844sa,1,M1,2.0590939433371664,1.1396860487636986,2.0590943333108496,1.1396859571465943
7,d816_824sb,5,M5,1.1534820906233612,0.4748943895750031,0.4270234186941846,0.17580770086987071
7,d854_856sb,1,M1,0.9063081475591666,0.47472706082753946,0.9063081340329484,0.4747270750388542
7,d854_856rb,1,M1,0.9056175796712822,0.47481892903358025,0.9056175662016028,0.47481894325868174
7,d858_864rb,1,M1,0.49406852703964277,0.2375074093393832,0.49406861583480455,0.23750738497180765
8,s890,5,M5,259.88213625782515,129.5641316935573,264.19730346683724,131.71900106987624
8,s844,2,M2,233.79941478816954,181.42418496382643,263.46517578020377,204.44702823933767
8,d842_844ra,1,M1,2.553435225052648,1.4430528204123951,2.553430668295701,1.4430757804043257
8,d844_846sb,1,M1,7.251554077545377,3.426791053321264,7.251541635953792,3.426837387563067
8,d844_846sc,1,M1,5.823617917685166,3.1864106298201254,5.823595790841424,3.18644441425754
8,s860,1,M1,34.629449325991516,27.655564629914576,40.22822998466948,32.127257218851945
8,d834_860ra,2,M2,4.595991700573497,2.284856959701969,4.449724921229501,2.212176628844068
8,d834_860rb,2,M2,5.822650393258013,2.8859133279170606,5.725218555723333,2.8376619098717155
8,d834_860rc,2,M2,31.77039711366359,15.808634195487524,30.420208453731707,15.137084524367005
8,d860_836sa,1,M1,8.68221331983415,4.328892531762837,8.68220582343581,4.328956999442139
8,d860_836sb,1,M1,2.8597385543844087,1.7435976891146827,2.85972968464508,1.743613886144136
8,d860_836sc,1,M1,12.151489702067668,6.313312570263522,12.151448149704443,6.313409223151294
8,d858_834ra,1,M1,1.1237614433058132,0.6012544801309622,1.1237601943795454,0.6012628882217548
8,d858_834rb,1,M1,4.289990388215747,2.2841993157656684,4.289978843071511,2.2842234435304407
8,d858_834rc,1,M1,3.7799570239694424,2.044230379936497,3.7799434401143674,2.044260391693079
8,d834_860sa,2,M2,4.59641431582543,2.284620435623439,4.452334695503024,2.213041380146134
8,d834_860sb,2,M2,5.822000546495749,2.885804527689078,5.727315840626932,2.838911167457932
8,d834_860sc,2,M2,31.77144541926554,15.812960644020997,30.438311214262306,15.1497370585695
8,d818_820ra,2,M2,9.804802785642433,4.870038150023743,9.558074577513471,4.7475497905556505
8,d820_822sa,1,M1,39.020986505662925,20.140115046316925,39.02102274192606,20.140388189172317
8,s848,1,M1,34.62285784795297,27.657858335469772,40.2205717157268,32.12992237608803
8,d846_848rb,1,M1,6.6406639027407985,3.186600913581955,6.640652438175508,3.186643651809029
8,d820_822ra,1,M1,39.01532615097442,20.142967938683565,39.015369955643564,20.143249563536376
8,d860_836ra,1,M1,8.681831712861914,4.328965582655173,8.681824303448357,4.329030203034988
8,d860_836rb,1,M1,2.859352684883786,1.74354490878563,2.8593438525758934,1.7435611455188558
8,d860_836rc,1,M1,12.157843179888541,6.312656374862574,12.157801726981383,6.3127532276354
8,d836_840sa,5,M5,5.20958278640767,2.585011300418268,5.125169954110734,2.5431656393459847
8,d836_840sb,5,M5,6.333868305107687,3.1858230382192043,6.279634285770375,3.158587665011074
8,s830a,2,M2,5.823383650683494,2.8858226190309915,6.781955735809714,3.3608880513622164
8,s830b,2,M2,5.822370162041315,2.885535799413518,6.88330796665833,3.411364255105335
8,s830c,2,M2,14.402111568002839,5.771167520341743,16.66078983418122,6.67636678366595
8,d828_830ra,1,M1,2.042748562137925,0.8417474636043079,2.042748075318283,0.8417609600357728
8,s840,5,M5,15.628623701164068,12.085030582242549,17.874533277362257,13.821893929149708
8,d836_840ra,5,M5,5.209670287785763,2.5851567305054233,5.1251610507516965,2.543261586730642
8,d836_840rb,5,M5,6.333671827028976,3.186421549781977,6.279314709362645,3.1591182850778576
8,d844_846rb,1,M1,7.251174609483421,3.4269112556437076,7.251162384614301,3.4269578430434717
8,d844_846rc,1,M1,5.8234507236174995,3.1865948997728593,5.823428658731151,3.186628783427004
8,d846_848sb,1,M1,6.640532641287994,3.186571223412094,6.640521161085664,3.186613940817745
8,d802_806sb,1,M1,8.681676192358216,4.327652610141565,8.681675910680609,4.327653261139294
8,d802_806sc,1,M1,7.252683884646166,4.0284636223071395,7.252683574894103,4.028464079639344
8,d802_806rb,1,M1,8.682362802307793,4.32887820819995,8.682362333109458,4.328879293067471
8,d802_806rc,1,M1,7.251437357932298,4.027707480594524,7.251436843252618,4.02770824306886
8,d832_858ra,2,M2,2.0430775298548105,0.8417547373420785,0.6411861141506693,0.26417636426502034
8,d832_858rb,2,M2,0.6129517725184959,0.3005673017603531,0.2018388319301131,0.09897520808186011
8,d832_858rc,2,M2,1.7362740982195104,0.8416972535219399,0.5722809840079613,0.27743000363868575
8,d858_864sb,1,M1,0.6127862701556942,0.3006527428917831,0.6127855273289763,0.30065800719583674
8,d858_834sa,1,M1,1.1235131148548718,0.6012448250840587,1.1235118509852626,0.6012529955275873
8,d858_834sb,1,M1,4.290212598858376,2.284878144590385,4.290201058168948,2.284901543403317
8,d858_834sc,1,M1,3.7788097222507213,2.044028424840484,3.7787962572239775,2.044057657454707
8,d816_824rb,5,M5,1.4299344803555412,0.6011404203963612,0.5035673154430823,0.21170028000417473
8,d824_826sb,5,M5,11.540459152569666,5.771650450102736,11.76400390383788,5.88350002547489
8,d824_828sc,1,M1,1.1237217756257223,0.6013054349937571,1.1237194827265078,0.6013087858250056
8,d824_826rb,5,M5,11.54230733208255,5.771359954960354,11.764589633684434,5.882554816380573
8,d818_820sa,2,M2,9.805147920145982,4.8707361658795465,9.822695894929417,4.879507591275747
8,d862_838rb,1,M1,8.069958220399633,4.028372498330862,8.069943541830781,4.028424521553082
8,d862_838sb,1,M1,8.06933127707544,4.027994357030157,8.069316523017559,4.028046273913857
8,d808_810rb,4,M4,4.596566832780198,2.2845009121263105,4.782685572542469,2.4732564788916567
8,d808_810sb,4,M4,4.5962245025293,2.284533598358295,4.782712154393536,2.47368778914849
8,d832_858sa,2,M2,2.0428490100129957,0.8417389018746763,0.6426280746365549,0.26479501156333796
8,d832_858sb,2,M2,0.6130177872220023,0.30060024948192227,0.20232152408399592,0.09921206350498966
8,d832_858sc,2,M2,1.7363351396334314,0.8418336887918283,0.5734687115161932,0.278040977679279
8,d824_828rc,1,M1,1.1236429390513638,0.6011762590206768,1.1236406220390855,0.6011796490023603
8,d828_830sa,1,M1,2.0431366171916934,0.8416628290832938,2.0431365747421415,0.841674452914315
8,d842_844sa,1,M1,2.5535034830986367,1.4429213132307805,2.55349896154207,1.4429442134817507
8,d816_824sb,5,M5,1.4298121950859295,0.6012629114962242,0.5085612150843005,0.2138613356554367
8,d854_856sb,1,M1,1.1236992609178458,0.601236239724132,1.123697234921478,0.6012412148036612
8,d854_856rb,1,M1,1.12378603245209,0.6012524314952429,1.1237840177918041,0.6012574175713798
8,d858_864rb,1,M1,0.6128387853770203,0.3005825780691558,0.6128380434134381,0.3005878428508629
9,s890,5,M5,262.4804676294872,128.6160257363825,294.9778400631149,144.53818544857413
9,s844,2,M2,236.2508923576054,180.0618326485997,298.74712860070997,227.69386399309542
9,d842_844ra,1,M1,2.5782512553816326,1.4321350299577695,2.5782436722076256,1.432126492057679
9,d844_846sb,1,M1,7.322004065454493,3.401474580726534,7.321996410268309,3.401462688004969
9,d844_846sc,1,M1,5.879506794293024,3.1618302474723827,5.879500761040499,3.161827932776227
9,s860,1,M1,34.95760148332504,27.45829674693564,43.76480880457485,34.376086237396564
9,d834_860ra,2,M2,4.639706064476185,2.266571981493482,4.68597496771832,2.2891725889409975
9,d834_860rb,2,M2,5.8793377048484645,2.8638088383453293,6.001077470452044,2.9231064663035555
9,d834_860rc,2,M2,32.07311670647092,15.68974079944048,32.086986543387496,15.696474248781865
9,d860_836sa,1,M1,8.768732965629315,4.296057628305608,8.768711504260692,4.296042420271726
9,d860_836sb,1,M1,2.8882942274474406,1.7306417387736954,2.888290130898288,1.730638507541093
9,d860_836sc,1,M1,12.275244084722935,6.2659401759653015,12.275229029397982,6.2659124550201355
9,d858_834ra,1,M1,1.1345319165483865,0.596785159824917,1.1345291879185937,0.5967830520501045
9,d858_834rb,1,M1,4.331742471620952,2.2679440160246203,4.331736384453267,2.2679395547283567
9,d858_834rc,1,M1,3.815350775699908,2.028903324100817,3.8153463076481633,2.028894445708255
9,d834_860sa,2,M2,4.640945589796677,2.267421204671851,4.686423861318706,2.2896377739963496
9,d834_860sb,2,M2,5.881052850604087,2.865363359479971,6.0018383364321695,2.9242106832842096
9,d834_860sc,2,M2,32.07419632973943,15.697997800909016,32.083787867784196,15.702639328312094
9,d818_820ra,2,M2,9.906364928012476,4.834777409930196,9.884445566448061,4.8240673476486045
9,d820_822sa,1,M1,39.408942079393455,19.986796323346926,39.40877412337336,19.986661061887492
9,s848,1,M1,34.98215171429541,27.44170877176563,43.795546511187624,34.35531622411234
9,d846_848rb,1,M1,6.70046461743965,3.16090640744681,6.700457494130318,3.160895255789757
9,d820_822ra,1,M1,39.41473455176508,19.988776861104938,39.41456063860114,19.98863525218681
9,d860_836ra,1,M1,8.764592837095604,4.295875946537908,8.764571318279902,4.295860626143898
9,d860_836rb,1,M1,2.888353476762579,1.730429742736003,2.8883493514823586,1.7304264811439736
9,d860_836rc,1,M1,12.271075730187501,6.2633432815580345,12.27106060940526,6.263315458965015
9,d836_840sa,5,M5,5.25980696151406,2.564621412284376,5.285100900233346,2.5769515735819817
9,d836_840sb,5,M5,6.395418142441548,3.1637329573251414,6.460252948021003,3.1958043019127444
9,s830a,2,M2,5.878430185799332,2.862710133195639,7.59048282661335,3.6964551282610536
9,s830b,2,M2,5.876166936084411,2.864713615033012,7.668946644920877,3.7387201939227475
9,s830c,2,M2,14.55144656194285,5.731562944788212,18.683899185619296,7.359248002715968
9,d828_830ra,1,M1,2.0625199984483733,0.8353323023432951,2.062513438421165,0.8353275531928384
9,s840,5,M5,15.782966202365829,11.992757957895021,19.85828229780539,15.089385145475752
9,d836_840ra,5,M5,5.263671286459482,2.5659539181234985,5.28888292023597,2.5782412979286558
9,d836_840rb,5,M5,6.392657500749408,3.163028055501129,6.4573321390864225,3.1950268465389082
9,d844_846rb,1,M1,7.325065958919636,3.4013829452542335,7.325058133063625,3.4013708532583946
9,d844_846rc,1,M1,5.877785995288538,3.16286414264127,5.877779914359251,3.1628617526606773
9,d846_848sb,1,M1,6.702841238726934,3.1622012144984493,6.702834124888344,3.162190074561831
9,d802_806sb,1,M1,8.771233240973288,4.295371693040426,8.771232967275715,4.295371581899483
9,d802_806sc,1,M1,7.322666706910076,3.9972695680152146,7.32266632293131,3.997269607092982
9,d802_806rb,1,M1,8.76982748452009,4.295275359012676,8.769827029427297,4.295275175910344
9,d802_806rc,1,M1,7.323926150899116,3.997492670121398,7.323925510123596,3.9974927373389986
9,d832_858ra,2,M2,2.063066272662172,0.8351663291639562,0.6765791151491155,0.2738903900512537
9,d832_858rb,2,M2,0.6187977638973235,0.29824019691210596,0.21063188021182708,0.1015174154874803
9,d832_858rc,2,M2,1.7533081589514141,0.835310285214142,0.6010458155373494,0.2863500881171577
9,d858_864sb,1,M1,0.6188665979981611,0.29842083372128514,0.618864744427143,0.2984189680814873
9,d858_834sa,1,M1,1.134702061727822,0.5967066998470268,1.1346993775297824,0.5967046229373
9,d858_834sb,1,M1,4.333058149506187,2.2659937188784953,4.333052226153608,2.265989304141984
9,d858_834sc,1,M1,3.814554866158267,2.0293365104670333,3.8145504917522506,2.029327708438722
9,d816_824rb,5,M5,1.4441451658532058,0.596377013070356,0.5179660954744907,0.21390025602371487
9,d824_826sb,5,M5,11.65240257882375,5.727761202040404,11.982479527894288,5.8900102831652745
9,d824_828sc,1,M1,1.134547964809945,0.5966910529536626,1.134545752797811,0.5966912350304214
9,d824_826rb,5,M5,11.650919797871316,5.72707445731629,11.97963671633771,5.888656153596515
9,d818_820sa,2,M2,9.901557665378611,4.833222193111669,10.148723648773055,4.953864440000411
9,d862_838rb,1,M1,8.148978948247693,3.9958360512132183,8.148970200119596,3.9958226700328767
9,d862_838sb,1,M1,8.154015852943289,3.9950207398448727,8.154007156121638,3.995007430262856
9,d808_810rb,4,M4,4.642953679027269,2.267511717320405,4.844247499485585,2.4683896045824203
9,d808_810sb,4,M4,4.639833225574877,2.26637294395988,4.841380900738468,2.467546614691927
9,d832_858sa,2,M2,2.063057133424003,0.8352325225980887,0.6771086962536733,0.27412770284384563
9,d832_858sb,2,M2,0.6188399508409428,0.29844786131786477,0.21084280217105372,0.10168290187880022
9,d832_858sc,2,M2,1.7529491371679247,0.8349972380473498,0.6012661125075707,0.2864063358663693
9,d824_828rc,1,M1,1.1343106074600873,0.5963528791726256,1.1343084113396718,0.5963530527613539
9,d828_830sa,1,M1,2.0624612843410106,0.8355604015475834,2.0624545533840277,0.8355562020389984
9,d842_844sa,1,M1,2.5796517338744507,1.4320180289475684,2.579644116093992,1.4320095393417847
9,d816_824sb,5,M5,1.44400968842381,0.596769120964661,0.5217578464833456,0.21562809777673378
9,d854_856sb,1,M1,1.134697224949904,0.5964334703134169,1.1346959742937075,0.5964322760496334
9,d854_856rb,1,M1,1.1353016494506207,0.5965243783450613,1.1353003891989037,0.5965231757826233
9,d858_864rb,1,M1,0.6191548532503987,0.29826822704897354,0.6191529982794691,0.29826636140977664
