sample_id,node,p_nominal_kw,q_nominal_kvar,p_realized_kw,q_realized_kvar
0,834.3,14.975683243129527,7.3250325609661795,15.503431109656349,7.579555874284718
0,858.1,3.350617555616417,1.5690286449348896,2.46916625338081,1.2165911397026146
0,860.1,26.332507403255015,15.008740008336,25.060649289153616,13.881892133222014
0,830.1,7.973178727509141,3.289766342403068,6.6932383974156995,2.758674107289157
0,890.2,56.82492003846893,27.474391927551483,43.22604362187012,20.899267006411314
0,836.3,7.00026222271193,3.575978072829482,7.057616160863418,3.603985294442076
0,844.2,55.885023774553346,40.66329830603169,45.90559908961048,33.151359805579695
0,848.1,7.571498042347857,5.8654330438739315,5.815674780857894,4.505247362796977
0,818.1,6.429608795429953,3.0982070575292355,6.704437739703498,3.230633038098742
0,838.2,5.289773923426636,2.5622631149331077,5.2896583939498525,2.5621980596103318
0,834.2,5.192466166925762,2.563200007545557,5.369044137946376,2.6482056827668936
0,858.3,3.7862272723308013,1.9129589762899968,3.0491092657456136,1.566370302876149
0,860.3,24.826304610718687,14.378147562746445,23.594105341875153,13.270251517836883
0,806.2,5.697446433514857,2.755614916226741,5.697442933902381,2.755612932048911
0,830.3,6.634027491143743,2.7544634021752272,5.368162243863461,2.2301189553910965
0,856.2,0.7369093848534833,0.38254090137188385,0.7368963133879421,0.38253294375374775
0,848.3,7.571498042347857,5.8654330438739315,5.815674780857894,4.505247362796977
0,810.2,3.0153037042239212,1.4533369733339334,3.1502500454467617,1.5863393808747872
0,860.2,14.77515049526884,9.443364340823809,13.194868847414071,8.1673650885629
0,816.2,0.9378205116670036,0.38268549168442223,0.34133032009471176,0.13928220032255706
0,890.3,56.82492003846893,27.474391927551483,43.22604362187012,20.899267006411314
0,826.2,7.574623731494188,3.6717777343345186,7.832681928257353,3.796858796616929
0,802.3,4.758416255867206,2.562089134660217,4.758414181270092,2.5620881958279402
0,822.1,25.586243227800846,12.8133650142534,25.58555799526713,12.813003398418168
0,848.2,11.926963292734904,7.894233859328672,10.171044895506391,6.5339964756068305
0,846.2,9.111960580508352,4.2079160100966355,9.111761557288755,4.20780869595466
0,832.1,1.3404200861251265,0.5355297942486543,0.4588725640093717,0.1833310033550333
0,864.1,0.4020981421531506,0.1911379243233773,0.40208726191809185,0.19113323059660525
0,820.1,32.031919668691174,15.911898609353623,32.19494390608301,15.990470102462616
0,824.2,8.508509849108764,4.055239876548285,8.169200015359783,3.9369094742988353
0,806.3,4.757447607953289,2.563907166594111,4.75744414665258,2.5639056080588607
0,854.2,0.7371403003920132,0.3824695840700776,0.7371272479381669,0.3824616386690788
0,840.1,5.125575415643958,3.384159515547354,4.432050361805952,2.8540737448972475
0,802.2,5.692901438028586,2.753789727980108,5.692899340433684,2.7537885333356176
0,828.3,0.7373366684332724,0.3824244277307567,0.7373231455553523,0.38241841125528775
0,832.3,1.1388502035608434,0.5356265915798305,0.4019256326303212,0.1890351504311473
0,808.2,3.0148547072674496,1.4543195009949998,3.1499405376091154,1.5875726842426507
0,890.1,56.82492003846893,27.474391927551483,43.22604362187012,20.899267006411314
0,836.2,7.570101479900668,3.768047595443824,7.665431711907054,3.8143512282273395
0,844.1,52.79998412453936,39.40147572617304,42.820617072520946,31.88956983522744
0,840.3,5.49553479502487,3.5756863150569056,4.82159549404955,3.0553989377731248
0,834.1,13.534964666744923,6.598372431721734,14.023063519135341,6.833934682262049
0,858.2,2.178074425010992,1.1094032892620127,1.9176445952061978,0.9854824648068223
0,846.3,3.817834659526485,2.028034036799035,3.8177493755601897,2.027994521947879
0,832.2,0.40188013797985483,0.1912349446420495,0.1416629882111924,0.06741019465356644
0,830.2,3.8200417228750183,1.8359748048598918,3.1041565392959454,1.491910399739739
0,842.1,1.674095232034153,0.918334059014123,1.6740493430241288,0.9183112219805086
0,824.3,0.7371010118111444,0.38250284917964134,0.7370875319945617,0.3824968479507556
0,836.1,8.54269716344864,4.207423099928055,8.580481490705521,4.225619199105359
0,844.3,54.943871915256054,40.510463814699186,44.9644656140541,32.998541309989136
0,862.2,5.290682986535751,2.5615947727065898,5.290567604979322,2.561529847354778
0,840.2,7.204081674615745,4.398220746416552,6.568086835691846,3.8962031145354397
0,828.1,1.3399370355528362,0.5356492008728443,1.3399067763272596,0.5356366519554959
1,834.3,24.394578109268622,12.362698808520575,24.1532321695827,12.241870004043047
1,858.1,5.457125831705703,2.6471174919979017,3.9784843375621666,2.0347350281427232
1,860.1,42.89414355010531,25.32966255023174,45.736153680891206,27.692909678564366
1,830.1,12.986965164133583,5.553028719174829,15.925965754602574,6.819440138932139
1,890.2,92.5417413800449,46.35826050858449,101.42610188324088,50.80801974781184
1,836.3,11.40402272198132,6.0368913810049385,11.414051847293601,6.041935604610229
1,844.2,90.99531161800616,68.6012775412721,111.50416843616065,84.59511573527024
1,848.1,12.335317548001665,9.901775084005688,15.44834613713134,12.400614301534773
1,818.1,10.473791207617886,5.231651575780448,10.62747940014808,5.308402380412392
1,838.2,8.620803158347101,4.326763378048307,8.620798014648326,4.3267418042543
1,834.2,8.458438222272273,4.32553181471657,8.466282566376655,4.329407490331796
1,858.3,6.1663721668819695,3.2279138045463376,4.93869766182323,2.6298089551564736
1,860.3,40.43780092396659,24.264428377126997,43.31040339711164,26.642936335804702
1,806.2,9.27684383736196,4.64854918205178,9.276843447343163,4.648548845928932
1,830.3,10.803419650588873,4.648291376929476,13.786609467219332,5.93661501786631
1,856.2,1.2003245221246395,0.6456317280931186,1.2003236334566258,0.6456297640105764
1,848.3,12.335317548001665,9.901775084005688,15.44834613713134,12.400614301534773
1,810.2,4.909916438054987,2.453857738520862,5.116330218825166,2.664516144532135
1,860.2,24.064606167156853,15.936544138704493,27.18535934522857,18.439235095200026
1,816.2,1.5282134201599151,0.6455867635590331,0.5481027172247427,0.2315433027643256
1,890.3,92.5417413800449,46.35826050858449,101.42610188324088,50.80801974781184
1,826.2,12.33296092113556,6.199303921415542,12.629799028054405,6.348504850138892
1,802.3,7.7475684286385516,4.3253217118266285,7.747568049840594,4.325321684750978
1,822.1,41.690862669299165,21.63118805454184,41.690672475132494,21.630984017347185
1,848.2,19.426912832555207,13.322994913651291,22.539937172080517,15.821816191753147
1,846.2,14.841311955022555,7.102171519737075,14.841302985617016,7.102134104114718
1,832.1,2.182875783422823,0.9039010926285389,0.7050319149917956,0.29194266561976345
1,864.1,0.6546873164639768,0.32283242453230526,0.6546854484961562,0.3228294472003342
1,820.1,52.16337126503476,26.857443456850117,52.01389645221756,26.782698083507384
1,824.2,13.862027467165277,6.844729075790875,13.175836534018368,6.578871369526898
1,806.3,7.7502705670394025,4.325856312419039,7.750269934308889,4.325856269456374
1,854.2,1.200520749997415,0.6457940958036777,1.2005198716290044,0.6457921415433339
1,840.1,8.346630514943111,5.715035015809681,9.727379783917254,6.790506572393776
1,802.2,9.275899474652373,4.649575208976244,9.275899240125028,4.649575005871868
1,828.3,1.2005204009629677,0.6456463536366727,1.2005183088310516,0.6456460288020429
1,832.3,1.8551425917007076,0.9040379322527828,0.6281422076033337,0.30610232152338945
1,808.2,4.9116082882192895,2.45440469453642,5.11853209688399,2.6655671811081985
1,890.1,92.5417413800449,46.35826050858449,101.42610188324088,50.80801974781184
1,836.2,12.330833069263342,6.360032226008501,12.334110067548197,6.3617174577354705
1,844.1,85.97455511260824,66.47038443061716,106.48340909687577,82.4642284329884
1,840.3,8.948857219400194,6.037766453596592,10.34636832932933,7.121667541220776
1,834.1,22.047124796173417,11.136315034231252,21.775261915538714,11.000270608016292
1,858.2,3.546689524999451,1.8720270572392663,3.1117025086816525,1.6576019729868228
1,846.3,6.220697378758764,3.4224475473525566,6.2206943967887085,3.422440019702296
1,832.2,0.6550230349287679,0.32285268160295566,0.2202237830023354,0.10854509098937634
1,830.2,6.220277920797452,3.099698160896609,7.9940242055089925,3.983586085626623
1,842.1,2.728756819061682,1.5491941103586475,2.728749405741445,1.5491807454558681
1,824.3,1.2005959296940913,0.6455813412577871,1.2005938156822502,0.6455810316622971
1,836.1,13.912129733976741,7.102153463755569,13.905369167087951,7.098748318907213
1,844.3,89.46865499381454,68.34159547912162,109.97751342430497,84.33544548293642
1,862.2,8.617546237427492,4.324758598062035,8.617541164247225,4.324737128854545
1,840.2,11.730482710255876,7.425738068222586,13.121193500981493,8.506241261233768
1,828.1,2.1819779027503774,0.9037001006575479,2.1819706189366577,0.9036934495794672
2,834.3,15.467428448560236,7.608382668907771,15.95032547031251,7.842592233132978
2,858.1,3.460298586173704,1.6290188510940262,2.5473120086032717,1.262141268698049
2,860.1,27.199971175476104,15.590605417734796,25.919897989676556,14.463876557810075
2,830.1,8.236517433567741,3.417858238305439,6.981370131567372,2.894060455554496
2,890.2,58.688123000700735,28.535593107470227,45.16173322124352,21.958525878750542
2,836.3,7.231712150611557,3.715358496689161,7.286389606734675,3.742175328287793
2,844.2,57.73391609612039,42.21196176337465,47.893314102934184,34.769866923951376
2,848.1,7.8202120166213795,6.090916423531882,6.1003131683413265,4.751336609035884
2,818.1,6.644348287555429,3.217998369802395,6.907206648649285,3.345298117545187
2,838.2,5.468715155934761,2.6617209117725245,5.468627953969065,2.6616673459979165
2,834.2,5.363592574530051,2.6618707104621335,5.530194474364739,2.74248346784544
2,858.3,3.909408724836058,1.9865221826588155,3.146677534192354,1.6256613850106318
2,860.3,25.64259045139933,14.934863604644635,24.401728199265627,13.826988404137182
2,806.2,5.881550119087648,2.861254544305798,5.881547482224932,2.8612529473084813
2,830.3,6.851877304631774,2.861308693012899,5.611986793676026,2.3448981191829925
2,856.2,0.7611864543535464,0.3973805482731674,0.7611766091623788,0.39737408788323314
2,848.3,7.8202120166213795,6.090916423531882,6.1003131683413265,4.751336609035884
2,810.2,3.1143046560138785,1.5098159234980428,3.252515996128721,1.6468040534546615
2,860.2,15.259161067953372,9.808071296198834,13.705049597552987,8.548103832180292
2,816.2,0.9687017912343356,0.39736468452056656,0.35183354162282765,0.14432278659890013
2,890.3,58.688123000700735,28.535593107470227,45.16173322124352,21.958525878750542
2,826.2,7.820830824209513,3.8149350232765884,8.077950846644947,3.940343364779785
2,802.3,4.913481446764413,2.66175538883454,4.913479877557986,2.661754626228126
2,822.1,26.43539796378427,13.310913840112395,26.43487588377163,13.310615098061792
2,848.2,12.320003531718987,8.196694460177655,10.600032876541114,6.857072011325933
2,846.2,9.412590347597044,4.3713398724324515,9.412440133707285,4.371251276798095
2,832.1,1.384175808406078,0.5562598854415175,0.4715054156941192,0.18948417308249982
2,864.1,0.41519564192023684,0.1986245624760149,0.4151873945008492,0.19862054829783415
2,820.1,33.07742855436637,16.52872055933516,33.22079975247979,16.59810488616572
2,824.2,8.786708735127569,4.212877257198785,8.426123585025223,4.085188992873059
2,806.3,4.912595744461764,2.662102234189362,4.912593126107484,2.662100968635703
2,854.2,0.7611232052489323,0.3973583447428663,0.7611133790352845,0.39735189399919224
2,840.1,5.293812281769526,3.5164436887476667,4.610599031887346,2.99149166565703
2,802.2,5.881588206977854,2.8617245002052623,5.881586625338229,2.8617235380901795
2,828.3,0.7613109135103175,0.39741113559892516,0.7613006886992024,0.3974062103165713
2,832.3,1.1765937051103095,0.5561533675149296,0.4136435069729082,0.19552151740259896
2,808.2,3.1136858469994793,1.5098495975624902,3.252040571958912,1.6470138348199512
2,890.1,58.688123000700735,28.535593107470227,45.16173322124352,21.958525878750542
2,836.2,7.82177818675518,3.913625749070593,7.911752799104975,3.9575390423354646
2,844.1,54.55108222918167,40.89977734481879,44.71052362078783,33.457709003221495
2,840.3,5.674118502390183,3.7151325854903083,5.0103702716828185,3.1999731240238525
2,834.1,13.979712701151179,6.853538776332817,14.423342606264463,7.06885596391233
2,858.2,2.249318914561541,1.152076883798503,1.9797317135972279,1.023165473389882
2,846.3,3.9441300873054246,2.1053305217688396,3.9440660417189477,2.1052974812139085
2,832.2,0.4151264369674189,0.1986738214370693,0.1457588167565284,0.06975788622706904
2,830.2,3.944821429227253,1.907387596940415,3.245420037294119,1.5692142482355327
2,842.1,1.7299337734639169,0.9536967016702284,1.729899075841864,0.9536774006064384
2,824.3,0.7610735782369392,0.39730698142143783,0.7610633850088458,0.39730207325535166
2,836.1,8.823599814376914,4.371280895299474,8.85875298383847,4.388293142516554
2,844.3,56.76507920690371,42.051809334672,46.9244913623293,34.60972729457829
2,862.2,5.468155782254582,2.6618255245179534,5.468068720865268,2.6617720528315147
2,840.2,7.439113274939558,4.56943664564066,6.810627820744976,4.071345586497083
2,828.1,1.3840131688617932,0.5562121836718351,1.3839901245661763,0.5562016384681416
3,834.3,14.04324037465561,7.670666271066703,14.576468769737886,7.957899673888418
3,858.1,3.142479148052831,1.6416471062937188,2.3172832792380142,1.2738610417085012
3,860.1,24.69486432649584,15.712171116302166,23.591972402028894,14.598130517619998
3,830.1,7.475051926356481,3.4431636442341236,6.334130643074131,2.9147245559264547
3,890.2,53.271864722877595,28.777687534582938,40.98838192727459,22.142057198891937
3,836.3,6.564415239687968,3.74362083287847,6.620899261640843,3.774388917191989
3,844.2,52.38440668113464,42.51270239047022,43.512082003703306,35.06467517386467
3,848.1,7.100144766554941,6.140717534645209,5.504779744058315,4.760933211311109
3,818.1,6.03330254564966,3.244886779793106,6.307312486641522,3.3922571835582156
3,838.2,4.961044397189457,2.682702795208348,4.961008709671376,2.682681654449696
3,834.2,4.86895915895043,2.683327338790615,5.0445529335245425,2.777704155219197
3,858.3,3.550428731947979,2.002276414850265,2.8601523058927683,1.639902381305466
3,860.3,23.27898236870404,15.050552340817307,22.21283826180612,13.956159127525515
3,806.2,5.338851400874969,2.8834200613756606,5.338850329016459,2.8834194063060576
3,830.3,6.218548615137836,2.8819488902805754,5.090018841539349,2.360203408056523
3,856.2,0.6911074714688317,0.40031410892733615,0.6911034466274464,0.400311500026438
3,848.3,7.100144766554941,6.140717534645209,5.504779744058315,4.760933211311109
3,810.2,2.827619950926649,1.5213348712125203,2.954665508107167,1.661116247133079
3,860.2,13.854974642956712,9.885029120723239,12.433886830783626,8.599254162616395
3,816.2,0.879202084908729,0.40052406295302295,0.32028857085623635,0.14590862387426853
3,890.3,53.271864722877595,28.777687534582938,40.98838192727459,22.142057198891937
3,826.2,7.09811068067205,3.843995424511026,7.3440435703920866,3.9771777942524436
3,802.3,4.459763868684873,2.682665471938434,4.459763234915793,2.6826651496615175
3,822.1,23.98177978959126,13.420184782042119,23.981571276090662,13.42007015734924
3,848.2,11.182745425687624,8.263444631061933,9.587351039138355,6.8836435447239435
3,846.2,8.542438804210676,4.404515745142524,8.542377370111069,4.40448095187705
3,832.1,1.2564633865131316,0.5603231732771394,0.4319736870745541,0.19264008072976296
3,864.1,0.3770128893040049,0.200113895701011,0.3770095374666257,0.20011238534479375
3,820.1,30.040045329871063,16.657315909301648,30.2138565620223,16.750691504051836
3,824.2,7.979176148439109,4.244720868982445,7.665307652363618,4.123391134659525
3,806.3,4.461093826589928,2.6826978532598496,4.4610927686224375,2.682697318445784
3,854.2,0.6909495956719461,0.4004596034099618,0.6909455789662541,0.4004569971004846
3,840.1,4.803323658958439,3.543610382333797,4.183922830492133,3.013018388408696
3,802.2,5.340668579714946,2.8817405643614578,5.340667936581393,2.881740169988538
3,828.3,0.6907822291061245,0.40038755646368246,0.6907780903936985,0.4003855006088397
3,832.3,1.0678534726651305,0.5603156846556611,0.3777740664470458,0.1982228603331771
3,808.2,2.825767443517947,1.521625401868526,2.952873037179879,1.6615947058714386
3,890.1,53.271864722877595,28.777687534582938,40.98838192727459,22.142057198891937
3,836.2,7.099420228784077,3.943906322653851,7.194365058261879,3.9953508021819637
3,844.1,49.493719696774185,41.19100853907724,40.621412780937405,33.74299189741651
3,840.3,5.149288229660455,3.7445197319651595,4.547955589259018,3.2240713919588586
3,834.1,12.692324437433236,6.910050104507323,13.188623032114691,7.17757657646877
3,858.2,2.042215449144376,1.1610294774926166,1.798413310588566,1.0314885520560495
3,846.3,3.581713150291386,2.122061287267152,3.58168663834674,2.122047808952612
3,832.2,0.37691933751690404,0.20032704200862625,0.1331585039509398,0.070771721717445
3,830.2,3.581740644537488,1.921649322081839,2.9441368513379853,1.5795667511652223
3,842.1,1.570412178080529,0.9607850600213725,1.5703979893666005,0.9607776598357353
3,824.3,0.6913257731388626,0.40035001574308793,0.6913216441610504,0.40034796606202727
3,836.1,8.01024436349362,4.405027814407765,8.048645434277251,4.4256713638158125
3,844.3,51.50471644476237,42.352944240069434,42.63239725268705,34.90492153290684
3,862.2,4.963226749933664,2.6834080434713945,4.96319109798794,2.683386931797616
3,840.2,6.75089086687974,4.605173637942275,6.187990849984736,4.105379004332525
3,828.1,1.25656129720115,0.560248664789848,1.2565520855556978,0.5602446743678203
4,834.3,17.111798288172242,8.589251096832593,17.343803530843193,8.704019485001005
4,858.1,3.828428232057096,1.8390219468519624,2.807099386352327,1.4202425050761915
4,860.1,30.090015532397693,17.596330650059766,29.04966641814852,16.71164732269617
4,830.1,9.112050839324914,3.8572426565500977,8.23483914146427,3.4841724143601946
4,890.2,64.93354031476689,32.22005637441204,53.947737608950845,26.768769137685616
4,836.3,8.000551698117313,4.193518674234049,8.03784476955936,4.21218452419026
4,844.2,63.86092636564346,47.665199653866516,56.660164011233356,42.10550584039647
4,848.1,8.65286172164799,6.877319475143876,7.41964902600378,5.897149769180048
4,818.1,7.350370565395472,3.6327660348471404,7.540487787467618,3.7267215697874407
4,838.2,6.048507338056394,3.005415501422807,6.048489634876163,3.0054002574703627
4,834.2,5.933999967824846,3.004958927132548,6.040412734251666,3.0574930816173636
4,858.3,4.325881357535311,2.242703935600009,3.4735808873752507,1.8314853658450947
4,860.3,28.366645683860916,16.856167543358367,27.360442337021748,15.988277567319269
4,806.2,6.5072194909264915,3.2291851077057894,6.507218951607074,3.229184684583768
4,830.3,7.58072403473466,3.2293442281307962,6.722484138349174,2.865638875199181
4,856.2,0.8423925574700386,0.4485167191180286,0.8423905612763024,0.4485149598228901
4,848.3,8.65286172164799,6.877319475143876,7.41964902600378,5.897149769180048
4,810.2,3.445504128042675,1.704403338269034,3.5923669870088224,1.8527991675840843
4,860.2,16.882882549998296,11.07033001267293,15.755003631043294,10.142155881310945
4,816.2,1.0720008523833429,0.44851234431042303,0.38550300258621084,0.16128962230260363
4,890.3,64.93354031476689,32.22005637441204,53.947737608950845,26.768769137685616
4,826.2,8.650901907829972,4.305885155042425,8.887149523705352,4.423468559174816
4,802.3,5.436435269052278,3.0051959982530305,5.436434942016033,3.005195787656453
4,822.1,29.24712825961274,15.026617385326837,29.247016407614154,15.026532604953257
4,848.2,13.629707983613365,9.25462282260543,12.396480664586662,8.274440895157966
4,846.2,10.413046869344463,4.933971785931753,10.413016249188793,4.933946356764183
4,832.1,1.531199873939153,0.6279623485179866,0.5104578363288009,0.20934407065366076
4,864.1,0.45935436839073623,0.22427371661939996,0.459352640926108,0.22427244330902948
4,820.1,36.60228096744786,18.658853176065595,36.645404114782714,18.680128293861774
4,824.2,9.723461186059739,4.754534456471732,9.272211055496994,4.584518936376095
4,806.3,5.4358351999914465,3.0048960502947195,5.435834654011058,3.004895700484819
4,854.2,0.8421507471809527,0.4485109633795033,0.8421487557796518,0.4485092068030194
4,840.1,5.85703967022354,3.969818976667506,5.356387753695883,3.579010153714073
4,802.2,6.508697605958137,3.2294249401165045,6.508697282494412,3.229424685396677
4,828.3,0.8422065918537841,0.4485051406145611,0.8422044642238407,0.44850374635209755
4,832.3,1.3015622483871114,0.6278975396018855,0.4494788279777006,0.21683656758088965
4,808.2,3.4458322328244932,1.7044039111494944,3.5929206196537162,1.853017988076854
4,890.1,64.93354031476689,32.22005637441204,53.947737608950845,26.768769137685616
4,836.2,8.65217579161552,4.418059814159798,8.709266569839311,4.446506854922658
4,844.1,60.338418874445736,46.18500885606402,53.137665289806435,40.6253222583636
4,840.3,6.278075673578721,4.194017201563822,5.79492986785387,3.812109766462557
4,834.1,15.465422085377922,7.737263608526781,15.663152811055802,7.835183674546617
4,858.2,2.488462189746137,1.3007860398675821,2.187401102489659,1.1538141481686766
4,846.3,4.364548402643169,2.3774467922322065,4.364535568880776,2.377436759140988
4,832.2,0.45943616007402316,0.2242547038009132,0.15847195177232992,0.07735134944735575
4,830.2,4.363993180075365,2.152781344860851,3.8912732246937947,1.9195836485528162
4,842.1,1.9142222616617568,1.0763064439218661,1.914215104234219,1.076300504746489
4,824.3,0.8420379450312401,0.4485489805874871,0.8420358226497998,0.44854759258937965
4,836.1,9.761951771127206,4.933752915559559,9.781720674440711,4.9435085937842755
4,844.3,62.78892353003357,47.48580395555816,55.58816429078607,41.92611328487792
4,862.2,6.049908965936679,3.005279960732945,6.049891287394247,3.0052647413100906
4,840.2,8.230347477052444,5.158336425345747,7.766972291918633,4.786193240455403
4,828.1,1.5313941491225427,0.6280310879745715,1.5313892060125291,0.6280279133111802
5,834.3,14.805890536241385,7.892554289925314,15.26892021059875,8.135894590909572
5,858.1,3.3119856039883278,1.6901935120640805,2.438591062343795,1.3098505993030365
5,860.1,26.023071415673463,16.17222102607193,24.98907724418042,15.164611755574924
5,830.1,7.878903335159404,3.545037546442488,6.852187849535383,3.0805427516384434
5,890.2,56.15055358352436,29.599845489676625,44.587326389861985,23.504249219069187
5,836.3,6.919992323603693,3.8539134979834926,6.972056295662956,3.8815945695338563
5,844.2,55.238713349637074,43.76218077280756,47.160367989502284,37.14283947965234
5,848.1,7.490277152864795,6.322382227853571,6.032569899699966,5.091961996503106
5,818.1,6.355295487571385,3.3385844784510947,6.610222317580303,3.472502368297035
5,838.2,5.233356833354967,2.761576890386495,5.233347065900959,2.761570536767534
5,834.2,5.13280289928458,2.761814535598635,5.292341467908987,2.8454995034638713
5,858.3,3.74089566405143,2.061381927208697,3.010928266662301,1.6869841819130773
5,860.3,24.53266563526164,15.492486091455296,23.534791575657767,14.503745930634842
5,806.2,5.630712255510818,2.9687569342017195,5.6307119553177065,2.968756741380976
5,830.3,6.555123850244618,2.968756885820569,5.542272034468121,2.5114706751759917
5,856.2,0.7279177319061308,0.41227732369676745,0.7279166213748768,0.4122765501783002
5,848.3,7.490277152864795,6.322382227853571,6.032569899699966,5.091961996503106
5,810.2,2.977651213159409,1.5663705261388436,3.1095265761979047,1.7081875405379665
5,860.2,14.600190473724208,10.175000135585718,13.302031760862283,9.028103164814084
5,816.2,0.9270168352787779,0.41206031077279703,0.33648941530341464,0.14956997267839348
5,890.3,56.15055358352436,29.599845489676625,44.587326389861985,23.504249219069187
5,826.2,7.478031893582285,3.9560118026644036,7.721875775804403,4.085008169219306
5,802.3,4.703622131220998,2.760282504829877,4.703621957572016,2.7602824062259503
5,822.1,25.302713332708002,13.806265853796189,25.30265885176739,13.80623192686237
5,848.2,11.794956747085394,8.50734902418534,10.337241453293077,7.276923738644184
5,846.2,9.010737743398089,4.53366418714719,9.010720910244705,4.533653688718195
5,832.1,1.3242251686908404,0.5771783167360244,0.45151495489594745,0.196797805984154
5,864.1,0.3972525765179574,0.2061017202693903,0.3972517100369297,0.20610124959057155
5,820.1,31.64412008180107,17.15306840286926,31.788278585452936,17.22882149305812
5,824.2,8.410193660872832,4.368751995047256,8.063015091371234,4.2351078449199
5,806.3,4.698634915606395,2.762029505438188,4.698634626080962,2.7620293415930095
5,854.2,0.7286372427246101,0.41221655746225444,0.728636133052641,0.4122157849646759
5,840.1,5.064727170660461,3.6470697254743247,4.498766649860023,3.1742780328630067
5,802.2,5.624894258244077,2.9683061898595886,5.624894078415429,2.968306073770819
5,828.3,0.7283925869772431,0.412428321162659,0.7283914564028408,0.41242768635136556
5,832.3,1.1250342462359322,0.576727504317848,0.39536817732818114,0.20267800108443315
5,808.2,2.979878205653921,1.5658693556830612,3.1120110314499336,1.7078153197798003
5,890.1,56.15055358352436,29.599845489676625,44.587326389861985,23.504249219069187
5,836.2,7.485035335289484,4.059876444192033,7.571278930898451,4.105494634999634
5,844.1,52.19537354591226,42.40180127519127,44.117033284940504,35.78246315073915
5,840.3,5.428905298755128,3.85302079957963,4.880839882566798,3.3899966280786327
5,834.1,13.381533593648065,7.109150288168527,13.808278228470968,7.333583732305854
5,858.2,2.1522966641342043,1.1954025489122229,1.8943914191469746,1.0616420806623434
5,846.3,3.773611998528674,2.1852960467700826,3.7736049315913065,2.1852918378446358
5,832.2,0.3972856066166115,0.20608020751166653,0.13943843179308038,0.07232954883366617
5,830.2,3.7750727670363657,1.9784586965769444,3.20638667715155,1.6804200792943007
5,842.1,1.6556308912176616,0.989442312963906,1.6556272470343805,0.9894400553952876
5,824.3,0.7287968729000586,0.4118951809317144,0.7287957447999835,0.4118945488922223
5,836.1,8.444302463522408,4.533997957949006,8.478466461967235,4.551925188539161
5,844.3,54.31194723829414,43.59713150064964,46.23360356896665,36.977791432043105
5,862.2,5.22907182305446,2.760800693064017,5.229062078120065,2.76079435199381
5,840.2,7.11703482061117,4.739009448730775,6.603110470145127,4.2939036232077825
5,828.1,1.324708163009253,0.577720974952331,1.3247057382552765,0.5777197374916038
6,834.3,19.824043644122476,10.124517841528938,20.753044636721157,10.592409588097276
6,858.1,4.434650290795093,2.1676602609125113,3.2742917255996815,1.683448958690636
6,860.1,34.857419278510626,20.74281043350024,36.375393892845025,21.702244999546707
6,830.1,10.555348760477033,4.546806418128179,11.660447332574135,5.026606177153873
6,890.2,75.21621814276098,37.982157953423496,77.39802056243201,39.08392115731276
6,836.3,9.268648563743712,4.943507150154137,9.365180015853564,4.992698288194499
6,844.2,73.96857448969507,56.18452518319864,82.74763522413872,63.08252197285436
6,848.1,10.022981508223994,8.107114896681964,10.660674976805524,8.622916777008681
6,818.1,8.514567139942283,4.282097041151035,8.88628709686965,4.469041634464573
6,838.2,7.006606736962627,3.5422526225197064,7.0066064696140655,3.5422518297229777
6,834.2,6.874151975530312,3.542197180729814,7.17544531932344,3.6935899262144796
6,858.3,5.011325106212797,2.6434222733743913,4.044613905480707,2.168891142955548
6,860.3,32.86186481565802,19.870649324894593,34.438392993760424,20.859308645892092
6,806.2,7.538608138667185,3.8059390674176448,7.538608140513143,3.805939046419373
6,830.3,8.781648595786045,3.806788282024341,9.913636248651683,4.300089313608832
6,856.2,0.9756633110001928,0.5287099618782547,0.975663300810853,0.5287098768435885
6,848.3,10.022981508223994,8.107114896681964,10.660674976805524,8.622916777008681
6,810.2,3.9914734047603844,2.009088670219453,4.173466112084448,2.196475612471395
6,860.2,19.557746799647507,13.049864231189908,20.49949845943177,13.718426948767922
6,816.2,1.241783172607316,0.5287130258937314,0.4543690570842957,0.19345631869605465
6,890.3,75.21621814276098,37.982157953423496,77.39802056243201,39.08392115731276
6,826.2,10.022414962851066,5.07517137284994,10.392323298260733,5.262485559900505
6,802.3,6.296954797724269,3.5424564694976777,6.296954794442397,3.5424564973910146
6,822.1,33.88156416620308,17.712251572140694,33.8815555315962,17.712252265071648
6,848.2,15.787788355553658,10.909231262185425,16.425481594000537,11.42503250059929
6,846.2,12.061900270026946,5.815364594096337,12.061899785475763,5.815363255083865
6,832.1,1.7738116534064299,0.7401597642101649,0.6128190411970863,0.2557116154988611
6,864.1,0.532183759310922,0.2643179571792753,0.5321836474776223,0.2643180325683131
6,820.1,42.39629980972184,21.99441109990532,42.568616535929245,22.081091006818472
6,824.2,11.263834451621475,5.604190917845525,10.846279260597711,5.456323857971527
6,806.3,6.2969919546981865,3.5421804688877354,6.296991949310382,3.5421805154825114
6,854.2,0.9756416866643469,0.5287079098578374,0.9756416764787419,0.5287078248287872
6,840.1,6.785337483474345,4.678899744371938,7.289265197696136,5.054385316921045
6,802.2,7.538687919913034,3.8064532294584574,7.5386879209823014,3.8064532168802514
6,828.3,0.9756420409353412,0.5287171870795077,0.9756420310150259,0.5287173732500542
6,832.3,1.507864070649556,0.7402340203619777,0.540542581609446,0.2653609175550355
6,808.2,3.99122097436586,2.009149831504106,4.173489805629445,2.1968452774779537
6,890.1,75.21621814276098,37.982157953423496,77.39802056243201,39.08392115731276
6,836.2,10.022366329319354,5.207706608249325,10.187112602124627,5.291181907066553
6,844.1,69.88820367328574,54.440104335527586,78.6672641608135,61.33810213161677
6,840.3,7.272824243618725,4.943258887990245,7.805039949283211,5.333640429883018
6,834.1,17.916668543002434,9.120014376041475,18.787402925574035,9.558847709920766
6,858.2,2.8826520890572547,1.5332097471465889,2.5399620473620352,1.3630062861696397
6,846.3,5.056325121445325,2.8018491903394103,5.056325301896828,2.8018505244307694
6,832.2,0.5322049455859031,0.2643349858578636,0.18937252715106354,0.09405732852779591
6,830.2,5.055731169522433,2.5379222711768787,5.734431590464721,2.8786232229576223
6,842.1,2.217311240970468,1.2689610915953202,2.217310741351414,1.2689614013800141
6,824.3,0.9756972480784948,0.5286984030149581,0.9756972376257681,0.528698588333403
6,836.1,11.308516404318643,5.815648728137682,11.37673067891753,5.849934256932288
6,844.3,72.72652963739874,55.97321623022266,81.50559080725255,62.871215051519556
6,862.2,7.006916623534273,3.542527108445333,7.006916356211625,3.5425263156603326
6,840.2,9.534659438642846,6.079907059901494,10.135063444728228,6.504555725753967
6,828.1,1.7737970692885983,0.7402084385819374,1.7737967591049832,0.7402085828020085
7,834.3,18.40777059062747,9.097490199409252,19.66199010777168,9.70880647246963
7,858.1,4.117697578697195,1.9470580990072655,3.054551848459197,1.5178533878742893
7,860.1,32.37496049865638,18.638071009883387,33.193737578538,18.925843343339178
7,830.1,9.802867867270061,4.084655013923725,10.075019448557107,4.199095270089399
7,890.2,69.85242292651654,34.11825349994041,66.3074163593899,32.38675379350933
7,836.3,8.608331591932291,4.441082070815492,8.727944993559472,4.500027876848762
7,844.2,68.6848797390763,50.46071501322348,71.36654993896893,52.4986289090058
7,848.1,9.309876761042528,7.283499842355223,8.930355618040425,6.986584194790432
7,818.1,7.906866248887968,3.847560740003409,8.37430750385101,4.075021763711857
7,838.2,6.508487162680006,3.180296174786493,6.508487094036329,3.1802963321840485
7,834.2,6.383775156950938,3.183549002549153,6.764837527625687,3.368856331272381
7,858.3,4.65466589519527,2.3753373476411,3.7676386148619145,1.954208966317787
7,860.3,30.520190592503123,17.855395403643374,31.40639522231035,18.17579502564635
7,806.2,6.9988546416143995,3.419365465150053,6.998854636406479,3.419365467971918
7,830.3,8.153565729845674,3.420638792737041,8.44842386218895,3.546202313658743
7,856.2,0.9056175796712822,0.47481892903358025,0.9056175662016028,0.47481894325868174
7,848.3,9.309876761042528,7.283499842355223,8.930355618040425,6.986584194790432
7,810.2,3.70841157921363,1.8054961356088164,3.8851896416155967,1.9817330811400768
7,860.2,18.164180698364092,11.726336502456457,18.169900988875515,11.61716097670096
7,816.2,1.1534820906233612,0.4748943895750031,0.4270234186941846,0.17580770086987071
7,890.3,69.85242292651654,34.11825349994041,66.3074163593899,32.38675379350933
7,826.2,9.306337568899998,4.559229753053135,9.711375566797546,4.7576604541154905
7,802.3,5.8485834423747844,3.1826642078449603,5.8485834518662,3.1826642081928833
7,822.1,31.471716614048628,15.910287653259129,31.471722796429727,15.910288615739331
7,848.2,14.664154143273466,9.801759684977007,14.284632948548076,9.504844166761522
7,846.2,11.201777812468924,5.224434607739788,11.201777705098824,5.224434878053334
7,832.1,1.647658957655483,0.6651105782946577,0.5832604175190492,0.23544469104243165
7,864.1,0.49406852703964277,0.2375074093393832,0.49406861583480455,0.23750738497180765
7,820.1,39.37355315996053,19.762937190390875,39.67063027450403,19.907528982574195
7,824.2,10.458917825714298,5.034013446142048,10.137808840828987,4.933548381525677
7,806.3,5.849629262719622,3.1831351969880415,5.849629278563402,3.1831351975123896
7,854.2,0.9063081475591666,0.47472706082753946,0.9063081340329484,0.4747270750388542
7,840.1,6.30202792448768,4.20301177718512,6.390604425424053,4.246363108411205
7,802.2,6.999297112147276,3.4216241435922976,6.999297109043939,3.421624145285483
7,828.3,0.9062735310778506,0.47493114443776424,0.9062735949814846,0.47493114508804324
7,832.3,1.4012646276519922,0.6652579227663576,0.5130590281797763,0.24357750909671302
7,808.2,3.7075316411979413,1.8048554698310966,3.8845131645562323,1.9812802090311616
7,890.1,69.85242292651654,34.11825349994041,66.3074163593899,32.38675379350933
7,836.2,9.309550039981957,4.678750567768993,9.51667362687257,4.780253772592902
7,844.1,64.89589008705056,48.89271950195481,67.57756073372623,50.930633166552354
7,840.3,6.755259055824363,4.440955035334335,6.875922562158076,4.500729098680169
7,834.1,16.636643146534603,8.194563955644398,17.823556454799277,8.773395741102
7,858.2,2.6774772059794048,1.3780950099697575,2.3629538263060463,1.226957923353454
7,846.3,4.6924899770778215,2.5176088383892044,4.695859978634223,2.519416649092004
7,832.2,0.4942660875411801,0.23748311867441327,0.17958736363998648,0.08628746888732348
7,830.2,4.693667710602115,2.2799803012139517,4.880400430620127,2.3706981440744537
7,842.1,2.0590939433371664,1.1396860487636986,2.0590943333108496,1.1396859571465943
7,824.3,0.9062147683422072,0.475187745081321,0.9062148318812302,0.47518774576954415
7,836.1,10.503865411852878,5.2248117284077,10.591377135223942,5.267369099051389
7,844.3,67.53256765055536,50.27045117074986,70.21423838648197,52.308364925336285
7,862.2,6.506130204102325,3.1827619680934705,6.506130134808497,3.182762125019327
7,840.2,8.855885058913154,5.462007904489537,9.06402879861472,5.564303331013763
7,828.1,1.647902119747394,0.6649686267369337,1.6479023600760965,0.6649685978646427
8,834.3,22.83169668897324,11.51359743370612,22.11777466903756,11.158566030625476
8,858.1,5.107025218563301,2.465044105196133,3.7051256955842655,1.8874896979520042
8,860.1,40.14319569339995,23.586369671912784,41.26120366894055,24.70489942751957
8,830.1,12.155496171481092,5.170242533290675,13.76412086031375,5.860388377549856
8,890.2,86.62737875260838,43.18804389785243,88.06576782227907,43.90633368995874
8,836.3,10.675532084940007,5.621012160933705,10.648389932663825,5.607451019082665
8,844.2,85.18469234026855,63.901519374596745,95.07326689602172,71.57584680067562
8,848.1,11.540952615984324,9.219286111823257,13.406857238575599,10.709974125362677
8,818.1,9.805147920145982,4.8707361658795465,9.822695894929417,4.879507591275747
8,838.2,8.069958220399633,4.028372498330862,8.069943541830781,4.028424521553082
8,834.2,7.916083346921369,4.0279393796045735,7.796694786790506,3.9687194396781305
8,858.3,5.770785258774058,3.0061505382373745,4.606779641704424,2.441909604067698
8,860.3,37.845287657017344,22.59425043469625,38.98771241679211,23.724970511384395
8,806.2,8.682362802307793,4.32887820819995,8.682362333109458,4.328879293067471
8,830.3,10.112240865022077,4.32835165987763,11.772048900419774,5.043865519385642
8,856.2,1.12378603245209,0.6012524314952429,1.1237840177918041,0.6012574175713798
8,848.3,11.540952615984324,9.219286111823257,13.406857238575599,10.709974125362677
8,810.2,4.596566832780198,2.2845009121263105,4.782685572542469,2.4732564788916567
8,860.2,22.523446759355537,14.840151797553132,24.26784948740669,16.270290451768346
8,816.2,1.4298121950859295,0.6012629114962242,0.5085612150843005,0.2138613356554367
8,890.3,86.62737875260838,43.18804389785243,88.06576782227907,43.90633368995874
8,826.2,11.54230733208255,5.771359954960354,11.764589633684434,5.882554816380573
8,802.3,7.252683884646166,4.0284636223071395,7.252683574894103,4.028464079639344
8,822.1,39.01532615097442,20.142967938683565,39.015369955643564,20.143249563536376
8,848.2,18.18161651872512,12.405887025405212,20.047509676751105,13.896617777171706
8,846.2,13.891707250771415,6.6134824790558016,13.891683545699966,6.613571783861216
8,832.1,2.0428490100129957,0.8417389018746763,0.6426280746365549,0.26479501156333796
8,864.1,0.6128387853770203,0.3005825780691558,0.6128380434134381,0.3005878428508629
8,820.1,48.825789291305355,25.010153196340667,48.57909731943953,24.887937979727965
8,824.2,12.970393632925207,6.372790870499097,12.267571219280962,6.095200305479065
8,806.3,7.251437357932298,4.027707480594524,7.251436843252618,4.02770824306886
8,854.2,1.1236992609178458,0.601236239724132,1.123697234921478,0.6012412148036612
8,840.1,7.814376377614238,5.320921892666894,8.520758284496601,5.878928769748557
8,802.2,8.681676192358216,4.327652610141565,8.681675910680609,4.327653261139294
8,828.3,1.1236429390513638,0.6011762590206768,1.1236406220390855,0.6011796490023603
8,832.3,1.7363351396334314,0.8418336887918283,0.5734687115161932,0.278040977679279
8,808.2,4.5962245025293,2.284533598358295,4.782712154393536,2.47368778914849
8,890.1,86.62737875260838,43.18804389785243,88.06576782227907,43.90633368995874
8,836.2,11.54231774463053,5.921672415039138,11.472986197952679,5.887172326455452
8,844.1,80.48657348777583,61.917781141687875,90.37515592836363,69.59208519351688
8,840.3,8.376377147235843,5.621554302305172,9.097835113802075,6.186857118922164
8,834.1,20.635789101183114,10.371532969855949,19.89717477212962,10.004150859315233
8,858.2,3.3198146293751196,1.743628786597575,2.908695286507218,1.5420524775473123
8,846.3,5.8234507236174995,3.1865948997728593,5.823428658731151,3.186628783427004
8,832.2,0.6130177872220023,0.30060024948192227,0.20232152408399592,0.09921206350498966
8,830.2,5.822876906362405,2.8856792092222547,6.832631851234021,3.386126153233776
8,842.1,2.5535034830986367,1.4429213132307805,2.55349896154207,1.4429442134817507
8,824.3,1.1237217756257223,0.6013054349937571,1.1237194827265078,0.6013087858250056
8,836.1,13.024628839579062,6.613316628968008,12.982397992270238,6.592474535008186
8,844.3,83.75675618040835,63.6611389510956,93.64532105090935,71.33545382737009
8,862.2,8.06933127707544,4.027994357030157,8.069316523017559,4.028046273913857
8,840.2,10.981212291128726,6.914132667557883,11.660415639177923,7.458487912287485
8,828.1,2.0431366171916934,0.8416628290832938,2.0431365747421415,0.841674452914315
9,834.3,23.051171213832188,11.430104250257212,23.116354448158898,11.461842006016457
9,858.1,5.156561334603378,2.446608768042271,3.7700687942172753,1.8853255238207518
9,860.1,40.53093373842469,23.411920874914316,43.496720623907194,25.73249626897288
9,830.1,12.277458372319463,5.132468841335221,15.199704444537488,6.36317911868135
9,890.2,87.49348920982905,42.872008578794166,98.32594668770497,48.17939514952471
9,836.3,10.777423674695815,5.57875299080959,10.809831454454311,5.594773121010866
9,844.2,86.07230151798963,63.4220854635931,106.90437261050496,79.2994173523701
9,848.1,11.66071723809847,9.147236257255209,14.598515503729207,11.451772074704113
9,818.1,9.901557665378611,4.833222193111669,10.148723648773055,4.953864440000411
9,838.2,8.148978948247693,3.9958360512132183,8.148970200119596,3.9958226700328767
9,834.2,7.994136414285051,3.9987568700006797,8.077263885061367,4.039285532029511
9,858.3,5.8271146667836415,2.9829753998869064,4.674847174490279,2.4340085944075103
9,860.3,38.2105301895199,22.42783135857428,41.21406118859285,24.766761251288845
9,806.2,8.76982748452009,4.295275359012676,8.769827029427297,4.295275175910344
9,830.3,10.213806749013632,4.298138279910612,13.176422915270086,5.548984098319358
9,856.2,1.1353016494506207,0.5965243783450613,1.1353003891989037,0.5965231757826233
9,848.3,11.66071723809847,9.147236257255209,14.598515503729207,11.451772074704113
9,810.2,4.642953679027269,2.267511717320405,4.844247499485585,2.4683896045824203
9,860.2,22.74056930897572,14.731305675770935,25.760296638189626,17.078175403994205
9,816.2,1.44400968842381,0.596769120964661,0.5217578464833456,0.21562809777673378
9,890.3,87.49348920982905,42.872008578794166,98.32594668770497,48.17939514952471
9,826.2,11.650919797871316,5.72707445731629,11.97963671633771,5.888656153596515
9,802.3,7.322666706910076,3.9972695680152146,7.32266632293131,3.997269607092982
9,822.1,39.41473455176508,19.988776861104938,39.41456063860114,19.98863525218681
9,848.2,18.36118185553812,12.308142664702018,21.298972997859526,14.61266733049387
9,846.2,14.02790719764657,6.563584159752683,14.027892257951969,6.563560927820226
9,832.1,2.063057133424003,0.8352325225980887,0.6771086962536733,0.27412770284384563
9,864.1,0.6191548532503987,0.29826822704897354,0.6191529982794691,0.29826636140977664
9,820.1,49.315307007405934,24.821573733277123,49.29321968982143,24.810728409536097
9,824.2,13.096547744676956,6.32413821511076,12.500445623368778,6.103910539188989
9,806.3,7.323926150899116,3.997492670121398,7.323925510123596,3.9974927373389986
9,854.2,1.134697224949904,0.5964334703134169,1.1346959742937075,0.5964322760496334
9,840.1,7.892824377351684,5.280562945026756,9.263868892719781,6.318915697456245
9,802.2,8.771233240973288,4.295371693040426,8.771232967275715,4.295371581899483
9,828.3,1.1343106074600873,0.5963528791726256,1.1343084113396718,0.5963530527613539
9,832.3,1.7529491371679247,0.8349972380473498,0.6012661125075707,0.2864063358663693
9,808.2,4.639833225574877,2.26637294395988,4.841380900738468,2.467546614691927
9,890.1,87.49348920982905,42.872008578794166,98.32594668770497,48.17939514952471
9,836.2,11.654085708906894,5.877330029441715,11.699137259008303,5.899521491391298
9,844.1,81.32854870791677,61.452745912824334,102.16061987244427,77.3300811564228
9,840.3,8.457317484496647,5.579100013715571,9.848093502145007,6.6273084717613715
9,834.1,20.8325123058922,10.2955537447533,20.860043612334827,10.308977300033401
9,858.2,3.352677869514328,1.729590406274867,2.9445076820535223,1.5328643790271221
9,846.3,5.877785995288538,3.16286414264127,5.877779914359251,3.1628617526606773
9,832.2,0.6188399508409428,0.29844786131786477,0.21084280217105372,0.10168290187880022
9,830.2,5.877298560941872,2.8637118741143253,7.629714735767113,3.7175876610919003
9,842.1,2.5796517338744507,1.4320180289475684,2.579644116093992,1.4320095393417847
9,824.3,1.134547964809945,0.5966910529536626,1.134545752797811,0.5966912350304214
9,836.1,13.147737764398581,6.5619203201901595,13.160366413959254,6.568063829345447
9,844.3,84.62980424682816,63.182441130338944,105.46187696127716,79.05978259714136
9,862.2,8.154015852943289,3.9950207398448727,8.154007156121638,3.995007430262856
9,840.2,11.089153127726387,6.862076972777321,12.492534962262992,7.9164291207257
9,828.1,2.0624612843410106,0.8355604015475834,2.0624545533840277,0.8355562020389984
