node,mae_real_pu,mae_cvnn_pu,n_valid
l2764403.1,0.0049036284908652306,0.004561580717563629,288
l2785537.1,0.0049034710973501205,0.004561398644000292,288
l2748157.1,0.004903414286673069,0.004561656154692173,288
l2935559.1,0.004897455219179392,0.004512922838330269,288
l2804252.1,0.004896836820989847,0.004512744955718517,288
l3104132.1,0.004896770231425762,0.0045122141018509865,288
l3085402.1,0.004896639380604029,0.004512602463364601,288
l3048210.1,0.004896556958556175,0.004511918406933546,288
l3104131.1,0.004896403290331364,0.0045113032683730125,288
l3195310.1,0.0048963576555252075,0.004512832500040531,288
l3197654.1,0.004896086640655994,0.004557526204735041,288
l3048214.1,0.004895934835076332,0.0045128813944756985,288
l2897778.1,0.004895759746432304,0.004512053914368153,288
l2860489.1,0.004895756021142006,0.004511297680437565,288
l2973164.1,0.0048955404199659824,0.00451203528791666,288
l2804259.1,0.004894571844488382,0.004510214552283287,288
l3122824.1,0.004894512239843607,0.004510858096182346,288
l2991919.1,0.004894273821264505,0.004510183352977037,288
l2991920.1,0.004894259851425886,0.0045107100158929825,288
l3122825.1,0.00489333039149642,0.004510811995714903,288
l2729412.1,0.004892891272902489,0.004508703015744686,288
l3104135.1,0.004892235621809959,0.004510730504989624,288
l2748135.1,0.004891884047538042,0.004509151913225651,288
l3010570.1,0.004891747608780861,0.004509406629949808,288
l2763153.1,0.004885179456323385,0.00450183404609561,288
l3066804.1,0.004883894231170416,0.0045500644482672215,288
l3027116.1,0.004883590620011091,0.004499479196965694,288
293471.1,0.004883121233433485,0.004498185124248266,288
l3254230.1,0.0048829191364347935,0.0045503294095396996,288
l3254231.1,0.00488263601437211,0.004550001118332148,288
l2820533.1,0.004882016219198704,0.0045493063516914845,288
l3066819.1,0.00488194078207016,0.004494711756706238,288
l2973150.1,0.004881889559328556,0.004550207871943712,288
l2954354.1,0.004881762899458408,0.004494932945817709,288
l2897792.1,0.004881587345153093,0.0045491550117731094,288
l2785538.1,0.004881410859525204,0.004549717530608177,288
l2710519.1,0.004881286062300205,0.00449470616877079,288
l2897772.1,0.0048807659186422825,0.004494693595916033,288
l2897793.1,0.004880748689174652,0.004549593664705753,288
l3010569.1,0.0048804376274347305,0.004494437016546726,288
l2673321.1,0.004880344029515982,0.00449465773999691,288
l3029499.1,0.004879694897681475,0.0044941529631614685,288
l3216370.1,0.00487862853333354,0.004493260756134987,288
l3104133.1,0.004878334701061249,0.004494125489145517,288
l2766729.1,0.004878179170191288,0.004493013024330139,288
l2748158.1,0.004877922590821981,0.00449428940191865,288
l2785527.1,0.004877062514424324,0.004493008833378553,288
l3048211.1,0.004874028731137514,0.0044905031099915504,288
l2691953.1,0.004873799160122871,0.004490682855248451,288
l2860491.1,0.0048710354603827,0.004489852115511894,288
l2897781.1,0.004870900884270668,0.004489193204790354,288
l3197644.1,0.004870089236646891,0.004488898906856775,288
l2729411.1,0.004869978874921799,0.004489199258387089,288
l3122826.1,0.0048696547746658325,0.004489012993872166,288
l2916620.1,0.004869569558650255,0.004542151466012001,288
l2991922.1,0.004869038239121437,0.004487644415348768,288
l3197645.1,0.0048683686181902885,0.00448710797354579,288
l2991923.1,0.004868331830948591,0.004487086087465286,288
l2860490.1,0.0048651001416146755,0.004485131707042456,288
l3254218.1,0.004863904323428869,0.0044840192422270775,288
l3085396.1,0.004861078225076199,0.004481734707951546,288
l2710520.1,0.004859931766986847,0.004481477662920952,288
l2710521.1,0.004859555047005415,0.004481647629290819,288
l3122813.1,0.004859365988522768,0.004481715150177479,288
l3235256.1,0.004855316132307053,0.004477608948945999,288
l2748144.1,0.004850284196436405,0.004532085731625557,288
l3251854.1,0.004849129356443882,0.004533226136118174,288
l3197652.1,0.004849032498896122,0.004533169791102409,288
l3197630.1,0.00484861433506012,0.004473443143069744,288
l2729424.1,0.004848456010222435,0.004532327875494957,288
l2748143.1,0.004848199430853128,0.004532921593636274,288
l3160114.1,0.004847608041018248,0.0045325374230742455,288
l3104144.1,0.004847423173487186,0.0045328023843467236,288
l2804251.1,0.004841928835958242,0.0044684503227472305,288
l3085395.1,0.004838642198592424,0.0044655450619757175,288
l3048206.1,0.004830450285226107,0.004460347816348076,288
l3104113.1,0.0048236544243991375,0.004453300964087248,288
l3104121.1,0.004822884686291218,0.004453321453183889,288
l2916627.1,0.004822757560759783,0.004453711211681366,288
l2673310.1,0.004822450689971447,0.0044531854800879955,288
l3104122.1,0.004822251386940479,0.0044536711648106575,288
l2748146.1,0.004821941256523132,0.0044536348432302475,288
l2748129.1,0.004821665119379759,0.0044532660394907,288
l2804283.1,0.004820886068046093,0.004453420173376799,288
l3195315.1,0.004820798523724079,0.004453847650438547,288
l2785519.1,0.004820536356419325,0.0044531989842653275,288
l3010556.1,0.004820528440177441,0.004455765709280968,288
l2991913.1,0.004820387344807386,0.0044539147056639194,288
l2804253.1,0.004819929134100676,0.00445379177108407,288
l2973151.1,0.00481967581436038,0.0044534336775541306,288
l2879064.1,0.004818677436560392,0.004453709349036217,288
l3235253.1,0.004818284884095192,0.004453913774341345,288
l2991907.1,0.00481756404042244,0.004454377107322216,288
l3160098.1,0.0048024943098425865,0.004506305325776339,288
l2973148.1,0.0047970544546842575,0.004503515083342791,288
l2916602.1,0.004797035362571478,0.004503751173615456,288
l3048208.1,0.004790064413100481,0.004444350488483906,288
l2785511.1,0.004769236780703068,0.004489021375775337,288
l3157167.1,0.00476856529712677,0.004489278420805931,288
l3010557.1,0.004768540617078543,0.0044891806319355965,288
l3157718.1,0.004749688785523176,0.004479390103369951,288
l2897790.3,0.004709101747721434,0.0043921140022575855,288
l2729423.3,0.004708874970674515,0.004392312373965979,288
l3008237.3,0.004708721302449703,0.004392324481159449,288
l2935566.3,0.004708516877144575,0.00439182436093688,288
l2916620.3,0.004706941079348326,0.004376884084194899,288
l2766738.3,0.004705188795924187,0.004380118567496538,288
l3231255.3,0.004696211311966181,0.004380120430141687,288
l3118855.3,0.004694798961281776,0.004379898775368929,288
l3235242.3,0.004693811293691397,0.00437923613935709,288
l3141393.3,0.004693443421274424,0.00437900610268116,288
l3197625.3,0.0046797506511211395,0.004379904363304377,288
l3097861.3,0.004679571837186813,0.004379556979984045,288
l2804277.3,0.004679501056671143,0.004379758145660162,288
l2955006.3,0.004668477922677994,0.00437457300722599,288
l2692600.3,0.004668449983000755,0.004374442622065544,288
l3235945.3,0.004668056033551693,0.004373069386929274,288
l2842330.3,0.0046678814105689526,0.00437267916277051,288
l2730107.3,0.004667683504521847,0.004371007904410362,288
l3086002.3,0.004667411558330059,0.00437186099588871,288
l3179608.3,0.004667223896831274,0.004371319431811571,288
l2841632.2,0.004555268678814173,0.0044249240309000015,288
l2691967.2,0.004553208127617836,0.004439494572579861,288
l3216339.2,0.004549087956547737,0.004297414794564247,288
l3225319.2,0.004549009259790182,0.004297638777643442,288
l2954339.2,0.004548892378807068,0.004297979641705751,288
l2801895.2,0.004548817873001099,0.004297575447708368,288
l3048200.2,0.004548535216599703,0.004297507926821709,288
l3085389.2,0.004548506811261177,0.0042982567101716995,288
l2804247.2,0.004548451863229275,0.004297506529837847,288
l2897764.2,0.004548428580164909,0.004300836008042097,288
l2673300.2,0.0045484257861971855,0.004299132153391838,288
l3048201.2,0.00454841461032629,0.004297757521271706,288
l3104115.2,0.004548368975520134,0.004297744017094374,288
l2916620.2,0.004548335913568735,0.004439057782292366,288
l3141390.2,0.004548204597085714,0.004299192689359188,288
l3029495.2,0.004547941964119673,0.004297720734030008,288
l2991902.2,0.004547926131635904,0.004300269763916731,288
l2710537.2,0.004547860007733107,0.004298707470297813,288
l3085388.2,0.004547826945781708,0.004299279768019915,288
l2860488.2,0.004547751508653164,0.004301672335714102,288
l2822859.2,0.004547635093331337,0.004299310501664877,288
l2991918.2,0.004547614138573408,0.004301463253796101,288
l2804260.2,0.004546903073787689,0.004305650945752859,288
l2973163.2,0.004546730779111385,0.004306391347199678,288
l2763072.2,0.004546189680695534,0.004309019539505243,288
l2879079.2,0.004545268137007952,0.004310531076043844,288
l3104130.2,0.004545249044895172,0.004309934098273516,288
l2991917.2,0.004545079078525305,0.004311767406761646,288
l2841636.2,0.004544903989881277,0.00431269034743309,288
l3029507.2,0.0045444536954164505,0.004313172772526741,288
l3197643.2,0.004543947987258434,0.004313163924962282,288
l2766727.2,0.004543914459645748,0.004313019569963217,288
l3122823.2,0.004543742164969444,0.004313165321946144,288
l2785526.2,0.004543688613921404,0.0043141525238752365,288
l2766726.2,0.004543560557067394,0.004314056131988764,288
l2973162.2,0.004542442038655281,0.004315301775932312,288
l3235275.2,0.004541729111224413,0.0043158745393157005,288
l3122849.2,0.004540202207863331,0.004316152539104223,288
l2691954.2,0.0045399535447359085,0.004316562786698341,288
l2785534.2,0.004539584740996361,0.004431514535099268,288
l2691965.2,0.004539330955594778,0.004431566223502159,288
l2783231.2,0.004539062734693289,0.004430552013218403,288
l2820535.2,0.0045388503931462765,0.0044319056905806065,288
l3254227.2,0.00453830836340785,0.004427978303283453,288
l3254229.2,0.004538118839263916,0.004426153842359781,288
l3066814.2,0.004538052715361118,0.004430482164025307,288
l2673331.2,0.004537397995591164,0.004426723346114159,288
l2935567.2,0.004537333734333515,0.00442643603309989,288
l2804272.2,0.004537233151495457,0.00442680437117815,288
l3066826.2,0.004537141881883144,0.004425792954862118,288
l2860499.2,0.0045371344313025475,0.004426708910614252,288
293471.2,0.004537088330835104,0.004316733218729496,288
l2841641.2,0.0045369709841907024,0.004426997620612383,288
l3178988.2,0.004536899272352457,0.004426338244229555,288
l3160115.2,0.0045368545688688755,0.004426406696438789,288
l2710530.2,0.004536824766546488,0.004425854422152042,288
l3176660.2,0.004536774009466171,0.004425077233463526,288
l2822873.2,0.004536737687885761,0.004426201805472374,288
l2785536.2,0.004536548163741827,0.004425978288054466,288
l3254238.2,0.004536155145615339,0.00431711645796895,288
l2691966.2,0.004535955842584372,0.004423328209668398,288
l3085410.2,0.004535945598036051,0.004426596686244011,288
l2804270.2,0.004535238724201918,0.00441912142559886,288
l3122835.2,0.0045350356958806515,0.004417401738464832,288
l3235273.2,0.00453501520678401,0.004420214798301458,288
l3082983.2,0.004534973297268152,0.0044197519309818745,288
l2973171.2,0.004534909501671791,0.004420654848217964,288
l2801902.2,0.004534545354545116,0.004417143762111664,288
l3102793.2,0.004534467589110136,0.004414279479533434,288
l3216370.2,0.00453414348885417,0.004318087361752987,288
l3104145.2,0.004533933475613594,0.004419092554599047,288
l2916617.2,0.004533903673291206,0.004414423368871212,288
l2916619.2,0.004533718805760145,0.004414090886712074,288
l2991929.2,0.0045336647890508175,0.004414524883031845,288
l2726974.2,0.004533488303422928,0.00440923310816288,288
l2804269.2,0.00453347060829401,0.004409497138112783,288
l2897780.2,0.004533370956778526,0.004318678751587868,288
l2916618.2,0.004533184692263603,0.00440920889377594,288
l3160113.2,0.004532961640506983,0.004409485496580601,288
l2954361.2,0.004532905761152506,0.004408913664519787,288
l2860491.2,0.00453255046159029,0.00432002916932106,288
l2897791.2,0.0045325374230742455,0.004408091306686401,288
l3235255.2,0.004532418213784695,0.004318714141845703,288
l2935547.2,0.004532321356236935,0.004408951848745346,288
l3197653.2,0.004532301798462868,0.004407621920108795,288
l2989564.2,0.00453221658244729,0.004409256856888533,288
l2897789.2,0.004532087128609419,0.0044095623306930065,288
l2897784.2,0.004531869664788246,0.004314973019063473,288
l2785535.2,0.004531849641352892,0.004407605621963739,288
l3048231.2,0.004531415645033121,0.004315073136240244,288
l3254228.2,0.004531374201178551,0.004408653359860182,288
l2691959.2,0.004531239625066519,0.0043145171366631985,288
l2766732.2,0.004531173035502434,0.0043148258700966835,288
l0247171.2,0.0045310696586966515,0.004314703401178122,288
l0247162.2,0.0045310333371162415,0.004315169528126717,288
l0247160.2,0.0045308563858270645,0.004315212834626436,288
l2689678.2,0.004530837293714285,0.0043159048072993755,288
l2729407.2,0.0045308000408113,0.004317411221563816,288
l3197629.2,0.00453073950484395,0.004316113889217377,288
l2916625.2,0.004530715756118298,0.00431801937520504,288
l2691942.2,0.004530621226876974,0.004316536709666252,288
l3254211.2,0.004530547186732292,0.004317860119044781,288
l3139598.2,0.004530331119894981,0.004317981656640768,288
l3119793.2,0.004530324134975672,0.004317941144108772,288
l2879065.2,0.004530241247266531,0.004316141828894615,288
l2785520.2,0.004530191421508789,0.004319145809859037,288
l2748130.2,0.004529327154159546,0.004322230350226164,288
l2841620.2,0.00452923821285367,0.004321050830185413,288
l2785528.2,0.004529006779193878,0.004322332330048084,288
l3254212.2,0.004529000725597143,0.0043219770304858685,288
l3066818.2,0.004528948571532965,0.004325569607317448,288
l3178981.2,0.004528778605163097,0.004324988462030888,288
l2691946.2,0.004528617486357689,0.004390465095639229,288
l2673305.2,0.004527593031525612,0.004389200825244188,288
l3179699.2,0.004527019336819649,0.00438675144687295,288
l2729405.2,0.004526754375547171,0.004387123975902796,288
l3048196.2,0.004526542499661446,0.0043888515792787075,288
l2785516.2,0.0045264046639204025,0.004387516062706709,288
l2786273.2,0.0045261504128575325,0.004386880900710821,288
l2879752.2,0.004526146687567234,0.004386116284877062,288
l2805036.2,0.004525897558778524,0.0043867179192602634,288
l3195318.2,0.004525562282651663,0.004386755637824535,288
l3142078.2,0.0045255208387970924,0.004386734217405319,288
l3104120.2,0.004523592535406351,0.004340272396802902,288
l3141394.2,0.0044793360866606236,0.00435549346730113,288
l2936213.2,0.0044784327037632465,0.004355743061751127,288
l2973158.3,0.0040490636602044106,0.003911835141479969,288
l2841638.3,0.004048855975270271,0.003926614299416542,288
l2860492.3,0.004048462491482496,0.0039267148822546005,288
l3254220.3,0.004047890193760395,0.003928884398192167,288
l3104134.3,0.004047553054988384,0.003928925842046738,288
l3214055.3,0.0040473127737641335,0.0039286380633711815,288
l3254219.3,0.0040471917018294334,0.003929106518626213,288
l3254210.3,0.004045296926051378,0.003920157440006733,288
l3216370.3,0.004045037552714348,0.003929284401237965,288
l2991911.3,0.004044662695378065,0.003910167142748833,288
l3178997.3,0.004044592846184969,0.003929138649255037,288
l3178980.3,0.004044318571686745,0.003929456230252981,288
l2804261.3,0.004044267814606428,0.0039292313158512115,288
l2710510.3,0.004044016823172569,0.003918341360986233,288
l2766750.3,0.004043862223625183,0.003929703030735254,288
l2897779.3,0.004043693654239178,0.0039292280562222,288
l3197628.3,0.004043678753077984,0.0039182002656161785,288
l3104157.3,0.004043588414788246,0.003929558675736189,288
l2673346.3,0.0040434072725474834,0.003929332364350557,288
l2766718.3,0.004043033812195063,0.003916364628821611,288
293471.3,0.004042608197778463,0.0039298636838793755,288
l2991921.3,0.004041861277073622,0.003930366598069668,288
l3197637.3,0.004041651729494333,0.003912117797881365,288
l2841637.3,0.004041548818349838,0.003930465783923864,288
l3048230.3,0.004041539505124092,0.003930273931473494,288
l2860487.3,0.004041499458253384,0.003911248873919249,288
l2991943.3,0.004041437525302172,0.003930367529392242,288
l3254205.3,0.0040406049229204655,0.003930419217795134,288
l2954352.3,0.004040283616632223,0.00391011219471693,288
l2841629.3,0.0040401797741651535,0.003909894730895758,288
l3216347.3,0.00404005590826273,0.003909816034138203,288
l2841630.3,0.004039890598505735,0.00391001533716917,288
l2691951.3,0.004039732739329338,0.00390978716313839,288
l2785523.3,0.004039263352751732,0.0039099715650081635,288
l3141388.3,0.004038918297737837,0.003909762017428875,288
l3626914.3,0.0040382687002420425,0.003909769468009472,288
l2879076.3,0.004038216546177864,0.003909694962203503,288
l3263051.3,0.004037430509924889,0.003909245133399963,288
l2972704.3,0.004037285223603249,0.0039095282554626465,288
l2727795.3,0.00403716042637825,0.0039092497900128365,288
l2785525.3,0.004036890342831612,0.00390934944152832,288
l3066801.3,0.0040367236360907555,0.003909405320882797,288
l2724120.3,0.0040359292179346085,0.003909624647349119,288
l2691950.3,0.004035906866192818,0.003909033257514238,288
l2879055.3,0.004035843536257744,0.00390937365591526,288
l2973144.3,0.004035716876387596,0.00390964187681675,288
l2916609.3,0.004035707097500563,0.0039094057865440845,288
l2785518.3,0.0040352498181164265,0.003909609746187925,288
l3029503.3,0.004035230726003647,0.003909021615982056,288
l2766717.3,0.004034845158457756,0.00390953104943037,288
l2673309.3,0.004034768790006638,0.003909326158463955,288
l3104126.3,0.004034129902720451,0.003909074701368809,288
l2785524.3,0.004033854231238365,0.003909115679562092,288
l2897775.3,0.004033513832837343,0.003909060265868902,288
l3010565.3,0.004033473785966635,0.00390914361923933,288
l2879073.3,0.00403194036334753,0.003909224644303322,288
l2691945.3,0.004030852112919092,0.003909536637365818,288
l3010567.3,0.004030328243970871,0.0039095631800591946,288
l3160105.3,0.004029160365462303,0.003909581806510687,288
l3235251.3,0.00402855733409524,0.003909899387508631,288
l3178977.3,0.004028474912047386,0.00390966422855854,288
l3010566.3,0.004027613438665867,0.003909897990524769,288
l2954350.3,0.004027495626360178,0.003910144325345755,288
l2841626.3,0.004027271643280983,0.003909872379153967,288
l2841625.3,0.004027076531201601,0.003910185769200325,288
l3235266.3,0.004026743583381176,0.003910070285201073,288
l2954351.3,0.004025500267744064,0.0039104982279241085,288
l2860486.3,0.004025237634778023,0.003910505212843418,288
l3254215.3,0.004025118891149759,0.003910497296601534,288
l2748133.3,0.004025094211101532,0.003910415805876255,288
l2897776.3,0.004024859517812729,0.003910459112375975,288
l3141399.3,0.004024831112474203,0.003910542000085115,288
l3122819.3,0.004024821799248457,0.0039102681912481785,288
l3085400.3,0.004024792462587357,0.003910603001713753,288
l3085399.3,0.004024330526590347,0.003910436760634184,288
l3101782.1,0.0038098793011158705,0.003382043680176139,288
l2748781.1,0.00380969257093966,0.003382396185770631,288
l2955047.1,0.003809636691585183,0.0033849317114800215,288
l2748780.1,0.003809231799095869,0.003382781520485878,288
l2823545.1,0.0038086092099547386,0.0033821871038526297,288
l3195321.1,0.0038085479754954576,0.003382942406460643,288
l2823544.1,0.003808471839874983,0.0033825808204710484,288
l3011229.1,0.003807760775089264,0.0033828685991466045,288
l3235946.1,0.003807487664744258,0.0033831996843218803,288
l3108449.1,0.00380740687251091,0.0033835137728601694,288
l2767342.1,0.003807022236287594,0.0033830280881375074,288
l3065665.1,0.0038062753155827522,0.003383592702448368,288
l3027122.1,0.0038050701841712,0.003384037408977747,288
l2936214.1,0.003784248372539878,0.0033790012821555138,288
l2804956.1,0.003783927299082279,0.0033790417946875095,288
l2936212.1,0.0037731160409748554,0.0033766322303563356,288
l3067447.1,0.0037724317517131567,0.003376597072929144,288
l2933135.1,0.00376711692661047,0.0033757661003619432,288
l3232902.1,0.0037658479996025562,0.003375106956809759,288
l2973791.1,0.003756773890927434,0.0033735556062310934,288
l2859403.1,0.003755364567041397,0.0033727881964296103,288
l3254237.1,0.003745683468878269,0.0033714526798576117,288
l2990826.1,0.0037455176934599876,0.0033719316124916077,288
l3214549.1,0.003745454829186201,0.003370087593793869,288
l2896685.1,0.0037454450502991676,0.003371905069798231,288
l2821087.1,0.0037450988311320543,0.0033698035404086113,288
l2915542.1,0.0037450583186000586,0.0033711555879563093,288
l2802481.1,0.0037450334057211876,0.003369989339262247,288
l2728247.1,0.0037448331713676453,0.0033715430181473494,288
l3027671.1,0.0037447751965373755,0.0033697932958602905,288
l2990098.1,0.0037444995250552893,0.0033705609384924173,288
l3215203.1,0.003744489513337612,0.0033715558238327503,288
l2803199.1,0.0037442361935973167,0.003371261525899172,288
l3233412.1,0.0037440736778080463,0.003370152786374092,288
l3067478.1,0.003735347418114543,0.003370006335899234,288
l2767340.1,0.003726636292412877,0.0033684037625789642,288
l2898457.1,0.0037254723720252514,0.0033688026014715433,288
l3029502.1,0.003718392690643668,0.00339134712703526,288
l3160107.1,0.0037077334709465504,0.0033872139174491167,288
l2673316.1,0.0037022579926997423,0.003386714495718479,288
l2841628.1,0.003702197689563036,0.003386322408914566,288
l2766721.1,0.0036976689007133245,0.0033855540677905083,288
l2991906.1,0.003697116393595934,0.003385119838640094,288
l3215385.1,0.0036967163905501366,0.00338543183170259,288
l3141400.1,0.003696621395647526,0.0033858749084174633,288
l3104128.1,0.0036965245380997658,0.0033856621012091637,288
l2673315.1,0.003696381114423275,0.0033857570961117744,288
l3047289.1,0.0036963128950446844,0.003385656513273716,288
l2879054.1,0.0036962537560611963,0.0033851254265755415,288
l2991912.1,0.003696172498166561,0.0033856506925076246,288
l3251799.1,0.0036573277320712805,0.003363019786775112,288
l2879773.1,0.0036490331403911114,0.0033915305975824594,288
l2955081.1,0.003642135299742222,0.0033886851742863655,288
l2989565.1,0.003637720365077257,0.0033869128674268723,288
l2674051.1,0.0036376863718032837,0.003386792726814747,288
l2692654.1,0.0036209772806614637,0.003378908848389983,288
l2842379.1,0.0036208529490977526,0.0033791521564126015,288
l2992624.1,0.0036199581809341908,0.0033784478437155485,288
l2955074.1,0.0036099478602409363,0.0033739106729626656,288
l3048962.1,0.0036076190881431103,0.0033612451516091824,288
l2917330.1,0.0036073927767574787,0.0033713786397129297,288
l2879794.1,0.0036073338706046343,0.0033717358019202948,288
l2917359.1,0.003607044229283929,0.0033716419711709023,288
l2992657.1,0.0036067208275198936,0.0033715341705828905,288
l2861222.1,0.0036067035980522633,0.0033709213603287935,288
l2936271.1,0.0036063294392079115,0.003372322302311659,288
l3198348.1,0.0035976655781269073,0.003360864007845521,288
l3160865.1,0.003591768443584442,0.003366935532540083,288
l3081380.1,0.003581259399652481,0.0033627059310674667,288
l2955076.1,0.003577618859708309,0.0033605664502829313,288
l2692660.1,0.003577525494620204,0.00336069636978209,288
l2955078.1,0.003577024908736348,0.0033607487566769123,288
l2805034.1,0.003540788311511278,0.0033544395118951797,288
l2842383.1,0.003516722936183214,0.003348797792568803,288
l2917333.1,0.0035031710285693407,0.0033449800685048103,288
l2786266.1,0.0034978119656443596,0.003343605436384678,288
l2692661.1,0.0034872484393417835,0.0033408047165721655,288
l2730187.1,0.0034869962837547064,0.0033407306764274836,288
l3104856.1,0.003486497560516,0.003340664319694042,288
l2898522.1,0.0034864533226937056,0.003340852679684758,288
l2992656.1,0.003486311761662364,0.0033405551221221685,288
l2839305.1,0.003485596738755703,0.0033408307936042547,288
l3086098.1,0.0034644752740859985,0.003334982553496957,288
l3254869.2,0.0033824590500444174,0.0031349025666713715,288
l3179650.2,0.0033824185375124216,0.003127399832010269,288
l2767340.2,0.003382264170795679,0.003132362151518464,288
l2798067.2,0.0033819423988461494,0.0031353195663541555,288
l3179607.2,0.0033819368109107018,0.0031340448185801506,288
l3048887.2,0.0033816529903560877,0.003133798250928521,288
l3216988.2,0.003381584770977497,0.003133778925985098,288
l3029055.2,0.003381576156243682,0.0031349938362836838,288
l3179646.2,0.0033814464695751667,0.003119721543043852,288
l2955005.2,0.003381329122930765,0.0031340187415480614,288
l2989566.2,0.0033812932670116425,0.0031284119468182325,288
l2708744.2,0.0033809959422796965,0.0031266186852008104,288
l2674027.2,0.0033808851148933172,0.0031193180475383997,288
l2690187.2,0.0033804774284362793,0.0031260051764547825,288
l2915542.2,0.0033803037367761135,0.003125934163108468,288
l2952003.2,0.003380278591066599,0.003126337192952633,288
l2803199.2,0.0033798993099480867,0.003126016817986965,288
l2802480.2,0.00337974913418293,0.0031250668689608574,288
l2990826.2,0.0033795961644500494,0.003125496208667755,288
l3027670.2,0.0033795712515711784,0.003125362331047654,288
l2728247.2,0.0033794317860156298,0.003125313203781843,288
l2896685.2,0.003379417583346367,0.0031252140179276466,288
l3233413.2,0.0033791724126785994,0.0031241944525390863,288
l3102286.2,0.0033791668247431517,0.0031243504490703344,288
l3215203.2,0.003379108849912882,0.003125563496723771,288
l3252336.2,0.0033790157176554203,0.0031246414873749018,288
l3234149.1,0.003374560037627816,0.0033028738107532263,288
l2861219.2,0.003374282270669937,0.00314471498131752,288
l2767409.2,0.0033742242958396673,0.003143168054521084,288
l3082988.2,0.0033741246443241835,0.0031433585099875927,288
l2711226.2,0.0033739740028977394,0.003145290771499276,288
l3160868.2,0.003373869229108095,0.003143566194921732,288
l3139366.1,0.0033738091588020325,0.003303991397842765,288
l3217064.2,0.003373808227479458,0.003143402049317956,288
l3254915.2,0.003373483894392848,0.0031447361689060926,288
l3142079.2,0.00337347574532032,0.0031391242519021034,288
l3068944.2,0.0033733181189745665,0.003139299340546131,288
l3048963.2,0.0033732568845152855,0.0031448209192603827,288
l3160864.2,0.0033731816802173853,0.003144865622743964,288
l3048965.2,0.0033731753937900066,0.003151699434965849,288
l2917310.2,0.0033731339499354362,0.003138770582154393,288
l2748839.2,0.003373075509443879,0.003138949628919363,288
l3142098.2,0.0033730105496942997,0.0031391035299748182,288
l2955055.2,0.003372980747371912,0.003138698637485504,288
l2879753.2,0.0033729420974850655,0.0031390783842653036,288
l2879767.2,0.0033728377893567085,0.0031394066754728556,288
l2767407.2,0.0033728100825101137,0.00313945603556931,288
l3011293.1,0.0033726526889950037,0.003305952064692974,288
l2897771.2,0.0033726056572049856,0.0031334818340837955,288
l2711224.2,0.0033725991379469633,0.003139183856546879,288
l2917328.2,0.003372363280504942,0.0031392094679176807,288
l3198355.2,0.003372262232005596,0.0031334443483501673,288
l2711234.2,0.003372188424691558,0.0031336573883891106,288
l3104859.2,0.003372084815055132,0.003133531892672181,288
l3236011.2,0.003371990518644452,0.003133641090244055,288
l3198358.2,0.003371827071532607,0.003133463440462947,288
l3179678.2,0.003367384197190404,0.0031226854771375656,288
l2688692.2,0.0033605126664042473,0.003114087739959359,288
l3215385.2,0.0033544846810400486,0.003110327059403062,288
l3047289.2,0.0033542586024850607,0.003110589226707816,288
l3104125.2,0.003347574034705758,0.0031092651188373566,288
l3030204.1,0.0033472238574177027,0.003296313574537635,288
l2823611.1,0.0033355222549289465,0.0032909358851611614,288
l2936270.1,0.0032838520128279924,0.0032644947059452534,288
l3086078.1,0.0032830582931637764,0.0032645571045577526,288
l3217056.1,0.003283024299889803,0.0032643238082528114,288
l3217057.1,0.0032829700503498316,0.0032643857412040234,288
l3159037.2,0.003278481774032116,0.0035670241340994835,288
l3234185.2,0.0032782936468720436,0.0035675514955073595,288
l2748124.2,0.003278278512880206,0.0035664928145706654,288
l2690941.2,0.003278277814388275,0.003567182458937168,288
l3065750.2,0.0032781062182039022,0.0035676690749824047,288
l2710504.2,0.003277367679402232,0.0035649107303470373,288
l2726975.2,0.0032771360129117966,0.0035636085085570812,288
l2710513.2,0.0032758538145571947,0.0035598240792751312,288
l3448661.2,0.0032754342537373304,0.003559964010491967,288
l2710505.2,0.0032753883861005306,0.003559505334123969,288
l2822860.2,0.0032753683626651764,0.00355893955565989,288
l2691943.2,0.003275359282270074,0.0035600056871771812,288
l2860480.2,0.003275270340964198,0.003558961907401681,288
l3048199.2,0.0032751448452472687,0.0035583542194217443,288
l3178974.2,0.0032751336693763733,0.003559557953849435,288
l2954346.2,0.003274932038038969,0.0035585621371865273,288
l3197624.2,0.0032749255187809467,0.0035580561961978674,288
l3254203.2,0.0032749054953455925,0.003558291355147958,288
l2710508.2,0.003274784190580249,0.003558865748345852,288
l2710512.2,0.0032740612514317036,0.003555422415956855,288
l2973149.2,0.0032732137478888035,0.0035541588440537453,288
l3122810.2,0.0032731846440583467,0.0035543690901249647,288
l3235246.2,0.0032731189858168364,0.0035536165814846754,288
l2785512.2,0.0032730535604059696,0.0035539930686354637,288
l2916603.2,0.003272851463407278,0.003552477341145277,288
l2684420.2,0.0032728074584156275,0.0035534463822841644,288
l2673320.2,0.003272468689829111,0.003556959331035614,288
l3048209.2,0.0032723858021199703,0.0035569481551647186,288
l2991915.2,0.003272242844104767,0.003556785173714161,288
l3029183.2,0.0032721508760005236,0.0035566994920372963,288
l2841634.2,0.0032719848677515984,0.0035569453611969948,288
l2897765.2,0.0032719795126467943,0.003550741821527481,288
l2991916.2,0.003271953435614705,0.003556000767275691,288
l2879077.2,0.003271789290010929,0.003554960945621133,288
l2973180.2,0.0032715785782784224,0.0035541881807148457,288
l2935568.2,0.0032714838162064552,0.0035490840673446655,288
l3216349.2,0.0032713257241994143,0.0035539509262889624,288
l3160100.2,0.003271198133006692,0.00354869500733912,288
l2804248.2,0.0032709811348468065,0.0035483166575431824,288
l3085390.2,0.00327093293890357,0.0035485243424773216,288
l3160104.2,0.0032705648336559534,0.003552844049409032,288
l3254214.2,0.0032701296731829643,0.003550546942278743,288
l3214112.2,0.0032699787989258766,0.0035518398508429527,288
l3066830.2,0.0032698006834834814,0.0035449517890810966,288
l3139086.2,0.003269776701927185,0.003548896871507168,288
l2710546.2,0.0032697163987904787,0.0035495450720191,288
l2989432.2,0.0032696097623556852,0.003544736187905073,288
l3197660.2,0.003269498236477375,0.003545098938047886,288
l3029520.2,0.003269496373832226,0.003548759501427412,288
l2897800.2,0.0032694446854293346,0.003543386934325099,288
l2785547.2,0.0032692034728825092,0.0035478519275784492,288
l2913406.2,0.003268767846748233,0.0035468460991978645,288
l2673343.2,0.0032685992773622274,0.0035408230032771826,288
l2691948.2,0.0032682742457836866,0.003546658903360367,288
l3046854.2,0.0032681652810424566,0.0035455813631415367,288
l3215549.2,0.003267919411882758,0.00353868305683136,288
l3029504.2,0.003267825348302722,0.003544325940310955,288
l2935553.2,0.003267391584813595,0.0035381268244236708,288
l2879071.2,0.0032672216184437275,0.0035424663219600916,288
l3085397.2,0.003267120337113738,0.0035371866542845964,288
l3048207.2,0.0032667899504303932,0.0035370413679629564,288
l3141397.2,0.0032665568869560957,0.00353586720302701,288
l2766722.2,0.0032665280159562826,0.0035411177668720484,288
l2860483.2,0.0032664889004081488,0.0035357160959392786,288
l2879066.2,0.003266464453190565,0.003535585245117545,288
l3048203.2,0.003266303101554513,0.003535021562129259,288
l3160117.2,0.003266263287514448,0.00353562505915761,288
l2860500.2,0.0032660537399351597,0.003533798735588789,288
l3010562.2,0.0032659932039678097,0.003533691167831421,288
l2729427.2,0.0032658695708960295,0.003533762414008379,288
l2954349.2,0.0032653056550771,0.0035373244900256395,288
l3157710.2,0.0032651552464812994,0.0035314629785716534,288
l2748131.2,0.0032650160137563944,0.0035321463365107775,288
l3066811.2,0.0032640884164720774,0.0035288254730403423,288
l3178975.2,0.0032640714198350906,0.0035292666871100664,288
l2973152.2,0.0032639976125210524,0.0035279409494251013,288
l2710514.2,0.0032615303061902523,0.0035221977159380913,288
l3235250.2,0.0032614138908684254,0.0035284145269542933,288
l2879068.2,0.0032612280920147896,0.0035219911951571703,288
l2804258.2,0.0032611945644021034,0.0035266040358692408,288
l3197635.2,0.0032610767520964146,0.003526611952111125,288
l3197632.2,0.0032599298283457756,0.0035179266706109047,288
l2860484.2,0.0032598169054836035,0.003517936449497938,288
l2860501.2,0.003258973825722933,0.0035156053490936756,288
l3216344.2,0.0032587971072643995,0.003515647491440177,288
l2879072.2,0.003257195232436061,0.0035168433096259832,288
l2991910.2,0.0032566930167376995,0.0035150712355971336,288
l2973833.2,0.0032559456303715706,0.0031312305945903063,288
l3066813.2,0.0032554834615439177,0.0035111638717353344,288
l2822867.2,0.0032543691340833902,0.0035082283429801464,288
l2879061.2,0.0032543078996241093,0.0035084448754787445,288
l2897774.2,0.003252799389883876,0.0035046625416725874,288
l3197636.2,0.00325253838673234,0.003503243438899517,288
l3029501.2,0.0032523523550480604,0.0035023055970668793,288
l2691949.2,0.003252302063629031,0.00350384833291173,288
l3104127.2,0.003252220107242465,0.0035035726614296436,288
l3235252.2,0.0032520059030503035,0.0035022604279220104,288
l3085391.2,0.0032497169449925423,0.003495078068226576,288
l2973156.2,0.003249372588470578,0.0034950408153235912,288
l3231269.2,0.003248040797188878,0.0034819948486983776,288
l2991901.2,0.003247818909585476,0.0034811741206794977,288
l2911069.2,0.0032477695494890213,0.003482097527012229,288
l2948732.2,0.0032475581392645836,0.003482148051261902,288
l2673326.2,0.003247438231483102,0.0034800369758158922,288
l2729409.2,0.003247213317081332,0.003479883074760437,288
l3216338.2,0.003247094340622425,0.0034810875076800585,288
l2841624.2,0.003247080370783806,0.0034799848217517138,288
l2973146.2,0.0032470421865582466,0.0034809682983905077,288
l2691938.2,0.0032469583675265312,0.0034806157927960157,288
l2748139.2,0.0032468412537127733,0.003479268867522478,288
l3160108.2,0.003246794454753399,0.003479353152215481,288
l2801896.2,0.003246690845116973,0.00347894593141973,288
l2991927.2,0.003246639622375369,0.0034794947132468224,288
l3029510.2,0.0032465241383761168,0.0034794691018760204,288
l3251806.2,0.0032463164534419775,0.0034790663048624992,288
l2804245.2,0.003246289910748601,0.003478450933471322,288
l2822877.2,0.0032461925875395536,0.0034862682223320007,288
l2860479.2,0.0032458407804369926,0.0034762637224048376,288
l3178969.2,0.0032457110937684774,0.003476588986814022,288
l2729401.2,0.0032456275075674057,0.003476453246548772,288
l3315860.2,0.0032451930455863476,0.003474748693406582,288
l2766715.2,0.0032447490375488997,0.0034730168990790844,288
l3254206.2,0.0032445425167679787,0.00347381504252553,288
l3122812.2,0.003243545303121209,0.0034799128770828247,288
l2954338.2,0.0032435161992907524,0.003470820374786854,288
l2860478.2,0.0032434863969683647,0.003470637835562229,288
l2822857.2,0.0032433245796710253,0.003470304422080517,288
l2822858.2,0.0032432163134217262,0.0034706208389252424,288
l2691939.2,0.0032427918631583452,0.0034705214202404022,288
l3104114.2,0.00324255065061152,0.003468672512099147,288
l3254234.2,0.003241801867261529,0.0034662920515984297,288
l2766742.2,0.0032394209410995245,0.003461262444034219,288
l2935549.2,0.003238935023546219,0.0034690862521529198,288
l2729430.2,0.0032381389755755663,0.003458083141595125,288
l2897807.2,0.0032380458433181047,0.003465702524408698,288
l2914323.2,0.003237814176827669,0.003456044476479292,288
l2859391.2,0.003237719414755702,0.003456556936725974,288
l3029518.2,0.0032377077732235193,0.0034655025228857994,288
l2673322.2,0.003237602999433875,0.0034563669469207525,288
l2710542.2,0.003237583674490452,0.0034570065326988697,288
l2823592.1,0.0032375077717006207,0.0032370558474212885,288
l2973178.2,0.0032374130096286535,0.003465571440756321,288
l2766749.2,0.003237341530621052,0.0034638037905097008,288
l2766730.2,0.003237327327951789,0.003456296632066369,288
l3122815.2,0.003236851654946804,0.0034530977718532085,288
l3010580.2,0.0032368069514632225,0.0034537639003247023,288
l2860506.2,0.0032367531675845385,0.0034532302524894476,288
l2731712.2,0.0032367047388106585,0.003453740617260337,288
l2785543.2,0.0032366726081818342,0.0034537576138973236,288
l2860485.2,0.003236606251448393,0.003453012090176344,288
l2766744.2,0.003236454911530018,0.003453651210293174,288
l2785522.2,0.0032364502549171448,0.0034533259458839893,288
l3254213.2,0.0032363373320549726,0.0034531690180301666,288
l2804257.2,0.003236113814637065,0.0034529247786849737,288
l2673313.2,0.003235905198380351,0.003451974131166935,288
l2729434.2,0.003234672825783491,0.0034499806351959705,288
l2876798.2,0.0032344316132366657,0.0034566496033221483,288
l3216361.2,0.0032343545462936163,0.0034502458292990923,288
l2748152.2,0.0032337766606360674,0.003448219271376729,288
l2804255.2,0.0032335487194359303,0.0034556835889816284,288
l2879063.2,0.0032334430143237114,0.0034540221095085144,288
l3216342.2,0.003233378054574132,0.0034541478380560875,288
l3104124.2,0.0032327191438525915,0.003445874433964491,288
l2935556.2,0.0032326297368854284,0.003446072805672884,288
l2804256.2,0.0032322865445166826,0.003446343122050166,288
l2764399.2,0.003231991548091173,0.0034455854911357164,288
l3216367.2,0.003231925657019019,0.003451577154919505,288
l2954347.2,0.0032318856101483107,0.0034457482397556305,288
l3008232.2,0.0032317829318344593,0.0034457440488040447,288
l2991939.2,0.0032313221599906683,0.0034495459403842688,288
l2673308.2,0.003230019472539425,0.003447056980803609,288
l3160102.2,0.0032300096936523914,0.0034427472855895758,288
l3122816.2,0.003228273242712021,0.003439142368733883,288
l3085398.2,0.0032278671860694885,0.0034376303665339947,288
l3197634.2,0.003227376379072666,0.0034370077773928642,288
l2729408.2,0.003227357752621174,0.0034372934605926275,288
l3010560.2,0.0032263488974422216,0.0034394364338368177,288
l2814529.2,0.003223193110898137,0.0034295590594410896,288
l2916610.2,0.0032227677293121815,0.003429658245295286,288
l3122821.2,0.0032226666808128357,0.0034333509393036366,288
l3189189.2,0.003222619416192174,0.0034291420597583055,288
l2851933.2,0.003222606610506773,0.0034295229706913233,288
l3207907.2,0.003222585655748844,0.0034297045785933733,288
l2822866.2,0.0032220594584941864,0.0034331753849983215,288
l2973167.2,0.003221990307793021,0.003428572556003928,288
l2729414.2,0.003221288323402405,0.003427486401051283,288
l3235258.2,0.00322037935256958,0.003425814211368561,288
l2822871.2,0.003220022888854146,0.0034256752114742994,288
l3082993.1,0.003219574224203825,0.0034162497613579035,288
l3312692.1,0.0032183502335101366,0.0034165233373641968,288
l3120504.1,0.0032181835267692804,0.003415686311200261,288
l2822872.2,0.0032181264832615852,0.003425142029300332,288
l3177894.1,0.0032179290428757668,0.003416410880163312,288
l3197646.2,0.003217593999579549,0.0034226563293486834,288
l3251807.1,0.0032175190281122923,0.0034150804858654737,288
l2858175.1,0.0032175136730074883,0.0034142909571528435,288
l3104136.2,0.003217083401978016,0.0034228982403874397,288
l2989571.1,0.0032165017910301685,0.003415952669456601,288
l3195327.1,0.003216009819880128,0.003412456950172782,288
l2876812.1,0.0032158370595425367,0.003412592224776745,288
l3160109.2,0.003215639153495431,0.003421373665332794,288
l3101787.1,0.0032154310029000044,0.0034120501950383186,288
l3120503.1,0.0032153872307389975,0.0034151794388890266,288
l3008248.1,0.003215355332940817,0.003412956837564707,288
l3027132.1,0.0032152971252799034,0.00341198593378067,288
l2970811.1,0.0032150254119187593,0.0034129666164517403,288
l2748132.1,0.0032150207553058863,0.003411177545785904,288
l3101788.1,0.0032147385645657778,0.003411691403016448,288
l3091052.1,0.0032146924640983343,0.003411482088267803,288
l2841627.1,0.0032146358862519264,0.003410970326513052,288
l2820531.2,0.0032144864089787006,0.0034196588676422834,288
l3251808.1,0.003214438445866108,0.0034092855639755726,288
l2841648.1,0.003214309923350811,0.0034096650779247284,288
l3139103.1,0.0032141287811100483,0.0034123901277780533,288
l3140238.1,0.003214034251868725,0.0034100457560271025,288
l3082992.1,0.0032132770866155624,0.003409871831536293,288
l3216348.1,0.0032132689375430346,0.0034103579819202423,288
l2710544.1,0.0032121313270181417,0.0034097146708518267,288
l2691947.1,0.0032121206168085337,0.0034103645011782646,288
l3216345.2,0.0032118335366249084,0.003414115635678172,288
l2820556.1,0.0032117387745529413,0.0034087742678821087,288
l3254216.1,0.0032116177026182413,0.0034112567082047462,288
l2879070.2,0.0032108037266880274,0.0034132476430386305,288
l2973157.1,0.003210722003132105,0.0034081193152815104,288
l2764412.1,0.003210467752069235,0.003406737931072712,288
l2726983.1,0.0032097743824124336,0.0034059793688356876,288
l2879075.1,0.003209709422662854,0.003403878305107355,288
l3178978.1,0.003209090558812022,0.0034026550129055977,288
l2916234.1,0.003208943409845233,0.0034057635348290205,288
l3215340.1,0.003208661451935768,0.003405418246984482,288
l3141398.1,0.0032080914825201035,0.003401275957003236,288
l2973160.2,0.003207347122952342,0.0034081952180713415,288
l3029506.2,0.0032069969456642866,0.003408364951610565,288
l2673317.1,0.0032068872824311256,0.00339937349781394,288
l2879074.1,0.0032065296545624733,0.0034012659452855587,288
l2710517.1,0.0032060074154287577,0.0034004123881459236,288
l3122820.1,0.003205825574696064,0.0034012021496891975,288
l3197639.1,0.0032043654937297106,0.003399263136088848,288
l2729428.1,0.0032036686316132545,0.003396654035896063,288
l2973159.1,0.003203553846105933,0.0033975106198340654,288
l2710518.1,0.003202644409611821,0.0033932197839021683,288
l2822868.1,0.0032023084349930286,0.0033922987058758736,288
l3160106.1,0.003202201332896948,0.003392779966816306,288
l3216351.1,0.0032021168153733015,0.0033925464376807213,288
l2766723.1,0.0032021014485508204,0.0033921319991350174,288
l2860504.1,0.0032018059864640236,0.0033920379355549812,288
l2691952.1,0.0032017934136092663,0.0033929189667105675,288
l2879081.1,0.0032017685007303953,0.0033926432952284813,288
l2879078.1,0.0032016707118600607,0.0033923902083188295,288
l3066817.1,0.00320145720615983,0.0033930607605725527,288
l2785530.1,0.003201043466106057,0.0033920584246516228,288
l3207907.1,0.0032008416019380093,0.0033897317480295897,288
l3216350.1,0.0032007023692131042,0.0033932924270629883,288
l3172805.1,0.0032005656976252794,0.003393312683328986,288
l3122822.1,0.0032003368251025677,0.0033923110458999872,288
l3048221.1,0.0032001116778701544,0.0033930542413145304,288
l3047058.1,0.0031999005004763603,0.00339123816229403,288
l2973169.1,0.003199866274371743,0.0033903010189533234,288
l3085403.1,0.0031997929327189922,0.0033924393355846405,288
l2858163.1,0.0031997738406062126,0.0033902612049132586,288
l2954355.1,0.003199771512299776,0.0033911082427948713,288
l2766747.1,0.0031997610349208117,0.0033907960169017315,288
l3189190.1,0.0031996783800423145,0.0033899773843586445,288
l2710516.1,0.003199660452082753,0.0033886239398270845,288
l3029500.1,0.0031995163299143314,0.0033898402471095324,288
l3122827.1,0.0031994946766644716,0.0033900903072208166,288
l2814529.1,0.0031992276199162006,0.0033905154559761286,288
l2860493.1,0.0031991663854569197,0.0033922598231583834,288
l3066816.1,0.003199010156095028,0.0033926714677363634,288
l3141412.1,0.0031988443806767464,0.0033894500229507685,288
l3226771.1,0.003198818303644657,0.0033901561982929707,288
l3065696.1,0.003198732389137149,0.003390953876078129,288
l3235247.1,0.0031986385583877563,0.003388885874301195,288
l2851933.1,0.003198307240381837,0.003389763180166483,288
l3632979.1,0.0031981663778424263,0.0033882902935147285,288
l2673312.1,0.003197865327820182,0.0033889436163008213,288
l3216346.1,0.0031978285405784845,0.0033900716807693243,288
l3178976.1,0.0031976266764104366,0.0033901447895914316,288
l3156034.1,0.0031974930316209793,0.0033892584033310413,288
l2748140.1,0.003197397105395794,0.0033893799409270287,288
l2691944.1,0.003197325859218836,0.0033887329045683146,288
l3066821.1,0.003196712816134095,0.003389335237443447,288
l3101789.1,0.00319667044095695,0.0033869482576847076,288
l3178982.1,0.003196660429239273,0.0033880125265568495,288
l3010563.1,0.003196491627022624,0.0033883140422403812,288
l2841623.1,0.003195900935679674,0.003388249548152089,288
l2689691.1,0.003194647841155529,0.003385167568922043,288
l2729414.1,0.003193441079929471,0.0033818737138062716,288
l3235258.1,0.0031883390620350838,0.0033722403459250927,288
l2876814.1,0.0031880016904324293,0.003375100903213024,288
l3178979.3,0.003187403082847595,0.0032300646416842937,288
l2766720.1,0.0031854892149567604,0.0033712838776409626,288
l2685805.1,0.003185021225363016,0.003373244544491172,288
l2729429.1,0.003182449610903859,0.0033643068745732307,288
l2841633.1,0.0031823436729609966,0.003364640288054943,288
l3029505.3,0.003182273358106613,0.003211111295968294,288
l3197647.1,0.003181776963174343,0.0033646293450146914,288
l2991909.1,0.0031816521659493446,0.003365785349160433,288
l2673318.3,0.003181598149240017,0.0032108004670590162,288
l2935557.1,0.0031810514628887177,0.0033633613493293524,288
l2897801.1,0.0031809937208890915,0.0033589391969144344,288
l2785513.1,0.003180735744535923,0.0033600253518670797,288
l2710536.1,0.0031802309677004814,0.0033642747439444065,288
l3233353.1,0.0031802086159586906,0.003362750867381692,288
l2766748.1,0.0031801790464669466,0.0033628137316554785,288
l3066805.1,0.0031800924334675074,0.0033591361716389656,288
l2895461.1,0.0031800251454114914,0.003361843526363373,288
l2785514.1,0.0031799974385648966,0.003359508002176881,288
l3235244.1,0.0031798218842595816,0.003359548980370164,288
l3197638.1,0.003179436782374978,0.0033632221166044474,288
l3010559.1,0.003179022576659918,0.0033599433954805136,288
l2766741.1,0.0031790079083293676,0.0033575494308024645,288
l3120502.1,0.0031790006905794144,0.0033615955617278814,288
l2991905.1,0.003178883343935013,0.0033572320826351643,288
l2821770.1,0.003178719896823168,0.0033570420928299427,288
l2841618.1,0.0031786819454282522,0.0033585666678845882,288
l3160101.1,0.003178674727678299,0.003359914757311344,288
l2915534.1,0.0031786495819687843,0.003357376903295517,288
l3159448.1,0.0031784996390342712,0.0033568772487342358,288
l3122814.3,0.0031783278100192547,0.003195804078131914,288
l3254207.1,0.0031782148871570826,0.003358028829097748,288
l2673311.1,0.003178136423230171,0.0033634116407483816,288
l3010585.1,0.0031780360732227564,0.003361387876793742,288
l3195751.1,0.0031779510900378227,0.0033626705408096313,288
l2821010.1,0.003177872858941555,0.003362541552633047,288
l3141403.1,0.003177835838869214,0.003359026275575161,288
l2860481.3,0.0031776009127497673,0.003193057607859373,288
l3143999.1,0.003177170641720295,0.0033571049571037292,288
l2841621.3,0.0031768684275448322,0.0031911341939121485,288
l3027133.1,0.00317681604065001,0.003359174821525812,288
l2914324.1,0.003176757600158453,0.0033604158088564873,288
l3122811.1,0.0031765971798449755,0.003354755463078618,288
l3216337.1,0.0031764302402734756,0.0033548295032233,288
l2785546.1,0.0031764039304107428,0.0033595121931284666,288
l3122847.1,0.0031762318685650826,0.0033596123103052378,288
l2952014.1,0.0031762300059199333,0.0033616654109209776,288
l3197641.1,0.003176212776452303,0.003355845808982849,288
l2822861.1,0.0031760861165821552,0.0033538942225277424,288
l2879087.1,0.0031757340766489506,0.0033583659678697586,288
l3216358.1,0.0031756930984556675,0.003357520094141364,288
l2973161.1,0.003175439080223441,0.0033560635056346655,288
l2876813.1,0.0031754188239574432,0.0033556874841451645,288
l2860477.1,0.00317518156953156,0.0033552220556885004,288
l2857591.1,0.003174977144226432,0.003359005320817232,288
l3270814.1,0.0031749450135976076,0.0033553806133568287,288
l2841616.1,0.0031747317407280207,0.003353878390043974,288
l2952013.1,0.003174577606841922,0.003358143847435713,288
l2841615.1,0.003174395766109228,0.003354729153215885,288
l3197618.1,0.003174340585246682,0.003355672350153327,288
l2954348.1,0.0031742071732878685,0.0033543268218636513,288
l2691973.1,0.0031738097313791513,0.0033520872239023447,288
l2691936.1,0.0031738057732582092,0.0033551801461726427,288
l3235249.1,0.0031736968085169792,0.003353679087013006,288
l3141389.1,0.003173624398186803,0.0033554041292518377,288
l3120376.1,0.0031736036762595177,0.003352310974150896,288
l2895449.3,0.0031735962256789207,0.003184846369549632,288
l2954345.3,0.0031733352225273848,0.003184750210493803,288
l3048227.1,0.003172915894538164,0.003349266480654478,288
l3160123.1,0.003172831377014518,0.0033504271414130926,288
l3010561.1,0.003172815777361393,0.0033492951188236475,288
l2785531.1,0.0031727938912808895,0.0033564167097210884,288
l3216336.1,0.003172748489305377,0.0033548178616911173,288
l2897805.1,0.0031727130990475416,0.003350517712533474,288
l2916598.1,0.0031724106520414352,0.003351780818775296,288
l2916599.1,0.003172034164890647,0.0033533477690070868,288
l2954357.1,0.0031716604717075825,0.0033522897865623236,288
l3048212.1,0.0031708006281405687,0.0033518788404762745,288
l2729413.1,0.0031707310117781162,0.0033493274822831154,288
l2804262.1,0.0031707179732620716,0.0033480541314929724,288
l3178972.3,0.0031707121524959803,0.0031781175639480352,288
l2973154.1,0.0031702136620879173,0.003344635246321559,288
l2973165.1,0.003170018084347248,0.0033473207149654627,288
l3254204.1,0.003169964998960495,0.003344411961734295,288
l2841622.1,0.00316989840939641,0.0033449248876422644,288
l3104123.3,0.003169747767969966,0.003176349215209484,288
l3178971.1,0.0031696876976639032,0.003345589619129896,288
l2876796.1,0.003169498173519969,0.003344073425978422,288
l2879067.1,0.00316941412165761,0.00334554654546082,288
l3066812.1,0.0031693759374320507,0.0033443819265812635,288
l3253995.3,0.0031692716293036938,0.0031758109107613564,288
l3066815.3,0.003169246483594179,0.0031782062724232674,288
l3104119.1,0.003169106552377343,0.003345845965668559,288
l3177665.1,0.003169103991240263,0.003343949792906642,288
l3728041.1,0.0031689670868217945,0.00334435747936368,288
l2729206.3,0.003168613649904728,0.0031742469873279333,288
l2804254.1,0.0031684781424701214,0.003345316043123603,288
l3197633.1,0.0031684343703091145,0.003344903001561761,288
l2729207.3,0.003168395021930337,0.0031734316144138575,288
l2876797.1,0.0031683635897934437,0.003342606592923403,288
l2973155.1,0.003168257186189294,0.003341102274134755,288
l2879069.1,0.003168161492794752,0.003344676923006773,288
l2860482.1,0.003168079536408186,0.0033441532868891954,288
l3103822.3,0.0031680758111178875,0.003173840930685401,288
l3728039.1,0.00316794915124774,0.0033439891412854195,288
l3729298.1,0.003167918650433421,0.0033417881932109594,288
l3728040.1,0.003167829941958189,0.0033441977575421333,288
l3728043.1,0.0031677568331360817,0.003344046650454402,288
l2878848.3,0.003167754737660289,0.003173127304762602,288
l3728037.1,0.0031676357612013817,0.0033432054333388805,288
l2841639.1,0.0031675936188548803,0.0033490227069705725,288
l2766499.3,0.0031675680074840784,0.003172385971993208,288
l3728038.1,0.0031675398349761963,0.003343970514833927,288
l3727709.1,0.0031672290060669184,0.0033429223112761974,288
l3727708.1,0.003167133778333664,0.0033426620066165924,288
l2897554.3,0.003167113522067666,0.003171980381011963,288
l3728042.1,0.003166660200804472,0.0033441977575421333,288
l3727712.1,0.003166474401950836,0.003342954209074378,288
l3784018.1,0.0031663281843066216,0.0033418983221054077,288
l3727710.1,0.0031657421495765448,0.003342956770211458,288
l3727707.1,0.00316566601395607,0.003342488082125783,288
l2822869.1,0.0031655984930694103,0.0033420377876609564,288
l2785521.3,0.0031652438919991255,0.0031679263338446617,288
l2841635.1,0.003164750523865223,0.0033396221697330475,288
l3729297.1,0.003164734225720167,0.0033411765471100807,288
l3727711.1,0.003164713503792882,0.0033431064803153276,288
l3342743.3,0.0031645898707211018,0.003166045993566513,288
l2726973.1,0.0031645421404391527,0.003340838709846139,288
l3645809.3,0.0031645153649151325,0.0031661614775657654,288
l3197661.3,0.0031641321256756783,0.0031653386540710926,288
l3178973.1,0.003164065768942237,0.003338196547701955,288
l3122848.3,0.0031640289817005396,0.003165522823110223,288
l2897777.3,0.0031637893989682198,0.0031650348100811243,288
l3645812.3,0.0031637561041861773,0.0031660927925258875,288
l3645811.3,0.003163668792694807,0.003164588240906596,288
l3649302.1,0.0031635670457035303,0.0033370901364833117,288
l2991908.1,0.0031634734477847815,0.0033380500972270966,288
l3645810.3,0.003163340501487255,0.0031650455202907324,288
l3235254.3,0.003163044573739171,0.003163589397445321,288
l3649299.1,0.003162275068461895,0.003336677560582757,288
l3649305.1,0.0031622620299458504,0.003337245434522629,288
l3176656.1,0.0031619917135685682,0.003334508277475834,288
l3649306.1,0.003161883680149913,0.003336740890517831,288
l3649300.1,0.0031618785578757524,0.0033368542790412903,288
l3649304.1,0.0031614687759429216,0.0033372482284903526,288
l3649301.1,0.00316139729693532,0.0033369706943631172,288
l2785529.3,0.003160961903631687,0.0031592075247317553,288
l3197631.1,0.003160495776683092,0.00333113013766706,288
l3649298.1,0.003160004736855626,0.003336224239319563,288
l2935555.1,0.0031599747017025948,0.0033312418963760138,288
l2935554.1,0.0031596075277775526,0.0033301422372460365,288
l3649297.1,0.003159384010359645,0.003335801651701331,288
l2897773.1,0.0031592962332069874,0.0033308821730315685,288
l2748127.1,0.003159125568345189,0.0033312204759567976,288
l3159645.1,0.003159030806273222,0.0033290861174464226,288
l2820528.3,0.0031585125252604485,0.003154487581923604,288
l3120484.3,0.003158442210406065,0.0031547818798571825,288
l2983432.1,0.003158286213874817,0.0033289939165115356,288
l2745799.3,0.0031577758491039276,0.0031545485835522413,288
l2929261.1,0.0031577348709106445,0.003329081228002906,288
l3122817.3,0.003156897844746709,0.003152180928736925,288
l2673314.3,0.0031565125100314617,0.0031520698685199022,288
l2766719.1,0.003155913669615984,0.003327083308249712,288
l3177881.3,0.0031558163464069366,0.003150577424094081,288
l3157708.3,0.003155804006382823,0.003148855874314904,288
l2710511.1,0.0031557173933833838,0.0033267694525420666,288
l3122818.3,0.003155479906126857,0.0031506791710853577,288
l2973153.1,0.003154998878017068,0.0033251887653023005,288
l3197640.3,0.003154959063977003,0.003148809541016817,288
l2673323.3,0.0031540824566036463,0.003148593008518219,288
l3048222.3,0.003153954166918993,0.0031481944024562836,288
l2991933.3,0.0031537909526377916,0.00314875110052526,288
l2746587.3,0.003153678961098194,0.003149118274450302,288
l3122837.3,0.003153519006446004,0.0031484568025916815,288
l2710525.3,0.003153307596221566,0.0031483503989875317,288
l3216123.1,0.0031515993177890778,0.003322448581457138,288
l2972930.1,0.003151184180751443,0.003320078831166029,288
l2991914.3,0.0031503518112003803,0.0031410339288413525,288
l3160103.3,0.0031503112986683846,0.0031447012443095446,288
l2729410.3,0.0031465967185795307,0.003136700252071023,288
l3254217.3,0.0031457310542464256,0.0031359861604869366,288
l2916608.3,0.003144146641716361,0.003138280240818858,288
l2822870.3,0.0031438423320651054,0.003134147496894002,288
l2766725.3,0.0031435841228812933,0.0031341437716037035,288
l2766724.3,0.0031433780677616596,0.003132931888103485,288
l2954353.1,0.003141931723803282,0.0033048565965145826,288
l2858166.1,0.0031418250873684883,0.0033082328736782074,288
l2766716.3,0.0031407326459884644,0.0031343544833362103,288
l2685809.1,0.0031406842172145844,0.0033047476317733526,288
l3254209.3,0.003139995504170656,0.0031343719456344843,288
l3235245.3,0.003139668144285679,0.0031344140879809856,288
l3235248.3,0.003139524022117257,0.0031362276058644056,288
l2916607.3,0.003138881642371416,0.003136038314551115,288
l3010564.3,0.003138237865641713,0.0031358611304312944,288
l3141396.3,0.0031378960702568293,0.0031344699673354626,288
l3066808.3,0.0031378359999507666,0.003134394297376275,288
l2785517.3,0.003137701191008091,0.003134208032861352,288
l2710515.3,0.0031372627709060907,0.003135706763714552,288
l2748125.3,0.0031368236523121595,0.0031343167647719383,288
l3254208.3,0.003136740066111088,0.003134452737867832,288
l3066809.3,0.003136715153232217,0.0031341910362243652,288
l3235258.3,0.003136410377919674,0.003129815449938178,288
l2897767.3,0.0031364066526293755,0.003134245751425624,288
l2748126.3,0.0031359249260276556,0.003135581035166979,288
l2933120.3,0.0031359191052615643,0.0031343165319412947,288
l3104118.3,0.003135869512334466,0.003135595005005598,288
l2954344.3,0.0031357514671981335,0.003134302794933319,288
l2745806.3,0.0031356264371424913,0.0031340213026851416,288
l2766746.3,0.0031355854589492083,0.003135614562779665,288
l2673303.3,0.003135581500828266,0.003134167520329356,288
l3235241.3,0.00313553330488503,0.003135563572868705,288
l2879089.3,0.0031355093233287334,0.003135652979835868,288
l3066810.3,0.003135380567982793,0.0031360446009784937,288
l3085401.1,0.0031352052465081215,0.00329784257337451,288
l2925506.3,0.0031351728830486536,0.003135885111987591,288
l3104117.3,0.003135151695460081,0.003133933525532484,288
l3141395.3,0.003135062288492918,0.00313606602139771,288
l2710543.3,0.003135033417493105,0.0031360744033008814,288
l3778577.3,0.00313485786318779,0.003136101644486189,288
l3235268.3,0.0031348569318652153,0.0031356539111584425,288
l2841645.3,0.0031345917377620935,0.003135773353278637,288
l3235267.3,0.003134547732770443,0.003135637380182743,288
l2691941.3,0.0031344443559646606,0.0031354965176433325,288
l3066829.3,0.0031341267749667168,0.003135654143989086,288
l2897769.3,0.003134065307676792,0.0031359295826405287,288
l2729414.3,0.003133328864350915,0.003129200078547001,288
l3181545.3,0.0031321938149631023,0.0031406478956341743,288
l3207907.3,0.003130979835987091,0.0031297372188419104,288
l3125349.3,0.0031302906572818756,0.0031413277611136436,288
l2851933.3,0.0031302873976528645,0.0031296738889068365,288
l3189188.3,0.0031302785500884056,0.0031297397799789906,288
l3235243.3,0.003130269469693303,0.0031426772475242615,288
l3047073.3,0.0031298366375267506,0.003143626730889082,288
l2814529.3,0.0031297998502850533,0.0031300389673560858,288
l3216368.3,0.003129766322672367,0.0031299053225666285,288
l2710532.3,0.0031294922810047865,0.00313007365912199,288
l2935560.3,0.0031292203348129988,0.0031297600362449884,288
l2970258.3,0.003128897398710251,0.003143397392705083,288
l2973166.3,0.0031288701575249434,0.003130199620500207,288
l2690868.3,0.0031287004239857197,0.0031438241712749004,288
l3232301.3,0.0031285632867366076,0.003143904497846961,288
l2763811.3,0.003128398209810257,0.0031451056711375713,288
l2803194.3,0.0031283097341656685,0.0031437149737030268,288
l2862616.3,0.0031277164816856384,0.003147016279399395,288
l2841631.3,0.003127448260784149,0.003130905330181122,288
l3101194.3,0.003127153031527996,0.003146745264530182,288
l3141402.3,0.0031269106548279524,0.0031309856567531824,288
l3197642.3,0.003126892726868391,0.003130862256512046,288
l2763812.3,0.0031268754974007607,0.0031454935669898987,288
l2951995.3,0.0031266724690794945,0.0031463773921132088,288
l2879092.3,0.0031265888828784227,0.003131334902718663,288
l3010568.1,0.003126461524516344,0.0032868965063244104,288
l2673319.3,0.003126257797703147,0.003131076693534851,288
l3141411.3,0.0031261187978088856,0.0031312687788158655,288
l3104129.1,0.003120050998404622,0.0032764130737632513,288
l3141401.1,0.003115773666650057,0.003269942244514823,288
l2748840.2,0.003112035570666194,0.0030986075289547443,288
l2936275.2,0.003111954778432846,0.003098922548815608,288
l3142099.2,0.003111796686425805,0.003098625224083662,288
l2861223.2,0.0031117768958210945,0.003098569344729185,288
l3086075.2,0.0031116430182009935,0.0030985858757048845,288
l3179674.2,0.0031115252058953047,0.003098647575825453,288
l3086079.2,0.0031114895828068256,0.0030988880898803473,288
l2936276.2,0.0031114891171455383,0.0030990003142505884,288
l3011293.2,0.003111485857516527,0.0030990680679678917,288
l3234149.2,0.003111388999968767,0.003097199834883213,288
l2785515.3,0.001951676676981151,0.002138559240847826,288
l2673306.3,0.0019514651503413916,0.0021378882229328156,288
l3104155.3,0.0019514299929141998,0.0021376924123615026,288
l2897806.3,0.0019511862192302942,0.002137974835932255,288
l3104154.3,0.001951047102920711,0.0021376051008701324,288
l3047289.3,0.001950747799128294,0.0021325242705643177,288
l2804282.3,0.0019507416291162372,0.0021376439835876226,288
l2841619.3,0.0019502900540828705,0.002138278214260936,288
l2822863.3,0.001949551166035235,0.0021362619008868933,288
l3215385.3,0.0019494957523420453,0.0021325545385479927,288
l2729406.3,0.0019492225255817175,0.0021360761020332575,288
l2935551.3,0.0019490648992359638,0.0021351883187890053,288
l2897768.3,0.0019487933022901416,0.002136280992999673,288
l2673307.3,0.001947415410540998,0.002134856302291155,288
l2879062.3,0.0019468383397907019,0.0021337515208870173,288
l3085392.3,0.0019456855952739716,0.0021316620986908674,288
l3029498.3,0.0019449330866336823,0.0021262711379677057,288
l3029497.3,0.0019443759229034185,0.0021316600032150745,288
l3085393.3,0.001943738549016416,0.0021297794301062822,288
l2897770.3,0.0019435042049735785,0.002129902131855488,288
l3082981.3,0.001943236798979342,0.0021293635945767164,288
l2748128.3,0.0019430307438597083,0.002129301428794861,288
l3216343.3,0.0019423261983320117,0.0021290506701916456,288
l3197627.3,0.0019413804402574897,0.0021286059636622667,288
l3197626.3,0.0019373218528926373,0.0021229300182312727,288
l3066807.3,0.0019370628288015723,0.0021232510916888714,288
l2991640.3,0.0019365301122888923,0.002123009879142046,288
l2897766.3,0.0019317633705213666,0.002116590738296509,288
l2935550.3,0.0019315311219543219,0.0021161672193557024,288
l3066806.3,0.0019315257668495178,0.0021163560450077057,288
l2688693.3,0.0019313548691570759,0.002112391171976924,288
l2822862.3,0.0019308158662170172,0.0021164570935070515,288
l2710509.3,0.0019307131879031658,0.0021163029596209526,288
l2991940.3,0.0019275707891210914,0.002112193964421749,288
l3048228.3,0.0019275011727586389,0.0021121688187122345,288
l3048205.3,0.001922483672387898,0.0021056963596493006,288
l2804249.3,0.001920935232192278,0.002100083976984024,288
l2674052.3,0.0019187094876542687,0.0021010180935263634,288
l2842390.3,0.0019183573313057423,0.002101029036566615,288
l3048968.3,0.0019179400987923145,0.002100960351526737,288
l3198356.3,0.0019176689675077796,0.002100489567965269,288
l2804250.3,0.0019167574355378747,0.0020986609160900116,288
l2822865.3,0.001914715627208352,0.0020958834793418646,288
l2822864.3,0.001914157997816801,0.0020959728863090277,288
l2916605.3,0.001914141932502389,0.002095612697303295,288
l2916606.3,0.0019141113152727485,0.00209599151276052,288
l3085394.3,0.001913822372443974,0.002095708856359124,288
l2936279.3,0.0019044897053390741,0.0020820200443267822,288
l3045895.3,0.001900654286146164,0.0020787736866623163,288
l2692664.3,0.001900097937323153,0.00207888288423419,288
l2935552.3,0.0018999374005943537,0.002078690566122532,288
l2767414.3,0.0018948755459859967,0.0020710329990833998,288
l3160878.3,0.0018937045242637396,0.0020703068003058434,288
l2917336.3,0.0018932984676212072,0.0020705601200461388,288
l2875754.3,0.0018927819328382611,0.0020698101725429296,288
l3011298.3,0.001892418134957552,0.002067689783871174,288
l2898526.3,0.0018841868732124567,0.0020578205585479736,288
l2786274.3,0.0018837422830983996,0.0020572994835674763,288
l3179682.3,0.001882987329736352,0.0020573416259139776,288
l2692633.3,0.0018748632865026593,0.00205195602029562,288
l2861218.3,0.0018726318376138806,0.0020452269818633795,288
l3104830.3,0.0018716491758823395,0.0020476633217185736,288
l3142049.3,0.0018706665141507983,0.002045977395027876,288
l2728247.3,0.0018699450884014368,0.0020436709746718407,288
l2730106.3,0.0018695116741582751,0.0020447401329874992,288
l2896685.3,0.0018693374004215002,0.002043892862275243,288
l2990826.3,0.001868832390755415,0.0020440067164599895,288
l2805031.3,0.0018687716219574213,0.0020403643138706684,288
l3215203.3,0.0018687578849494457,0.0020434940233826637,288
l2915542.3,0.0018686569528654218,0.0020436362829059362,288
l2803199.3,0.0018676718464121222,0.0020427911076694727,288
l2730163.3,0.00186434097122401,0.002036390593275428,288
l2730149.3,0.001863736193627119,0.002038136124610901,288
l3160793.3,0.0018618876347318292,0.002035855082795024,288
l3030199.3,0.0018616666784510016,0.0020341528579592705,288
l2767340.3,0.0018615549197420478,0.0020357018802314997,288
l3150961.3,0.0018601790070533752,0.0020345160737633705,288
l3254870.3,0.0018599187023937702,0.0020336690358817577,288
l2970804.3,0.0018593677086755633,0.002009942661970854,288
l3030126.3,0.0018591814441606402,0.0020337807945907116,288
l2767341.3,0.001859139185398817,0.002032776363193989,288
l3176661.3,0.0018587029771879315,0.0020098681561648846,288
l3048937.3,0.0018586884252727032,0.0020096658263355494,288
l2767343.3,0.0018586122896522284,0.0020093482453376055,288
l2891575.3,0.0018583196215331554,0.0020087016746401787,288
l2804957.3,0.001858265488408506,0.0020097196102142334,288
l2764411.3,0.0018580933101475239,0.002009082119911909,288
l3123452.3,0.0018572782864794135,0.0020307807717472315,288
l2917255.3,0.001856488874182105,0.0020298324525356293,288
l2861197.3,0.0018563286866992712,0.0020296317525207996,288
l3104796.3,0.0018561775796115398,0.002029618015512824,288
l3160896.3,0.0018559673335403204,0.0020295074209570885,288
l3048888.3,0.001855679671280086,0.0020062364637851715,288
l3064514.3,0.001855578739196062,0.0020057111978530884,288
l2936211.3,0.0018552379915490746,0.0020283758640289307,288
l2842329.3,0.0018550989916548133,0.0020288219675421715,288
l3236004.3,0.0018550439272075891,0.0020286249928176403,288
l3214069.3,0.00185476616024971,0.0020286249928176403,288
l3214071.3,0.0018546722130849957,0.0020278047304600477,288
l2861158.3,0.0018536464776843786,0.0020036594942212105,288
l2952007.3,0.001853481400758028,0.002003371249884367,288
l3048889.3,0.0018531291279941797,0.0020024164114147425,288
l2692655.3,0.0018527007196098566,0.002024643123149872,288
l3048890.3,0.0018519009463489056,0.0020011882297694683,288
l2674047.3,0.0018516075797379017,0.0020235416013747454,288
l3179637.3,0.0018507482018321753,0.0020003144163638353,288
l3027124.3,0.001850329339504242,0.0019997842609882355,288
l2745811.3,0.0018502684542909265,0.0019996108021587133,288
l3254873.3,0.0018493612296879292,0.001998914172872901,288
l3160862.3,0.0018482969608157873,0.0020205597393214703,288
l3217052.3,0.0018480540020391345,0.0020195250399410725,288
l3104850.3,0.001847845851443708,0.0020207001361995935,288
l3142050.3,0.0018475721590220928,0.001997445710003376,288
l3086074.3,0.0018474579555913806,0.0020194044336676598,288
l3104853.3,0.0018472692463546991,0.002018920611590147,288
l2767408.3,0.0018472456140443683,0.0020195571705698967,288
l3552667.3,0.0018471027724444866,0.0020204028114676476,288
l3160861.3,0.001847013016231358,0.002019519917666912,288
l3217053.3,0.0018469893839210272,0.0020192808005958796,288
l2801909.3,0.0018465867033228278,0.0019616580102592707,288
l3067507.3,0.0018455468816682696,0.002017467748373747,288
l3030200.3,0.001843510428443551,0.002015705220401287,288
l2711225.3,0.0018428792245686054,0.002015681704506278,288
l3160872.3,0.0018415318336337805,0.0020138791296631098,288
l2955077.3,0.0018402611603960395,0.002012177836149931,288
l2806553.3,0.00183854007627815,0.001987229101359844,288
l2861157.3,0.0018339107045903802,0.001981787383556366,288
l2763407.3,0.0018336259527131915,0.0019814015831798315,288
l3067448.3,0.001833569724112749,0.001981377601623535,288
l2937757.3,0.0018333428306505084,0.0019808453507721424,288
l3253570.3,0.0018327438738197088,0.0019806979689747095,288
l3030203.3,0.0018318705260753632,0.0020023281686007977,288
l3160871.3,0.0018310456071048975,0.002002452500164509,288
l3179673.3,0.0018307322170585394,0.0020026639103889465,288
l2842384.3,0.0018289308063685894,0.0019995342008769512,288
l2992556.3,0.0018271994777023792,0.001974727027118206,288
l2898515.3,0.0018232236616313457,0.001986256567761302,288
l3048946.3,0.0018232096917927265,0.001986107090488076,288
l3198347.3,0.00182298943400383,0.001986680319532752,288
l3067506.3,0.0018226206302642822,0.0019857618026435375,288
l3048966.3,0.0018224947853013873,0.0019857962615787983,288
l3030205.3,0.0018219181802123785,0.0019851187244057655,288
l2936216.3,0.0018170947441831231,0.001961075235158205,288
l3234149.3,0.0018167959060519934,0.001970922341570258,288
l2786204.3,0.00181497388985008,0.0019582484383136034,288
l3011293.3,0.0018146721413359046,0.0019679570104926825,288
l3123509.3,0.001814256887882948,0.001968345372006297,288
l2730108.3,0.0018136041471734643,0.0019564724061638117,288
l2936268.3,0.0018089248333126307,0.0019529772689566016,288
l3160863.3,0.001808177214115858,0.001949082245118916,288
