0,0.689769313
0.083333333,0.685405668
0.166666667,0.681135653
0.25,0.676959267
0.333333333,0.672876512
0.416666667,0.668887387
0.5,0.664991892
0.583333333,0.661190026
0.666666667,0.657481791
0.75,0.653867185
0.833333333,0.65034621
0.916666667,0.646918865
1,0.643585149
1.083333333,0.640345063
1.166666667,0.637198608
1.25,0.634145782
1.333333333,0.631186586
1.416666667,0.628321021
1.5,0.625549085
1.583333333,0.622849592
1.666666667,0.620201355
1.75,0.617604375
1.833333333,0.615058651
1.916666667,0.612564183
2,0.610120971
2.083333333,0.607729015
2.166666667,0.605388316
2.25,0.603098872
2.333333333,0.600860685
2.416666667,0.598673754
2.5,0.596538079
2.583333333,0.59445934
2.666666667,0.592443213
2.75,0.590489701
2.833333333,0.588598802
2.916666667,0.586770517
3,0.585004846
3.083333333,0.583301788
3.166666667,0.581661345
3.25,0.580083515
3.333333333,0.578568298
3.416666667,0.577115696
3.5,0.575725707
3.583333333,0.574427426
3.666666667,0.573249948
3.75,0.572193272
3.833333333,0.571257399
3.916666667,0.570442328
4,0.569748059
4.083333333,0.569174594
4.166666667,0.56872193
4.25,0.56839007
4.333333333,0.568179011
4.416666667,0.568088755
4.5,0.568119302
4.583333333,0.568204352
4.666666667,0.568277607
4.75,0.568339066
4.833333333,0.56838873
4.916666667,0.568426599
5,0.568452672
5.083333333,0.56846695
5.166666667,0.568469432
5.25,0.568460119
5.333333333,0.56843901
5.416666667,0.568406106
5.5,0.568361406
5.583333333,0.568425728
5.666666667,0.568719888
5.75,0.569243885
5.833333333,0.56999772
5.916666667,0.570981392
6,0.572194903
6.083333333,0.573638251
6.166666667,0.575311437
6.25,0.57721446
6.333333333,0.579347322
6.416666667,0.581710021
6.5,0.584302557
6.583333333,0.587066048
6.666666667,0.589941608
6.75,0.592929238
6.833333333,0.596028937
6.916666667,0.599240705
7,0.602564544
7.083333333,0.606000451
7.166666667,0.609548429
7.25,0.613208476
7.333333333,0.616980592
7.416666667,0.620864778
7.5,0.624861034
7.583333333,0.628913983
7.666666667,0.63296825
7.75,0.637023835
7.833333333,0.641080737
7.916666667,0.645138957
8,0.649198495
8.083333333,0.65325935
8.166666667,0.657321524
8.25,0.661385015
8.333333333,0.665449823
8.416666667,0.66951595
8.5,0.673583394
8.583333333,0.677691462
8.666666667,0.681879459
8.75,0.686147386
8.833333333,0.690495243
8.916666667,0.694923029
9,0.699430745
9.083333333,0.70401839
9.166666667,0.708685965
9.25,0.71343347
9.333333333,0.718260904
9.416666667,0.723168268
9.5,0.728155561
9.583333333,0.733208246
9.666666667,0.738311784
9.75,0.743466175
9.833333333,0.74867142
9.916666667,0.753927518
10,0.759234469
10.08333333,0.764592274
10.16666667,0.770000932
10.25,0.775460443
10.33333333,0.780970807
10.41666667,0.786532025
10.5,0.792144096
10.58333333,0.797770983
10.66666667,0.803376649
10.75,0.808961093
10.83333333,0.814524316
10.91666667,0.820066317
11,0.825587098
11.08333333,0.831086656
11.16666667,0.836564994
11.25,0.842022109
11.33333333,0.847458004
11.41666667,0.852872677
11.5,0.858266129
11.58333333,0.863623238
11.66666667,0.868928882
11.75,0.874183062
11.83333333,0.879385777
11.91666667,0.884537028
12,0.889636815
12.08333333,0.894685137
12.16666667,0.899681994
12.25,0.904627387
12.33333333,0.909521316
12.41666667,0.91436378
12.5,0.919154779
12.58333333,0.923899139
12.66666667,0.928601682
12.75,0.933262409
12.83333333,0.937881321
12.91666667,0.942458416
13,0.946993696
13.08333333,0.95148716
13.16666667,0.955938807
13.25,0.960348639
13.33333333,0.964716655
13.41666667,0.969042854
13.5,0.973327238
13.58333333,0.977468024
13.66666667,0.981363428
13.75,0.985013452
13.83333333,0.988418095
13.91666667,0.991577357
14,0.994491239
14.08333333,0.99715974
14.16666667,0.99958286
14.25,1.001760599
14.33333333,1.003692957
14.41666667,1.005379935
14.5,1.006821531
14.58333333,1.008223807
14.66666667,1.00979282
14.75,1.01152857
14.83333333,1.013431059
14.91666667,1.015500285
15,1.017736249
15.08333333,1.02013895
15.16666667,1.022708389
15.25,1.025444566
15.33333333,1.028347481
15.41666667,1.031417133
15.5,1.034653523
15.58333333,1.037819653
15.66666667,1.040678526
15.75,1.043230142
15.83333333,1.045474501
15.91666667,1.047411603
16,1.049041447
16.08333333,1.050364035
16.16666667,1.051379365
16.25,1.052087439
16.33333333,1.052488255
16.41666667,1.052581814
16.5,1.052368116
16.58333333,1.051941616
16.66666667,1.05139677
16.75,1.050733578
16.83333333,1.049952039
16.91666667,1.049052155
17,1.048033924
17.08333333,1.046897346
17.16666667,1.045642423
17.25,1.044269153
17.33333333,1.042777538
17.41666667,1.041167575
17.5,1.039439267
17.58333333,1.037588723
17.66666667,1.035612055
17.75,1.033509261
17.83333333,1.031280343
17.91666667,1.028925299
18,1.026444131
18.08333333,1.023836839
18.16666667,1.021103421
18.25,1.018243878
18.33333333,1.015258211
18.41666667,1.012146419
18.5,1.008908502
18.58333333,1.005665249
18.66666667,1.002537452
18.75,0.999525108
18.83333333,0.996628219
18.91666667,0.993846784
19,0.991180804
19.08333333,0.988630278
19.16666667,0.986195207
19.25,0.98387559
19.33333333,0.981671427
19.41666667,0.979582718
19.5,0.977609464
19.58333333,0.975642527
19.66666667,0.973572769
19.75,0.971400191
19.83333333,0.969124791
19.91666667,0.966746571
20,0.96426553
20.08333333,0.961681668
20.16666667,0.958994985
20.25,0.956205482
20.33333333,0.953313158
20.41666667,0.950318013
20.5,0.947220047
20.58333333,0.943883613
20.66666667,0.940173063
20.75,0.936088398
20.83333333,0.931629617
20.91666667,0.92679672
21,0.921589707
21.08333333,0.916008579
21.16666667,0.910053335
21.25,0.903723975
21.33333333,0.8970205
21.41666667,0.889942908
21.5,0.882491201
21.58333333,0.874876738
21.66666667,0.867310876
21.75,0.859793616
21.83333333,0.852324959
21.91666667,0.844904903
22,0.837533449
22.08333333,0.830210598
22.16666667,0.822936348
22.25,0.8157107
22.33333333,0.808533655
22.41666667,0.801405211
22.5,0.79432537
22.58333333,0.787323075
22.66666667,0.780427273
22.75,0.773637963
22.83333333,0.766955146
22.91666667,0.76037882
23,0.753908987
23.08333333,0.747545646
23.16666667,0.741288798
23.25,0.735138442
23.33333333,0.729094578
23.41666667,0.723157206
23.5,0.717326326
23.58333333,0.711601939
23.66666667,0.705984044
23.75,0.700472641
23.83333333,0.695067731
23.91666667,0.689769313
