mv_node,lv_x_node_1,lv_x_node_2,sx_node_1,sx_node_2
L2804253.1,X2804253A.1,X2804253A.2,SX2804253A.1,SX2804253A.2
L3254213.2,X3254213B.1,X3254213B.2,SX3254213B.1,SX3254213B.2
L3216339.2,X3216339B.1,X3216339B.2,SX3216339B.1,SX3216339B.2
L2954355.1,X2954355A.1,X2954355A.2,SX2954355A.1,SX2954355A.2
L2861197.3,X2861197C.1,X2861197C.2,SX2861197C.1,SX2861197C.2
L2842379.1,X2842379A.1,X2842379A.2,SX2842379A.1,SX2842379A.2
L2841636.2,X2841636B.1,X2841636B.2,SX2841636B.1,SX2841636B.2
L3047289.1,X3047289A.1,X3047289A.2,SX3047289A.1,SX3047289A.2
L3047289.2,X3047289B.1,X3047289B.2,SX3047289B.1,SX3047289B.2
L3047289.3,X3047289C.1,X3047289C.2,SX3047289C.1,SX3047289C.2
L3085399.3,X3085399C.1,X3085399C.2,SX3085399C.1,SX3085399C.2
L3085391.2,X3085391B.1,X3085391B.2,SX3085391B.1,SX3085391B.2
L2897778.1,X2897778A.1,X2897778A.2,SX2897778A.1,SX2897778A.2
L3197647.1,X3197647A.1,X3197647A.2,SX3197647A.1,SX3197647A.2
L2936275.2,X2936275B.1,X2936275B.2,SX2936275B.1,SX2936275B.2
L2729408.2,X2729408B.1,X2729408B.2,SX2729408B.1,SX2729408B.2
L2673310.1,X2673310A.1,X2673310A.2,SX2673310A.1,SX2673310A.2
L3048212.1,X3048212A.1,X3048212A.2,SX3048212A.1,SX3048212A.2
L3104133.1,X3104133A.1,X3104133A.2,SX3104133A.1,SX3104133A.2
L2879087.1,X2879087A.1,X2879087A.2,SX2879087A.1,SX2879087A.2
L2710510.3,X2710510C.1,X2710510C.2,SX2710510C.1,SX2710510C.2
L3122810.2,X3122810B.1,X3122810B.2,SX3122810B.1,SX3122810B.2
L2954352.3,X2954352C.1,X2954352C.2,SX2954352C.1,SX2954352C.2
L2729411.1,X2729411A.1,X2729411A.2,SX2729411A.1,SX2729411A.2
L3178971.1,X3178971A.1,X3178971A.2,SX3178971A.1,SX3178971A.2
L3254234.2,X3254234B.1,X3254234B.2,SX3254234B.1,SX3254234B.2
293471.1,X_293471A.1,X_293471A.2,,
293471.2,X_293471B.1,X_293471B.2,,
293471.3,X_293471C.1,X_293471C.2,,
L2860482.1,X2860482A.1,X2860482A.2,SX2860482A.1,SX2860482A.2
L2763811.3,X2763811C.1,X2763811C.2,SX2763811C.1,SX2763811C.2
L3251799.1,X3251799A.1,X3251799A.2,SX3251799A.1,SX3251799A.2
L2898526.3,X2898526C.1,X2898526C.2,SX2898526C.1,SX2898526C.2
L2897780.2,X2897780B.1,X2897780B.2,SX2897780B.1,SX2897780B.2
L3027124.3,X3027124C.1,X3027124C.2,SX3027124C.1,SX3027124C.2
L2954361.2,X2954361B.1,X2954361B.2,SX2954361B.1,SX2954361B.2
L2745811.3,X2745811C.1,X2745811C.2,SX2745811C.1,SX2745811C.2
L2841633.1,X2841633A.1,X2841633A.2,SX2841633A.1,SX2841633A.2
L2917359.1,X2917359A.1,X2917359A.2,SX2917359A.1,SX2917359A.2
L2748158.1,X2748158A.1,X2748158A.2,SX2748158A.1,SX2748158A.2
L2955047.1,X2955047A.1,X2955047A.2,SX2955047A.1,SX2955047A.2
L3122837.3,X3122837C.1,X3122837C.2,SX3122837C.1,SX3122837C.2
L2804269.2,X2804269B.1,X2804269B.2,SX2804269B.1,SX2804269B.2
L3157708.3,X3157708C.1,X3157708C.2,SX3157708C.1,SX3157708C.2
L3179682.3,X3179682C.1,X3179682C.2,SX3179682C.1,SX3179682C.2
L2822877.2,X2822877B.1,X2822877B.2,SX2822877B.1,SX2822877B.2
L3141393.3,X3141393C.1,X3141393C.2,SX3141393C.1,SX3141393C.2
L2897801.1,X2897801A.1,X2897801A.2,SX2897801A.1,SX2897801A.2
L3217056.1,X3217056A.1,X3217056A.2,SX3217056A.1,SX3217056A.2
L2936270.1,X2936270A.1,X2936270A.2,SX2936270A.1,SX2936270A.2
L3235249.1,X3235249A.1,X3235249A.2,SX3235249A.1,SX3235249A.2
L3217052.3,X3217052C.1,X3217052C.2,SX3217052C.1,SX3217052C.2
L2916598.1,X2916598A.1,X2916598A.2,SX2916598A.1,SX2916598A.2
L3048206.1,X3048206A.1,X3048206A.2,SX3048206A.1,SX3048206A.2
L3141402.3,X3141402C.1,X3141402C.2,SX3141402C.1,SX3141402C.2
L3235256.1,X3235256A.1,X3235256A.2,SX3235256A.1,SX3235256A.2
L3178973.1,X3178973A.1,X3178973A.2,SX3178973A.1,SX3178973A.2
L3197654.1,X3197654A.1,X3197654A.2,SX3197654A.1,SX3197654A.2
L3066809.3,X3066809C.1,X3066809C.2,SX3066809C.1,SX3066809C.2
L2766742.2,X2766742B.1,X2766742B.2,SX2766742B.1,SX2766742B.2
L2991908.1,X2991908A.1,X2991908A.2,SX2991908A.1,SX2991908A.2
L3065750.2,X3065750B.1,X3065750B.2,SX3065750B.1,SX3065750B.2
L3085401.1,X3085401A.1,X3085401A.2,SX3085401A.1,SX3085401A.2
L2729413.1,X2729413A.1,X2729413A.2,SX2729413A.1,SX2729413A.2
L3254915.2,X3254915B.1,X3254915B.2,SX3254915B.1,SX3254915B.2
L2748131.2,X2748131B.1,X2748131B.2,SX2748131B.1,SX2748131B.2
L3066810.3,X3066810C.1,X3066810C.2,SX3066810C.1,SX3066810C.2
L2973146.2,X2973146B.1,X2973146B.2,SX2973146B.1,SX2973146B.2
L2973180.2,X2973180B.1,X2973180B.2,SX2973180B.1,SX2973180B.2
L2973167.2,X2973167B.1,X2973167B.2,SX2973167B.1,SX2973167B.2
L2841621.3,X2841621C.1,X2841621C.2,SX2841621C.1,SX2841621C.2
L3123509.3,X3123509C.1,X3123509C.2,SX3123509C.1,SX3123509C.2
L2841627.1,X2841627A.1,X2841627A.2,SX2841627A.1,SX2841627A.2
L3235250.2,X3235250B.1,X3235250B.2,SX3235250B.1,SX3235250B.2
L3728037.1,X3728037A.1,X3728037A.2,SX3728037A.1,SX3728037A.2
L3142078.2,X3142078B.1,X3142078B.2,SX3142078B.1,SX3142078B.2
L2879066.2,X2879066B.1,X2879066B.2,SX2879066B.1,SX2879066B.2
L3235254.3,X3235254C.1,X3235254C.2,SX3235254C.1,SX3235254C.2
L2917330.1,X2917330A.1,X2917330A.2,SX2917330A.1,SX2917330A.2
L2914323.2,X2914323B.1,X2914323B.2,SX2914323B.1,SX2914323B.2
L3197640.3,X3197640C.1,X3197640C.2,SX3197640C.1,SX3197640C.2
L3179673.3,X3179673C.1,X3179673C.2,SX3179673C.1,SX3179673C.2
L3048228.3,X3048228C.1,X3048228C.2,SX3048228C.1,SX3048228C.2
L3104126.3,X3104126C.1,X3104126C.2,SX3104126C.1,SX3104126C.2
L2990098.1,X2990098A.1,X2990098A.2,SX2990098A.1,SX2990098A.2
L2879067.1,X2879067A.1,X2879067A.2,SX2879067A.1,SX2879067A.2
L3176656.1,X3176656A.1,X3176656A.2,SX3176656A.1,SX3176656A.2
L2710532.3,X2710532C.1,X2710532C.2,SX2710532C.1,SX2710532C.2
L3160115.2,X3160115B.1,X3160115B.2,SX3160115B.1,SX3160115B.2
L3103822.3,X3103822C.1,X3103822C.2,SX3103822C.1,SX3103822C.2
L2805034.1,X2805034A.1,X2805034A.2,SX2805034A.1,SX2805034A.2
L3157167.1,X3157167A.1,X3157167A.2,SX3157167A.1,SX3157167A.2
L2916620.1,X2916620A.1,X2916620A.2,SX2916620A.1,SX2916620A.2
L2916620.2,X2916620B.1,X2916620B.2,SX2916620B.1,SX2916620B.2
L2916620.3,X2916620C.1,X2916620C.2,SX2916620C.1,SX2916620C.2
L3027132.1,X3027132A.1,X3027132A.2,SX3027132A.1,SX3027132A.2
L2822862.3,X2822862C.1,X2822862C.2,SX2822862C.1,SX2822862C.2
L2937757.3,X2937757C.1,X2937757C.2,SX2937757C.1,SX2937757C.2
L2860483.2,X2860483B.1,X2860483B.2,SX2860483B.1,SX2860483B.2
L3048210.1,X3048210A.1,X3048210A.2,SX3048210A.1,SX3048210A.2
L3312692.1,X3312692A.1,X3312692A.2,SX3312692A.1,SX3312692A.2
L3251854.1,X3251854A.1,X3251854A.2,SX3251854A.1,SX3251854A.2
L3085398.2,X3085398B.1,X3085398B.2,SX3085398B.1,SX3085398B.2
L3254207.1,X3254207A.1,X3254207A.2,SX3254207A.1,SX3254207A.2
L2729424.1,X2729424A.1,X2729424A.2,SX2729424A.1,SX2729424A.2
L3066816.1,X3066816A.1,X3066816A.2,SX3066816A.1,SX3066816A.2
L2785518.3,X2785518C.1,X2785518C.2,SX2785518C.1,SX2785518C.2
L3029503.3,X3029503C.1,X3029503C.2,SX3029503C.1,SX3029503C.2
L2748140.1,X2748140A.1,X2748140A.2,SX2748140A.1,SX2748140A.2
L2891575.3,X2891575C.1,X2891575C.2,SX2891575C.1,SX2891575C.2
L2842329.3,X2842329C.1,X2842329C.2,SX2842329C.1,SX2842329C.2
L3254212.2,X3254212B.1,X3254212B.2,SX3254212B.1,SX3254212B.2
L3198348.1,X3198348A.1,X3198348A.2,SX3198348A.1,SX3198348A.2
L3178979.3,X3178979C.1,X3178979C.2,SX3178979C.1,SX3178979C.2
L2879054.1,X2879054A.1,X2879054A.2,SX2879054A.1,SX2879054A.2
L3085388.2,X3085388B.1,X3085388B.2,SX3085388B.1,SX3085388B.2
L2991914.3,X2991914C.1,X2991914C.2,SX2991914C.1,SX2991914C.2
L2785534.2,X2785534B.1,X2785534B.2,SX2785534B.1,SX2785534B.2
L3122835.2,X3122835B.1,X3122835B.2,SX3122835B.1,SX3122835B.2
L3085395.1,X3085395A.1,X3085395A.2,SX3085395A.1,SX3085395A.2
L2879064.1,X2879064A.1,X2879064A.2,SX2879064A.1,SX2879064A.2
L3066814.2,X3066814B.1,X3066814B.2,SX3066814B.1,SX3066814B.2
L2821087.1,X2821087A.1,X2821087A.2,SX2821087A.1,SX2821087A.2
L2860479.2,X2860479B.1,X2860479B.2,SX2860479B.1,SX2860479B.2
L3728042.1,X3728042A.1,X3728042A.2,SX3728042A.1,SX3728042A.2
L2935557.1,X2935557A.1,X2935557A.2,SX2935557A.1,SX2935557A.2
L2822864.3,X2822864C.1,X2822864C.2,SX2822864C.1,SX2822864C.2
L3235247.1,X3235247A.1,X3235247A.2,SX3235247A.1,SX3235247A.2
L3251807.1,X3251807A.1,X3251807A.2,SX3251807A.1,SX3251807A.2
L2804282.3,X2804282C.1,X2804282C.2,SX2804282C.1,SX2804282C.2
L2935560.3,X2935560C.1,X2935560C.2,SX2935560C.1,SX2935560C.2
L3104145.2,X3104145B.1,X3104145B.2,SX3104145B.1,SX3104145B.2
L3086078.1,X3086078A.1,X3086078A.2,SX3086078A.1,SX3086078A.2
L2860477.1,X2860477A.1,X2860477A.2,SX2860477A.1,SX2860477A.2
L3645811.3,X3645811C.1,X3645811C.2,SX3645811C.1,SX3645811C.2
L3102793.2,X3102793B.1,X3102793B.2,SX3102793B.1,SX3102793B.2
L2991910.2,X2991910B.1,X2991910B.2,SX2991910B.1,SX2991910B.2
L2710511.1,X2710511A.1,X2710511A.2,SX2710511A.1,SX2710511A.2
L2860486.3,X2860486C.1,X2860486C.2,SX2860486C.1,SX2860486C.2
L2935551.3,X2935551C.1,X2935551C.2,SX2935551C.1,SX2935551C.2
L2729409.2,X2729409B.1,X2729409B.2,SX2729409B.1,SX2729409B.2
L2973833.2,X2973833B.1,X2973833B.2,SX2973833B.1,SX2973833B.2
L2897769.3,X2897769C.1,X2897769C.2,SX2897769C.1,SX2897769C.2
L3216368.3,X3216368C.1,X3216368C.2,SX3216368C.1,SX3216368C.2
L2860490.1,X2860490A.1,X2860490A.2,SX2860490A.1,SX2860490A.2
L2861158.3,X2861158C.1,X2861158C.2,SX2861158C.1,SX2861158C.2
L3141399.3,X3141399C.1,X3141399C.2,SX3141399C.1,SX3141399C.2
L3122816.2,X3122816B.1,X3122816B.2,SX3122816B.1,SX3122816B.2
L2992556.3,X2992556C.1,X2992556C.2,SX2992556C.1,SX2992556C.2
L2897779.3,X2897779C.1,X2897779C.2,SX2897779C.1,SX2897779C.2
L2970811.1,X2970811A.1,X2970811A.2,SX2970811A.1,SX2970811A.2
L2991933.3,X2991933C.1,X2991933C.2,SX2991933C.1,SX2991933C.2
L2729428.1,X2729428A.1,X2729428A.2,SX2729428A.1,SX2729428A.2
L3254216.1,X3254216A.1,X3254216A.2,SX3254216A.1,SX3254216A.2
L2897807.2,X2897807B.1,X2897807B.2,SX2897807B.1,SX2897807B.2
L2898522.1,X2898522A.1,X2898522A.2,SX2898522A.1,SX2898522A.2
L3048230.3,X3048230C.1,X3048230C.2,SX3048230C.1,SX3048230C.2
L3195327.1,X3195327A.1,X3195327A.2,SX3195327A.1,SX3195327A.2
L3047058.1,X3047058A.1,X3047058A.2,SX3047058A.1,SX3047058A.2
L2673313.2,X2673313B.1,X2673313B.2,SX2673313B.1,SX2673313B.2
L3649302.1,X3649302A.1,X3649302A.2,SX3649302A.1,SX3649302A.2
L3729297.1,X3729297A.1,X3729297A.2,SX3729297A.1,SX3729297A.2
L2858163.1,X2858163A.1,X2858163A.2,SX2858163A.1,SX2858163A.2
L3214112.2,X3214112B.1,X3214112B.2,SX3214112B.1,SX3214112B.2
L2685805.1,X2685805A.1,X2685805A.2,SX2685805A.1,SX2685805A.2
L2991912.1,X2991912A.1,X2991912A.2,SX2991912A.1,SX2991912A.2
L3140238.1,X3140238A.1,X3140238A.2,SX3140238A.1,SX3140238A.2
L3066830.2,X3066830B.1,X3066830B.2,SX3066830B.1,SX3066830B.2
L3160878.3,X3160878C.1,X3160878C.2,SX3160878C.1,SX3160878C.2
L2916609.3,X2916609C.1,X2916609C.2,SX2916609C.1,SX2916609C.2
L2876814.1,X2876814A.1,X2876814A.2,SX2876814A.1,SX2876814A.2
L3197646.2,X3197646B.1,X3197646B.2,SX3197646B.1,SX3197646B.2
L2973151.1,X2973151A.1,X2973151A.2,SX2973151A.1,SX2973151A.2
L3197627.3,X3197627C.1,X3197627C.2,SX3197627C.1,SX3197627C.2
L2764412.1,X2764412A.1,X2764412A.2,SX2764412A.1,SX2764412A.2
L2766716.3,X2766716C.1,X2766716C.2,SX2766716C.1,SX2766716C.2
L2991917.2,X2991917B.1,X2991917B.2,SX2991917B.1,SX2991917B.2
L3254229.2,X3254229B.1,X3254229B.2,SX3254229B.1,SX3254229B.2
L2935556.2,X2935556B.1,X2935556B.2,SX2935556B.1,SX2935556B.2
L3197660.2,X3197660B.1,X3197660B.2,SX3197660B.1,SX3197660B.2
L2989565.1,X2989565A.1,X2989565A.2,SX2989565A.1,SX2989565A.2
L3645809.3,X3645809C.1,X3645809C.2,SX3645809C.1,SX3645809C.2
L3086075.2,X3086075B.1,X3086075B.2,SX3086075B.1,SX3086075B.2
L3122824.1,X3122824A.1,X3122824A.2,SX3122824A.1,SX3122824A.2
L3216338.2,X3216338B.1,X3216338B.2,SX3216338B.1,SX3216338B.2
L2729405.2,X2729405B.1,X2729405B.2,SX2729405B.1,SX2729405B.2
L2823545.1,X2823545A.1,X2823545A.2,SX2823545A.1,SX2823545A.2
L2916610.2,X2916610B.1,X2916610B.2,SX2916610B.1,SX2916610B.2
L3177665.1,X3177665A.1,X3177665A.2,SX3177665A.1,SX3177665A.2
L2803199.1,X2803199A.1,X2803199A.2,SX2803199A.1,SX2803199A.2
L2803199.2,X2803199B.1,X2803199B.2,SX2803199B.1,SX2803199B.2
L2803199.3,X2803199C.1,X2803199C.2,SX2803199C.1,SX2803199C.2
L2691952.1,X2691952A.1,X2691952A.2,SX2691952A.1,SX2691952A.2
L2748144.1,X2748144A.1,X2748144A.2,SX2748144A.1,SX2748144A.2
L3029504.2,X3029504B.1,X3029504B.2,SX3029504B.1,SX3029504B.2
L3197635.2,X3197635B.1,X3197635B.2,SX3197635B.1,SX3197635B.2
L2724120.3,X2724120C.1,X2724120C.2,SX2724120C.1,SX2724120C.2
L3235244.1,X3235244A.1,X3235244A.2,SX3235244A.1,SX3235244A.2
L2804254.1,X2804254A.1,X2804254A.2,SX2804254A.1,SX2804254A.2
L2820531.2,X2820531B.1,X2820531B.2,SX2820531B.1,SX2820531B.2
L3254214.2,X3254214B.1,X3254214B.2,SX3254214B.1,SX3254214B.2
L2691966.2,X2691966B.1,X2691966B.2,SX2691966B.1,SX2691966B.2
L3122822.1,X3122822A.1,X3122822A.2,SX3122822A.1,SX3122822A.2
L3197639.1,X3197639A.1,X3197639A.2,SX3197639A.1,SX3197639A.2
L3120503.1,X3120503A.1,X3120503A.2,SX3120503A.1,SX3120503A.2
L3216349.2,X3216349B.1,X3216349B.2,SX3216349B.1,SX3216349B.2
L3027670.2,X3027670B.1,X3027670B.2,SX3027670B.1,SX3027670B.2
L3085392.3,X3085392C.1,X3085392C.2,SX3085392C.1,SX3085392C.2
L3010556.1,X3010556A.1,X3010556A.2,SX3010556A.1,SX3010556A.2
L3232902.1,X3232902A.1,X3232902A.2,SX3232902A.1,SX3232902A.2
L3101782.1,X3101782A.1,X3101782A.2,SX3101782A.1,SX3101782A.2
L2766715.2,X2766715B.1,X2766715B.2,SX2766715B.1,SX2766715B.2
L2970804.3,X2970804C.1,X2970804C.2,SX2970804C.1,SX2970804C.2
L3178975.2,X3178975B.1,X3178975B.2,SX3178975B.1,SX3178975B.2
L2841648.1,X2841648A.1,X2841648A.2,SX2841648A.1,SX2841648A.2
L3029497.3,X3029497C.1,X3029497C.2,SX3029497C.1,SX3029497C.2
L3029520.2,X3029520B.1,X3029520B.2,SX3029520B.1,SX3029520B.2
L2766744.2,X2766744B.1,X2766744B.2,SX2766744B.1,SX2766744B.2
L3029518.2,X3029518B.1,X3029518B.2,SX3029518B.1,SX3029518B.2
L2936214.1,X2936214A.1,X2936214A.2,SX2936214A.1,SX2936214A.2
L2954346.2,X2954346B.1,X2954346B.2,SX2954346B.1,SX2954346B.2
L2879061.2,X2879061B.1,X2879061B.2,SX2879061B.1,SX2879061B.2
L3141394.2,X3141394B.1,X3141394B.2,SX3141394B.1,SX3141394B.2
L3142098.2,X3142098B.1,X3142098B.2,SX3142098B.1,SX3142098B.2
L3645812.3,X3645812C.1,X3645812C.2,SX3645812C.1,SX3645812C.2
L2916627.1,X2916627A.1,X2916627A.2,SX2916627A.1,SX2916627A.2
L3066815.3,X3066815C.1,X3066815C.2,SX3066815C.1,SX3066815C.2
L3179678.2,X3179678B.1,X3179678B.2,SX3179678B.1,SX3179678B.2
L3254237.1,X3254237A.1,X3254237A.2,SX3254237A.1,SX3254237A.2
L2710512.2,X2710512B.1,X2710512B.2,SX2710512B.1,SX2710512B.2
L3104125.2,X3104125B.1,X3104125B.2,SX3104125B.1,SX3104125B.2
L3010559.1,X3010559A.1,X3010559A.2,SX3010559A.1,SX3010559A.2
L2897790.3,X2897790C.1,X2897790C.2,SX2897790C.1,SX2897790C.2
L2711225.3,X2711225C.1,X2711225C.2,SX2711225C.1,SX2711225C.2
L2766729.1,X2766729A.1,X2766729A.2,SX2766729A.1,SX2766729A.2
L3235275.2,X3235275B.1,X3235275B.2,SX3235275B.1,SX3235275B.2
L3728038.1,X3728038A.1,X3728038A.2,SX3728038A.1,SX3728038A.2
L3048222.3,X3048222C.1,X3048222C.2,SX3048222C.1,SX3048222C.2
L2841630.3,X2841630C.1,X2841630C.2,SX2841630C.1,SX2841630C.2
L2991907.1,X2991907A.1,X2991907A.2,SX2991907A.1,SX2991907A.2
L2973144.3,X2973144C.1,X2973144C.2,SX2973144C.1,SX2973144C.2
L3178976.1,X3178976A.1,X3178976A.2,SX3178976A.1,SX3178976A.2
L3159448.1,X3159448A.1,X3159448A.2,SX3159448A.1,SX3159448A.2
L3231255.3,X3231255C.1,X3231255C.2,SX3231255C.1,SX3231255C.2
L3197626.3,X3197626C.1,X3197626C.2,SX3197626C.1,SX3197626C.2
L2802480.2,X2802480B.1,X2802480B.2,SX2802480B.1,SX2802480B.2
L2823544.1,X2823544A.1,X2823544A.2,SX2823544A.1,SX2823544A.2
L2841624.2,X2841624B.1,X2841624B.2,SX2841624B.1,SX2841624B.2
L3101194.3,X3101194C.1,X3101194C.2,SX3101194C.1,SX3101194C.2
L2841619.3,X2841619C.1,X2841619C.2,SX2841619C.1,SX2841619C.2
L2861218.3,X2861218C.1,X2861218C.2,SX2861218C.1,SX2861218C.2
L2710513.2,X2710513B.1,X2710513B.2,SX2710513B.1,SX2710513B.2
L2879062.3,X2879062C.1,X2879062C.2,SX2879062C.1,SX2879062C.2
L2879767.2,X2879767B.1,X2879767B.2,SX2879767B.1,SX2879767B.2
L2766725.3,X2766725C.1,X2766725C.2,SX2766725C.1,SX2766725C.2
L3141396.3,X3141396C.1,X3141396C.2,SX3141396C.1,SX3141396C.2
L2879752.2,X2879752B.1,X2879752B.2,SX2879752B.1,SX2879752B.2
L2991940.3,X2991940C.1,X2991940C.2,SX2991940C.1,SX2991940C.2
L2673321.1,X2673321A.1,X2673321A.2,SX2673321A.1,SX2673321A.2
L2673326.2,X2673326B.1,X2673326B.2,SX2673326B.1,SX2673326B.2
L2925506.3,X2925506C.1,X2925506C.2,SX2925506C.1,SX2925506C.2
L2730106.3,X2730106C.1,X2730106C.2,SX2730106C.1,SX2730106C.2
L2820556.1,X2820556A.1,X2820556A.2,SX2820556A.1,SX2820556A.2
L3235248.3,X3235248C.1,X3235248C.2,SX3235248C.1,SX3235248C.2
L2822871.2,X2822871B.1,X2822871B.2,SX2822871B.1,SX2822871B.2
L2955076.1,X2955076A.1,X2955076A.2,SX2955076A.1,SX2955076A.2
L2955005.2,X2955005B.1,X2955005B.2,SX2955005B.1,SX2955005B.2
L3254208.3,X3254208C.1,X3254208C.2,SX3254208C.1,SX3254208C.2
L3178978.1,X3178978A.1,X3178978A.2,SX3178978A.1,SX3178978A.2
L3235253.1,X3235253A.1,X3235253A.2,SX3235253A.1,SX3235253A.2
L3235241.3,X3235241C.1,X3235241C.2,SX3235241C.1,SX3235241C.2
L3197636.2,X3197636B.1,X3197636B.2,SX3197636B.1,SX3197636B.2
L3066811.2,X3066811B.1,X3066811B.2,SX3066811B.1,SX3066811B.2
L3632979.1,X3632979A.1,X3632979A.2,SX3632979A.1,SX3632979A.2
L3086074.3,X3086074C.1,X3086074C.2,SX3086074C.1,SX3086074C.2
L2674051.1,X2674051A.1,X2674051A.2,SX2674051A.1,SX2674051A.2
L3178981.2,X3178981B.1,X3178981B.2,SX3178981B.1,SX3178981B.2
L3046854.2,X3046854B.1,X3046854B.2,SX3046854B.1,SX3046854B.2
L2860506.2,X2860506B.1,X2860506B.2,SX2860506B.1,SX2860506B.2
L3048966.3,X3048966C.1,X3048966C.2,SX3048966C.1,SX3048966C.2
L2822872.2,X2822872B.1,X2822872B.2,SX2822872B.1,SX2822872B.2
L3214071.3,X3214071C.1,X3214071C.2,SX3214071C.1,SX3214071C.2
L2786273.2,X2786273B.1,X2786273B.2,SX2786273B.1,SX2786273B.2
L3104853.3,X3104853C.1,X3104853C.2,SX3104853C.1,SX3104853C.2
L2973158.3,X2973158C.1,X2973158C.2,SX2973158C.1,SX2973158C.2
L3216123.1,X3216123A.1,X3216123A.2,SX3216123A.1,SX3216123A.2
L2860485.2,X2860485B.1,X2860485B.2,SX2860485B.1,SX2860485B.2
L3235946.1,X3235946A.1,X3235946A.2,SX3235946A.1,SX3235946A.2
L2973148.1,X2973148A.1,X2973148A.2,SX2973148A.1,SX2973148A.2
L3066829.3,X3066829C.1,X3066829C.2,SX3066829C.1,SX3066829C.2
L3085393.3,X3085393C.1,X3085393C.2,SX3085393C.1,SX3085393C.2
L2673322.2,X2673322B.1,X2673322B.2,SX2673322B.1,SX2673322B.2
L3263051.3,X3263051C.1,X3263051C.2,SX3263051C.1,SX3263051C.2
L2860500.2,X2860500B.1,X2860500B.2,SX2860500B.1,SX2860500B.2
L3048211.1,X3048211A.1,X3048211A.2,SX3048211A.1,SX3048211A.2
L3728041.1,X3728041A.1,X3728041A.2,SX3728041A.1,SX3728041A.2
L3048199.2,X3048199B.1,X3048199B.2,SX3048199B.1,SX3048199B.2
L3104136.2,X3104136B.1,X3104136B.2,SX3104136B.1,SX3104136B.2
L2916599.1,X2916599A.1,X2916599A.2,SX2916599A.1,SX2916599A.2
L3104134.3,X3104134C.1,X3104134C.2,SX3104134C.1,SX3104134C.2
L2954344.3,X2954344C.1,X2954344C.2,SX2954344C.1,SX2954344C.2
L3142099.2,X3142099B.1,X3142099B.2,SX3142099B.1,SX3142099B.2
L2710515.3,X2710515C.1,X2710515C.2,SX2710515C.1,SX2710515C.2
L3011298.3,X3011298C.1,X3011298C.2,SX3011298C.1,SX3011298C.2
L3066812.1,X3066812A.1,X3066812A.2,SX3066812A.1,SX3066812A.2
L3141403.1,X3141403A.1,X3141403A.2,SX3141403A.1,SX3141403A.2
L3120484.3,X3120484C.1,X3120484C.2,SX3120484C.1,SX3120484C.2
L2860504.1,X2860504A.1,X2860504A.2,SX2860504A.1,SX2860504A.2
L2766750.3,X2766750C.1,X2766750C.2,SX2766750C.1,SX2766750C.2
L2879077.2,X2879077B.1,X2879077B.2,SX2879077B.1,SX2879077B.2
L3159037.2,X3159037B.1,X3159037B.2,SX3159037B.1,SX3159037B.2
L3160793.3,X3160793C.1,X3160793C.2,SX3160793C.1,SX3160793C.2
L3233412.1,X3233412A.1,X3233412A.2,SX3233412A.1,SX3233412A.2
L2841620.2,X2841620B.1,X2841620B.2,SX2841620B.1,SX2841620B.2
L3253995.3,X3253995C.1,X3253995C.2,SX3253995C.1,SX3253995C.2
L2936279.3,X2936279C.1,X2936279C.2,SX2936279C.1,SX2936279C.2
L2804277.3,X2804277C.1,X2804277C.2,SX2804277C.1,SX2804277C.2
L2860489.1,X2860489A.1,X2860489A.2,SX2860489A.1,SX2860489A.2
L2690868.3,X2690868C.1,X2690868C.2,SX2690868C.1,SX2690868C.2
L3176661.3,X3176661C.1,X3176661C.2,SX3176661C.1,SX3176661C.2
L2766746.3,X2766746C.1,X2766746C.2,SX2766746C.1,SX2766746C.2
L3189189.2,X3189189B.1,X3189189B.2,SX3189189B.1,SX3189189B.2
L3048196.2,X3048196B.1,X3048196B.2,SX3048196B.1,SX3048196B.2
L2879074.1,X2879074A.1,X2879074A.2,SX2879074A.1,SX2879074A.2
L3067478.1,X3067478A.1,X3067478A.2,SX3067478A.1,SX3067478A.2
L2766726.2,X2766726B.1,X2766726B.2,SX2766726B.1,SX2766726B.2
L2936271.1,X2936271A.1,X2936271A.2,SX2936271A.1,SX2936271A.2
L2917328.2,X2917328B.1,X2917328B.2,SX2917328B.1,SX2917328B.2
L3160103.3,X3160103C.1,X3160103C.2,SX3160103C.1,SX3160103C.2
L3448661.2,X3448661B.1,X3448661B.2,SX3448661B.1,SX3448661B.2
L2991901.2,X2991901B.1,X2991901B.2,SX2991901B.1,SX2991901B.2
L2860499.2,X2860499B.1,X2860499B.2,SX2860499B.1,SX2860499B.2
L2726975.2,X2726975B.1,X2726975B.2,SX2726975B.1,SX2726975B.2
L2673300.2,X2673300B.1,X2673300B.2,SX2673300B.1,SX2673300B.2
L2730107.3,X2730107C.1,X2730107C.2,SX2730107C.1,SX2730107C.2
L2916619.2,X2916619B.1,X2916619B.2,SX2916619B.1,SX2916619B.2
L2710525.3,X2710525C.1,X2710525C.2,SX2710525C.1,SX2710525C.2
L2804260.2,X2804260B.1,X2804260B.2,SX2804260B.1,SX2804260B.2
L3197631.1,X3197631A.1,X3197631A.2,SX3197631A.1,SX3197631A.2
L2973153.1,X2973153A.1,X2973153A.2,SX2973153A.1,SX2973153A.2
L3122813.1,X3122813A.1,X3122813A.2,SX3122813A.1,SX3122813A.2
L2935567.2,X2935567B.1,X2935567B.2,SX2935567B.1,SX2935567B.2
L2917336.3,X2917336C.1,X2917336C.2,SX2917336C.1,SX2917336C.2
L2954350.3,X2954350C.1,X2954350C.2,SX2954350C.1,SX2954350C.2
L3234185.2,X3234185B.1,X3234185B.2,SX3234185B.1,SX3234185B.2
L3160107.1,X3160107A.1,X3160107A.2,SX3160107A.1,SX3160107A.2
L3141401.1,X3141401A.1,X3141401A.2,SX3141401A.1,SX3141401A.2
L2972704.3,X2972704C.1,X2972704C.2,SX2972704C.1,SX2972704C.2
L3197644.1,X3197644A.1,X3197644A.2,SX3197644A.1,SX3197644A.2
L2897805.1,X2897805A.1,X2897805A.2,SX2897805A.1,SX2897805A.2
L2766499.3,X2766499C.1,X2766499C.2,SX2766499C.1,SX2766499C.2
L3104132.1,X3104132A.1,X3104132A.2,SX3104132A.1,SX3104132A.2
L2989564.2,X2989564B.1,X2989564B.2,SX2989564B.1,SX2989564B.2
L2991923.1,X2991923A.1,X2991923A.2,SX2991923A.1,SX2991923A.2
L3217053.3,X3217053C.1,X3217053C.2,SX3217053C.1,SX3217053C.2
L3216345.2,X3216345B.1,X3216345B.2,SX3216345B.1,SX3216345B.2
L2766721.1,X2766721A.1,X2766721A.2,SX2766721A.1,SX2766721A.2
L3119793.2,X3119793B.1,X3119793B.2,SX3119793B.1,SX3119793B.2
L2821010.1,X2821010A.1,X2821010A.2,SX2821010A.1,SX2821010A.2
L3104118.3,X3104118C.1,X3104118C.2,SX3104118C.1,SX3104118C.2
L3160101.1,X3160101A.1,X3160101A.2,SX3160101A.1,SX3160101A.2
L2692633.3,X2692633C.1,X2692633C.2,SX2692633C.1,SX2692633C.2
L2691950.3,X2691950C.1,X2691950C.2,SX2691950C.1,SX2691950C.2
L3160108.2,X3160108B.1,X3160108B.2,SX3160108B.1,SX3160108B.2
L2822873.2,X2822873B.1,X2822873B.2,SX2822873B.1,SX2822873B.2
L3048887.2,X3048887B.1,X3048887B.2,SX3048887B.1,SX3048887B.2
L3254227.2,X3254227B.1,X3254227B.2,SX3254227B.1,SX3254227B.2
L2992624.1,X2992624A.1,X2992624A.2,SX2992624A.1,SX2992624A.2
L3226771.1,X3226771A.1,X3226771A.2,SX3226771A.1,SX3226771A.2
L3086002.3,X3086002C.1,X3086002C.2,SX3086002C.1,SX3086002C.2
L3045895.3,X3045895C.1,X3045895C.2,SX3045895C.1,SX3045895C.2
L2973160.2,X2973160B.1,X2973160B.2,SX2973160B.1,SX2973160B.2
L2764403.1,X2764403A.1,X2764403A.2,SX2764403A.1,SX2764403A.2
L3122812.2,X3122812B.1,X3122812B.2,SX3122812B.1,SX3122812B.2
L3176660.2,X3176660B.1,X3176660B.2,SX3176660B.1,SX3176660B.2
L2991943.3,X2991943C.1,X2991943C.2,SX2991943C.1,SX2991943C.2
L2691941.3,X2691941C.1,X2691941C.2,SX2691941C.1,SX2691941C.2
L2983432.1,X2983432A.1,X2983432A.2,SX2983432A.1,SX2983432A.2
L3215549.2,X3215549B.1,X3215549B.2,SX3215549B.1,SX3215549B.2
L2955077.3,X2955077C.1,X2955077C.2,SX2955077C.1,SX2955077C.2
L2973157.1,X2973157A.1,X2973157A.2,SX2973157A.1,SX2973157A.2
L2691951.3,X2691951C.1,X2691951C.2,SX2691951C.1,SX2691951C.2
L3030199.3,X3030199C.1,X3030199C.2,SX3030199C.1,SX3030199C.2
L2692655.3,X2692655C.1,X2692655C.2,SX2692655C.1,SX2692655C.2
L2785546.1,X2785546A.1,X2785546A.2,SX2785546A.1,SX2785546A.2
L2935559.1,X2935559A.1,X2935559A.2,SX2935559A.1,SX2935559A.2
L2972930.1,X2972930A.1,X2972930A.2,SX2972930A.1,SX2972930A.2
L2822866.2,X2822866B.1,X2822866B.2,SX2822866B.1,SX2822866B.2
L2748781.1,X2748781A.1,X2748781A.2,SX2748781A.1,SX2748781A.2
L3645810.3,X3645810C.1,X3645810C.2,SX3645810C.1,SX3645810C.2
L2879076.3,X2879076C.1,X2879076C.2,SX2879076C.1,SX2879076C.2
L2841616.1,X2841616A.1,X2841616A.2,SX2841616A.1,SX2841616A.2
L2935554.1,X2935554A.1,X2935554A.2,SX2935554A.1,SX2935554A.2
L2879075.1,X2879075A.1,X2879075A.2,SX2879075A.1,SX2879075A.2
L2839305.1,X2839305A.1,X2839305A.2,SX2839305A.1,SX2839305A.2
L2879753.2,X2879753B.1,X2879753B.2,SX2879753B.1,SX2879753B.2
L2748129.1,X2748129A.1,X2748129A.2,SX2748129A.1,SX2748129A.2
L2991906.1,X2991906A.1,X2991906A.2,SX2991906A.1,SX2991906A.2
L2804247.2,X2804247B.1,X2804247B.2,SX2804247B.1,SX2804247B.2
L3195318.2,X3195318B.1,X3195318B.2,SX3195318B.1,SX3195318B.2
L3048888.3,X3048888C.1,X3048888C.2,SX3048888C.1,SX3048888C.2
L2935552.3,X2935552C.1,X2935552C.2,SX2935552C.1,SX2935552C.2
L2876797.1,X2876797A.1,X2876797A.2,SX2876797A.1,SX2876797A.2
L3085389.2,X3085389B.1,X3085389B.2,SX3085389B.1,SX3085389B.2
L2916603.2,X2916603B.1,X2916603B.2,SX2916603B.1,SX2916603B.2
L2710518.1,X2710518A.1,X2710518A.2,SX2710518A.1,SX2710518A.2
L3160896.3,X3160896C.1,X3160896C.2,SX3160896C.1,SX3160896C.2
L2897776.3,X2897776C.1,X2897776C.2,SX2897776C.1,SX2897776C.2
L2913406.2,X2913406B.1,X2913406B.2,SX2913406B.1,SX2913406B.2
L2991915.2,X2991915B.1,X2991915B.2,SX2991915B.1,SX2991915B.2
L2711224.2,X2711224B.1,X2711224B.2,SX2711224B.1,SX2711224B.2
L2897766.3,X2897766C.1,X2897766C.2,SX2897766C.1,SX2897766C.2
L2897775.3,X2897775C.1,X2897775C.2,SX2897775C.1,SX2897775C.2
L3029495.2,X3029495B.1,X3029495B.2,SX3029495B.1,SX3029495B.2
L2911069.2,X2911069B.1,X2911069B.2,SX2911069B.1,SX2911069B.2
L3197633.1,X3197633A.1,X3197633A.2,SX3197633A.1,SX3197633A.2
L3066817.1,X3066817A.1,X3066817A.2,SX3066817A.1,SX3066817A.2
L2879089.3,X2879089C.1,X2879089C.2,SX2879089C.1,SX2879089C.2
L3195315.1,X3195315A.1,X3195315A.2,SX3195315A.1,SX3195315A.2
L2785529.3,X2785529C.1,X2785529C.2,SX2785529C.1,SX2785529C.2
L2992656.1,X2992656A.1,X2992656A.2,SX2992656A.1,SX2992656A.2
L2692661.1,X2692661A.1,X2692661A.2,SX2692661A.1,SX2692661A.2
L3160114.1,X3160114A.1,X3160114A.2,SX3160114A.1,SX3160114A.2
L3082992.1,X3082992A.1,X3082992A.2,SX3082992A.1,SX3082992A.2
L2710537.2,X2710537B.1,X2710537B.2,SX2710537B.1,SX2710537B.2
L3254238.2,X3254238B.1,X3254238B.2,SX3254238B.1,SX3254238B.2
L2862616.3,X2862616C.1,X2862616C.2,SX2862616C.1,SX2862616C.2
L2785526.2,X2785526B.1,X2785526B.2,SX2785526B.1,SX2785526B.2
L2915542.1,X2915542A.1,X2915542A.2,SX2915542A.1,SX2915542A.2
L2915542.2,X2915542B.1,X2915542B.2,SX2915542B.1,SX2915542B.2
L2915542.3,X2915542C.1,X2915542C.2,SX2915542C.1,SX2915542C.2
L3122820.1,X3122820A.1,X3122820A.2,SX3122820A.1,SX3122820A.2
L3029505.3,X3029505C.1,X3029505C.2,SX3029505C.1,SX3029505C.2
L2785522.2,X2785522B.1,X2785522B.2,SX2785522B.1,SX2785522B.2
L2710543.3,X2710543C.1,X2710543C.2,SX2710543C.1,SX2710543C.2
L2917310.2,X2917310B.1,X2917310B.2,SX2917310B.1,SX2917310B.2
L3082993.1,X3082993A.1,X3082993A.2,SX3082993A.1,SX3082993A.2
L3729298.1,X3729298A.1,X3729298A.2,SX3729298A.1,SX3729298A.2
L2990826.1,X2990826A.1,X2990826A.2,SX2990826A.1,SX2990826A.2
L2990826.2,X2990826B.1,X2990826B.2,SX2990826B.1,SX2990826B.2
L2990826.3,X2990826C.1,X2990826C.2,SX2990826C.1,SX2990826C.2
L2897792.1,X2897792A.1,X2897792A.2,SX2897792A.1,SX2897792A.2
L2804261.3,X2804261C.1,X2804261C.2,SX2804261C.1,SX2804261C.2
L3189190.1,X3189190A.1,X3189190A.2,SX3189190A.1,SX3189190A.2
L2689691.1,X2689691A.1,X2689691A.2,SX2689691A.1,SX2689691A.2
L3195751.1,X3195751A.1,X3195751A.2,SX3195751A.1,SX3195751A.2
L2785517.3,X2785517C.1,X2785517C.2,SX2785517C.1,SX2785517C.2
L2916606.3,X2916606C.1,X2916606C.2,SX2916606C.1,SX2916606C.2
L3254217.3,X3254217C.1,X3254217C.2,SX3254217C.1,SX3254217C.2
L2841641.2,X2841641B.1,X2841641B.2,SX2841641B.1,SX2841641B.2
L2804256.2,X2804256B.1,X2804256B.2,SX2804256B.1,SX2804256B.2
L3122818.3,X3122818C.1,X3122818C.2,SX3122818C.1,SX3122818C.2
L2691953.1,X2691953A.1,X2691953A.2,SX2691953A.1,SX2691953A.2
L2692654.1,X2692654A.1,X2692654A.2,SX2692654A.1,SX2692654A.2
L3235246.2,X3235246B.1,X3235246B.2,SX3235246B.1,SX3235246B.2
L2955078.1,X2955078A.1,X2955078A.2,SX2955078A.1,SX2955078A.2
L3139598.2,X3139598B.1,X3139598B.2,SX3139598B.1,SX3139598B.2
L2763812.3,X2763812C.1,X2763812C.2,SX2763812C.1,SX2763812C.2
L2767414.3,X2767414C.1,X2767414C.2,SX2767414C.1,SX2767414C.2
L2991918.2,X2991918B.1,X2991918B.2,SX2991918B.1,SX2991918B.2
L3008248.1,X3008248A.1,X3008248A.2,SX3008248A.1,SX3008248A.2
L3160865.1,X3160865A.1,X3160865A.2,SX3160865A.1,SX3160865A.2
L3029510.2,X3029510B.1,X3029510B.2,SX3029510B.1,SX3029510B.2
L2748126.3,X2748126C.1,X2748126C.2,SX2748126C.1,SX2748126C.2
L3216358.1,X3216358A.1,X3216358A.2,SX3216358A.1,SX3216358A.2
L2936276.2,X2936276B.1,X2936276B.2,SX2936276B.1,SX2936276B.2
L2729207.3,X2729207C.1,X2729207C.2,SX2729207C.1,SX2729207C.2
L2897768.3,X2897768C.1,X2897768C.2,SX2897768C.1,SX2897768C.2
L2917255.3,X2917255C.1,X2917255C.2,SX2917255C.1,SX2917255C.2
L2933120.3,X2933120C.1,X2933120C.2,SX2933120C.1,SX2933120C.2
L2684420.2,X2684420B.1,X2684420B.2,SX2684420B.1,SX2684420B.2
L2766723.1,X2766723A.1,X2766723A.2,SX2766723A.1,SX2766723A.2
L3104120.2,X3104120B.1,X3104120B.2,SX3104120B.1,SX3104120B.2
L3066813.2,X3066813B.1,X3066813B.2,SX3066813B.1,SX3066813B.2
L2822860.2,X2822860B.1,X2822860B.2,SX2822860B.1,SX2822860B.2
L2933135.1,X2933135A.1,X2933135A.2,SX2933135A.1,SX2933135A.2
L3649298.1,X3649298A.1,X3649298A.2,SX3649298A.1,SX3649298A.2
L3104130.2,X3104130B.1,X3104130B.2,SX3104130B.1,SX3104130B.2
L2785538.1,X2785538A.1,X2785538A.2,SX2785538A.1,SX2785538A.2
L3122849.2,X3122849B.1,X3122849B.2,SX3122849B.1,SX3122849B.2
L2879794.1,X2879794A.1,X2879794A.2,SX2879794A.1,SX2879794A.2
L2879069.1,X2879069A.1,X2879069A.2,SX2879069A.1,SX2879069A.2
L3104113.1,X3104113A.1,X3104113A.2,SX3104113A.1,SX3104113A.2
L2861222.1,X2861222A.1,X2861222A.2,SX2861222A.1,SX2861222A.2
L3141411.3,X3141411C.1,X3141411C.2,SX3141411C.1,SX3141411C.2
L3178982.1,X3178982A.1,X3178982A.2,SX3178982A.1,SX3178982A.2
L3029498.3,X3029498C.1,X3029498C.2,SX3029498C.1,SX3029498C.2
L2952013.1,X2952013A.1,X2952013A.2,SX2952013A.1,SX2952013A.2
L2860488.2,X2860488B.1,X2860488B.2,SX2860488B.1,SX2860488B.2
L2691945.3,X2691945C.1,X2691945C.2,SX2691945C.1,SX2691945C.2
L3214549.1,X3214549A.1,X3214549A.2,SX3214549A.1,SX3214549A.2
L2710536.1,X2710536A.1,X2710536A.2,SX2710536A.1,SX2710536A.2
L2804956.1,X2804956A.1,X2804956A.2,SX2804956A.1,SX2804956A.2
L3160105.3,X3160105C.1,X3160105C.2,SX3160105C.1,SX3160105C.2
L3010563.1,X3010563A.1,X3010563A.2,SX3010563A.1,SX3010563A.2
L3649297.1,X3649297A.1,X3649297A.2,SX3649297A.1,SX3649297A.2
L2823611.1,X2823611A.1,X2823611A.2,SX2823611A.1,SX2823611A.2
L2860487.3,X2860487C.1,X2860487C.2,SX2860487C.1,SX2860487C.2
L3197629.2,X3197629B.1,X3197629B.2,SX3197629B.1,SX3197629B.2
L2691943.2,X2691943B.1,X2691943B.2,SX2691943B.1,SX2691943B.2
L2673311.1,X2673311A.1,X2673311A.2,SX2673311A.1,SX2673311A.2
L2767343.3,X2767343C.1,X2767343C.2,SX2767343C.1,SX2767343C.2
L2879063.2,X2879063B.1,X2879063B.2,SX2879063B.1,SX2879063B.2
L3254219.3,X3254219C.1,X3254219C.2,SX3254219C.1,SX3254219C.2
L3197653.2,X3197653B.1,X3197653B.2,SX3197653B.1,SX3197653B.2
L3251806.2,X3251806B.1,X3251806B.2,SX3251806B.1,SX3251806B.2
L2673308.2,X2673308B.1,X2673308B.2,SX2673308B.1,SX2673308B.2
L3254203.2,X3254203B.1,X3254203B.2,SX3254203B.1,SX3254203B.2
L2814529.1,X2814529A.1,X2814529A.2,SX2814529A.1,SX2814529A.2
L2814529.2,X2814529B.1,X2814529B.2,SX2814529B.1,SX2814529B.2
L2814529.3,X2814529C.1,X2814529C.2,SX2814529C.1,SX2814529C.2
L2823592.1,X2823592A.1,X2823592A.2,SX2823592A.1,SX2823592A.2
L2766718.3,X2766718C.1,X2766718C.2,SX2766718C.1,SX2766718C.2
L2727795.3,X2727795C.1,X2727795C.2,SX2727795C.1,SX2727795C.2
L2955055.2,X2955055B.1,X2955055B.2,SX2955055B.1,SX2955055B.2
L2766722.2,X2766722B.1,X2766722B.2,SX2766722B.1,SX2766722B.2
L2804957.3,X2804957C.1,X2804957C.2,SX2804957C.1,SX2804957C.2
L3010570.1,X3010570A.1,X3010570A.2,SX3010570A.1,SX3010570A.2
L3649299.1,X3649299A.1,X3649299A.2,SX3649299A.1,SX3649299A.2
L2766717.3,X2766717C.1,X2766717C.2,SX2766717C.1,SX2766717C.2
L3254870.3,X3254870C.1,X3254870C.2,SX3254870C.1,SX3254870C.2
L2801895.2,X2801895B.1,X2801895B.2,SX2801895B.1,SX2801895B.2
L2673320.2,X2673320B.1,X2673320B.2,SX2673320B.1,SX2673320B.2
L3198358.2,X3198358B.1,X3198358B.2,SX3198358B.1,SX3198358B.2
L3064514.3,X3064514C.1,X3064514C.2,SX3064514C.1,SX3064514C.2
L2729429.1,X2729429A.1,X2729429A.2,SX2729429A.1,SX2729429A.2
L2785525.3,X2785525C.1,X2785525C.2,SX2785525C.1,SX2785525C.2
L2860492.3,X2860492C.1,X2860492C.2,SX2860492C.1,SX2860492C.2
L2973154.1,X2973154A.1,X2973154A.2,SX2973154A.1,SX2973154A.2
L2691973.1,X2691973A.1,X2691973A.2,SX2691973A.1,SX2691973A.2
L3085394.3,X3085394C.1,X3085394C.2,SX3085394C.1,SX3085394C.2
L2897791.2,X2897791B.1,X2897791B.2,SX2897791B.1,SX2897791B.2
L2726983.1,X2726983A.1,X2726983A.2,SX2726983A.1,SX2726983A.2
L2711234.2,X2711234B.1,X2711234B.2,SX2711234B.1,SX2711234B.2
L3178980.3,X3178980C.1,X3178980C.2,SX3178980C.1,SX3178980C.2
L3728039.1,X3728039A.1,X3728039A.2,SX3728039A.1,SX3728039A.2
L2786266.1,X2786266A.1,X2786266A.2,SX2786266A.1,SX2786266A.2
L2954338.2,X2954338B.1,X2954338B.2,SX2954338B.1,SX2954338B.2
L3254869.2,X3254869B.1,X3254869B.2,SX3254869B.1,SX3254869B.2
L3198356.3,X3198356C.1,X3198356C.2,SX3198356C.1,SX3198356C.2
L2730163.3,X2730163C.1,X2730163C.2,SX2730163C.1,SX2730163C.2
L3048965.2,X3048965B.1,X3048965B.2,SX3048965B.1,SX3048965B.2
L3010561.1,X3010561A.1,X3010561A.2,SX3010561A.1,SX3010561A.2
L3160102.2,X3160102B.1,X3160102B.2,SX3160102B.1,SX3160102B.2
L3066806.3,X3066806C.1,X3066806C.2,SX3066806C.1,SX3066806C.2
L3216361.2,X3216361B.1,X3216361B.2,SX3216361B.1,SX3216361B.2
L2879092.3,X2879092C.1,X2879092C.2,SX2879092C.1,SX2879092C.2
L3104117.3,X3104117C.1,X3104117C.2,SX3104117C.1,SX3104117C.2
L2935568.2,X2935568B.1,X2935568B.2,SX2935568B.1,SX2935568B.2
L2710530.2,X2710530B.1,X2710530B.2,SX2710530B.1,SX2710530B.2
L2841618.1,X2841618A.1,X2841618A.2,SX2841618A.1,SX2841618A.2
L3728043.1,X3728043A.1,X3728043A.2,SX3728043A.1,SX3728043A.2
L2897765.2,X2897765B.1,X2897765B.2,SX2897765B.1,SX2897765B.2
L2804283.1,X2804283A.1,X2804283A.2,SX2804283A.1,SX2804283A.2
L3150961.3,X3150961C.1,X3150961C.2,SX3150961C.1,SX3150961C.2
L2859391.2,X2859391B.1,X2859391B.2,SX2859391B.1,SX2859391B.2
L3254206.2,X3254206B.1,X3254206B.2,SX3254206B.1,SX3254206B.2
L3104122.1,X3104122A.1,X3104122A.2,SX3104122A.1,SX3104122A.2
L3254218.1,X3254218A.1,X3254218A.2,SX3254218A.1,SX3254218A.2
L2804255.2,X2804255B.1,X2804255B.2,SX2804255B.1,SX2804255B.2
L2766748.1,X2766748A.1,X2766748A.2,SX2766748A.1,SX2766748A.2
L2691938.2,X2691938B.1,X2691938B.2,SX2691938B.1,SX2691938B.2
L3027671.1,X3027671A.1,X3027671A.2,SX3027671A.1,SX3027671A.2
L2860501.2,X2860501B.1,X2860501B.2,SX2860501B.1,SX2860501B.2
L2897764.2,X2897764B.1,X2897764B.2,SX2897764B.1,SX2897764B.2
L3068944.2,X3068944B.1,X3068944B.2,SX3068944B.1,SX3068944B.2
L2897781.1,X2897781A.1,X2897781A.2,SX2897781A.1,SX2897781A.2
L2748132.1,X2748132A.1,X2748132A.2,SX2748132A.1,SX2748132A.2
L2766727.2,X2766727B.1,X2766727B.2,SX2766727B.1,SX2766727B.2
L2954339.2,X2954339B.1,X2954339B.2,SX2954339B.1,SX2954339B.2
L2673316.1,X2673316A.1,X2673316A.2,SX2673316A.1,SX2673316A.2
L3649304.1,X3649304A.1,X3649304A.2,SX3649304A.1,SX3649304A.2
L2710508.2,X2710508B.1,X2710508B.2,SX2710508B.1,SX2710508B.2
L2710520.1,X2710520A.1,X2710520A.2,SX2710520A.1,SX2710520A.2
L3010567.3,X3010567C.1,X3010567C.2,SX3010567C.1,SX3010567C.2
L2876798.2,X2876798B.1,X2876798B.2,SX2876798B.1,SX2876798B.2
L3253570.3,X3253570C.1,X3253570C.2,SX3253570C.1,SX3253570C.2
L3216350.1,X3216350A.1,X3216350A.2,SX3216350A.1,SX3216350A.2
L2804257.2,X2804257B.1,X2804257B.2,SX2804257B.1,SX2804257B.2
L3048937.3,X3048937C.1,X3048937C.2,SX3048937C.1,SX3048937C.2
L2748157.1,X2748157A.1,X2748157A.2,SX2748157A.1,SX2748157A.2
L3008237.3,X3008237C.1,X3008237C.2,SX3008237C.1,SX3008237C.2
L3235258.1,X3235258A.1,X3235258A.2,SX3235258A.1,SX3235258A.2
L3235258.2,X3235258B.1,X3235258B.2,SX3235258B.1,SX3235258B.2
L3235258.3,X3235258C.1,X3235258C.2,SX3235258C.1,SX3235258C.2
L2766738.3,X2766738C.1,X2766738C.2,SX2766738C.1,SX2766738C.2
L2691948.2,X2691948B.1,X2691948B.2,SX2691948B.1,SX2691948B.2
L2674052.3,X2674052C.1,X2674052C.2,SX2674052C.1,SX2674052C.2
L3160868.2,X3160868B.1,X3160868B.2,SX3160868B.1,SX3160868B.2
L3048889.3,X3048889C.1,X3048889C.2,SX3048889C.1,SX3048889C.2
L3236004.3,X3236004C.1,X3236004C.2,SX3236004C.1,SX3236004C.2
L3235255.2,X3235255B.1,X3235255B.2,SX3235255B.1,SX3235255B.2
L3067447.1,X3067447A.1,X3067447A.2,SX3067447A.1,SX3067447A.2
L2989432.2,X2989432B.1,X2989432B.2,SX2989432B.1,SX2989432B.2
L2973164.1,X2973164A.1,X2973164A.2,SX2973164A.1,SX2973164A.2
L3010565.3,X3010565C.1,X3010565C.2,SX3010565C.1,SX3010565C.2
L2689678.2,X2689678B.1,X2689678B.2,SX2689678B.1,SX2689678B.2
L2748840.2,X2748840B.1,X2748840B.2,SX2748840B.1,SX2748840B.2
L2989566.2,X2989566B.1,X2989566B.2,SX2989566B.1,SX2989566B.2
L3141388.3,X3141388C.1,X3141388C.2,SX3141388C.1,SX3141388C.2
L2673317.1,X2673317A.1,X2673317A.2,SX2673317A.1,SX2673317A.2
L2822870.3,X2822870C.1,X2822870C.2,SX2822870C.1,SX2822870C.2
L2745799.3,X2745799C.1,X2745799C.2,SX2745799C.1,SX2745799C.2
L2786274.3,X2786274C.1,X2786274C.2,SX2786274C.1,SX2786274C.2
L2897772.1,X2897772A.1,X2897772A.2,SX2897772A.1,SX2897772A.2
L2935566.3,X2935566C.1,X2935566C.2,SX2935566C.1,SX2935566C.2
L3091052.1,X3091052A.1,X3091052A.2,SX3091052A.1,SX3091052A.2
L3010566.3,X3010566C.1,X3010566C.2,SX3010566C.1,SX3010566C.2
L3104131.1,X3104131A.1,X3104131A.2,SX3104131A.1,SX3104131A.2
L3216336.1,X3216336A.1,X3216336A.2,SX3216336A.1,SX3216336A.2
L2858166.1,X2858166A.1,X2858166A.2,SX2858166A.1,SX2858166A.2
L2748128.3,X2748128C.1,X2748128C.2,SX2748128C.1,SX2748128C.2
L2673318.3,X2673318C.1,X2673318C.2,SX2673318C.1,SX2673318C.2
L2973169.1,X2973169A.1,X2973169A.2,SX2973169A.1,SX2973169A.2
L3160106.1,X3160106A.1,X3160106A.2,SX3160106A.1,SX3160106A.2
L2842384.3,X2842384C.1,X2842384C.2,SX2842384C.1,SX2842384C.2
L2767341.3,X2767341C.1,X2767341C.2,SX2767341C.1,SX2767341C.2
L3189188.3,X3189188C.1,X3189188C.2,SX3189188C.1,SX3189188C.2
L2710544.1,X2710544A.1,X2710544A.2,SX2710544A.1,SX2710544A.2
L3160123.1,X3160123A.1,X3160123A.2,SX3160123A.1,SX3160123A.2
L2991927.2,X2991927B.1,X2991927B.2,SX2991927B.1,SX2991927B.2
L3122847.1,X3122847A.1,X3122847A.2,SX3122847A.1,SX3122847A.2
L3008232.2,X3008232B.1,X3008232B.2,SX3008232B.1,SX3008232B.2
L3179607.2,X3179607B.1,X3179607B.2,SX3179607B.1,SX3179607B.2
L2673346.3,X2673346C.1,X2673346C.2,SX2673346C.1,SX2673346C.2
L3104127.2,X3104127B.1,X3104127B.2,SX3104127B.1,SX3104127B.2
L3195321.1,X3195321A.1,X3195321A.2,SX3195321A.1,SX3195321A.2
L2673303.3,X2673303C.1,X2673303C.2,SX2673303C.1,SX2673303C.2
L2895461.1,X2895461A.1,X2895461A.2,SX2895461A.1,SX2895461A.2
L3027116.1,X3027116A.1,X3027116A.2,SX3027116A.1,SX3027116A.2
L2992657.1,X2992657A.1,X2992657A.2,SX2992657A.1,SX2992657A.2
L3104154.3,X3104154C.1,X3104154C.2,SX3104154C.1,SX3104154C.2
L3010580.2,X3010580B.1,X3010580B.2,SX3010580B.1,SX3010580B.2
L3727710.1,X3727710A.1,X3727710A.2,SX3727710A.1,SX3727710A.2
L2692664.3,X2692664C.1,X2692664C.2,SX2692664C.1,SX2692664C.2
L3215385.1,X3215385A.1,X3215385A.2,SX3215385A.1,SX3215385A.2
L3215385.2,X3215385B.1,X3215385B.2,SX3215385B.1,SX3215385B.2
L3215385.3,X3215385C.1,X3215385C.2,SX3215385C.1,SX3215385C.2
L2860493.1,X2860493A.1,X2860493A.2,SX2860493A.1,SX2860493A.2
L3177881.3,X3177881C.1,X3177881C.2,SX3177881C.1,SX3177881C.2
L3727709.1,X3727709A.1,X3727709A.2,SX3727709A.1,SX3727709A.2
L2785528.2,X2785528B.1,X2785528B.2,SX2785528B.1,SX2785528B.2
L2973171.2,X2973171B.1,X2973171B.2,SX2973171B.1,SX2973171B.2
L2785523.3,X2785523C.1,X2785523C.2,SX2785523C.1,SX2785523C.2
L3649300.1,X3649300A.1,X3649300A.2,SX3649300A.1,SX3649300A.2
L2748133.3,X2748133C.1,X2748133C.2,SX2748133C.1,SX2748133C.2
L3233353.1,X3233353A.1,X3233353A.2,SX3233353A.1,SX3233353A.2
L2785547.2,X2785547B.1,X2785547B.2,SX2785547B.1,SX2785547B.2
L2897800.2,X2897800B.1,X2897800B.2,SX2897800B.1,SX2897800B.2
L2991939.2,X2991939B.1,X2991939B.2,SX2991939B.1,SX2991939B.2
L2948732.2,X2948732B.1,X2948732B.2,SX2948732B.1,SX2948732B.2
L0247162.2,X0247162B.1,X0247162B.2,,
L2879065.2,X2879065B.1,X2879065B.2,SX2879065B.1,SX2879065B.2
L3104121.1,X3104121A.1,X3104121A.2,SX3104121A.1,SX3104121A.2
L2763153.1,X2763153A.1,X2763153A.2,SX2763153A.1,SX2763153A.2
L2766724.3,X2766724C.1,X2766724C.2,SX2766724C.1,SX2766724C.2
L2805031.3,X2805031C.1,X2805031C.2,SX2805031C.1,SX2805031C.2
L2805036.2,X2805036B.1,X2805036B.2,SX2805036B.1,SX2805036B.2
L3197625.3,X3197625C.1,X3197625C.2,SX3197625C.1,SX3197625C.2
L3142049.3,X3142049C.1,X3142049C.2,SX3142049C.1,SX3142049C.2
L3342743.3,X3342743C.1,X3342743C.2,SX3342743C.1,SX3342743C.2
L2785524.3,X2785524C.1,X2785524C.2,SX2785524C.1,SX2785524C.2
L2973166.3,X2973166C.1,X2973166C.2,SX2973166C.1,SX2973166C.2
L3225319.2,X3225319B.1,X3225319B.2,SX3225319B.1,SX3225319B.2
L3270814.1,X3270814A.1,X3270814A.2,SX3270814A.1,SX3270814A.2
L3122814.3,X3122814C.1,X3122814C.2,SX3122814C.1,SX3122814C.2
L2897770.3,X2897770C.1,X2897770C.2,SX2897770C.1,SX2897770C.2
L3197634.2,X3197634B.1,X3197634B.2,SX3197634B.1,SX3197634B.2
L3030204.1,X3030204A.1,X3030204A.2,SX3030204A.1,SX3030204A.2
L3102286.2,X3102286B.1,X3102286B.2,SX3102286B.1,SX3102286B.2
L2801909.3,X2801909C.1,X2801909C.2,SX2801909C.1,SX2801909C.2
L3122811.1,X3122811A.1,X3122811A.2,SX3122811A.1,SX3122811A.2
L2822869.1,X2822869A.1,X2822869A.2,SX2822869A.1,SX2822869A.2
L3086098.1,X3086098A.1,X3086098A.2,SX3086098A.1,SX3086098A.2
L3120504.1,X3120504A.1,X3120504A.2,SX3120504A.1,SX3120504A.2
L3727712.1,X3727712A.1,X3727712A.2,SX3727712A.1,SX3727712A.2
L3101789.1,X3101789A.1,X3101789A.2,SX3101789A.1,SX3101789A.2
L3254210.3,X3254210C.1,X3254210C.2,SX3254210C.1,SX3254210C.2
L2730187.1,X2730187A.1,X2730187A.2,SX2730187A.1,SX2730187A.2
L3216367.2,X3216367B.1,X3216367B.2,SX3216367B.1,SX3216367B.2
L2710509.3,X2710509C.1,X2710509C.2,SX2710509C.1,SX2710509C.2
L3066805.1,X3066805A.1,X3066805A.2,SX3066805A.1,SX3066805A.2
L3197661.3,X3197661C.1,X3197661C.2,SX3197661C.1,SX3197661C.2
L3179608.3,X3179608C.1,X3179608C.2,SX3179608C.1,SX3179608C.2
L2916234.1,X2916234A.1,X2916234A.2,SX2916234A.1,SX2916234A.2
L3085402.1,X3085402A.1,X3085402A.2,SX3085402A.1,SX3085402A.2
L2875754.3,X2875754C.1,X2875754C.2,SX2875754C.1,SX2875754C.2
L2860478.2,X2860478B.1,X2860478B.2,SX2860478B.1,SX2860478B.2
L2766732.2,X2766732B.1,X2766732B.2,SX2766732B.1,SX2766732B.2
L3198355.2,X3198355B.1,X3198355B.2,SX3198355B.1,SX3198355B.2
L3065665.1,X3065665A.1,X3065665A.2,SX3065665A.1,SX3065665A.2
L2897771.2,X2897771B.1,X2897771B.2,SX2897771B.1,SX2897771B.2
L2785516.2,X2785516B.1,X2785516B.2,SX2785516B.1,SX2785516B.2
L2729206.3,X2729206C.1,X2729206C.2,SX2729206C.1,SX2729206C.2
L3195310.1,X3195310A.1,X3195310A.2,SX3195310A.1,SX3195310A.2
L3232301.3,X3232301C.1,X3232301C.2,SX3232301C.1,SX3232301C.2
L3048946.3,X3048946C.1,X3048946C.2,SX3048946C.1,SX3048946C.2
L2861157.3,X2861157C.1,X2861157C.2,SX2861157C.1,SX2861157C.2
L3029183.2,X3029183B.1,X3029183B.2,SX3029183B.1,SX3029183B.2
L3085396.1,X3085396A.1,X3085396A.2,SX3085396A.1,SX3085396A.2
L2748146.1,X2748146A.1,X2748146A.2,SX2748146A.1,SX2748146A.2
L2691954.2,X2691954B.1,X2691954B.2,SX2691954B.1,SX2691954B.2
L2895449.3,X2895449C.1,X2895449C.2,SX2895449C.1,SX2895449C.2
L2991911.3,X2991911C.1,X2991911C.2,SX2991911C.1,SX2991911C.2
L2785515.3,X2785515C.1,X2785515C.2,SX2785515C.1,SX2785515C.2
L2804262.1,X2804262A.1,X2804262A.2,SX2804262A.1,SX2804262A.2
L0247160.2,X0247160B.1,X0247160B.2,,
L2785537.1,X2785537A.1,X2785537A.2,SX2785537A.1,SX2785537A.2
L3122819.3,X3122819C.1,X3122819C.2,SX3122819C.1,SX3122819C.2
L2804245.2,X2804245B.1,X2804245B.2,SX2804245B.1,SX2804245B.2
L2879068.2,X2879068B.1,X2879068B.2,SX2879068B.1,SX2879068B.2
L2767409.2,X2767409B.1,X2767409B.2,SX2767409B.1,SX2767409B.2
L2685809.1,X2685809A.1,X2685809A.2,SX2685809A.1,SX2685809A.2
L3197637.3,X3197637C.1,X3197637C.2,SX3197637C.1,SX3197637C.2
L3066818.2,X3066818B.1,X3066818B.2,SX3066818B.1,SX3066818B.2
L2763407.3,X2763407C.1,X2763407C.2,SX2763407C.1,SX2763407C.2
L2711226.2,X2711226B.1,X2711226B.2,SX2711226B.1,SX2711226B.2
L3160109.2,X3160109B.1,X3160109B.2,SX3160109B.1,SX3160109B.2
L2710516.1,X2710516A.1,X2710516A.2,SX2710516A.1,SX2710516A.2
L3197641.1,X3197641A.1,X3197641A.2,SX3197641A.1,SX3197641A.2
L2954351.3,X2954351C.1,X2954351C.2,SX2954351C.1,SX2954351C.2
L2804272.2,X2804272B.1,X2804272B.2,SX2804272B.1,SX2804272B.2
L2785519.1,X2785519A.1,X2785519A.2,SX2785519A.1,SX2785519A.2
L2955006.3,X2955006C.1,X2955006C.2,SX2955006C.1,SX2955006C.2
L3104123.3,X3104123C.1,X3104123C.2,SX3104123C.1,SX3104123C.2
L2729414.1,X2729414A.1,X2729414A.2,SX2729414A.1,SX2729414A.2
L2729414.2,X2729414B.1,X2729414B.2,SX2729414B.1,SX2729414B.2
L2729414.3,X2729414C.1,X2729414C.2,SX2729414C.1,SX2729414C.2
L2692660.1,X2692660A.1,X2692660A.2,SX2692660A.1,SX2692660A.2
L2897793.1,X2897793A.1,X2897793A.2,SX2897793A.1,SX2897793A.2
L3235266.3,X3235266C.1,X3235266C.2,SX3235266C.1,SX3235266C.2
L2915534.1,X2915534A.1,X2915534A.2,SX2915534A.1,SX2915534A.2
L2804259.1,X2804259A.1,X2804259A.2,SX2804259A.1,SX2804259A.2
L2764399.2,X2764399B.1,X2764399B.2,SX2764399B.1,SX2764399B.2
L2822863.3,X2822863C.1,X2822863C.2,SX2822863C.1,SX2822863C.2
L3217057.1,X3217057A.1,X3217057A.2,SX3217057A.1,SX3217057A.2
L3215203.1,X3215203A.1,X3215203A.2,SX3215203A.1,SX3215203A.2
L3215203.2,X3215203B.1,X3215203B.2,SX3215203B.1,SX3215203B.2
L3215203.3,X3215203C.1,X3215203C.2,SX3215203C.1,SX3215203C.2
L3048221.1,X3048221A.1,X3048221A.2,SX3048221A.1,SX3048221A.2
L2767408.3,X2767408C.1,X2767408C.2,SX2767408C.1,SX2767408C.2
L3122848.3,X3122848C.1,X3122848C.2,SX3122848C.1,SX3122848C.2
L2841635.1,X2841635A.1,X2841635A.2,SX2841635A.1,SX2841635A.2
L2973162.2,X2973162B.1,X2973162B.2,SX2973162B.1,SX2973162B.2
L3122821.2,X3122821B.1,X3122821B.2,SX3122821B.1,SX3122821B.2
L3123452.3,X3123452C.1,X3123452C.2,SX3123452C.1,SX3123452C.2
L3029500.1,X3029500A.1,X3029500A.2,SX3029500A.1,SX3029500A.2
L3216344.2,X3216344B.1,X3216344B.2,SX3216344B.1,SX3216344B.2
L2748125.3,X2748125C.1,X2748125C.2,SX2748125C.1,SX2748125C.2
L2785520.2,X2785520B.1,X2785520B.2,SX2785520B.1,SX2785520B.2
L3104119.1,X3104119A.1,X3104119A.2,SX3104119A.1,SX3104119A.2
L2710517.1,X2710517A.1,X2710517A.2,SX2710517A.1,SX2710517A.2
L3048227.1,X3048227A.1,X3048227A.2,SX3048227A.1,SX3048227A.2
L3048209.2,X3048209B.1,X3048209B.2,SX3048209B.1,SX3048209B.2
L3216370.1,X3216370A.1,X3216370A.2,SX3216370A.1,SX3216370A.2
L3216370.2,X3216370B.1,X3216370B.2,SX3216370B.1,SX3216370B.2
L3216370.3,X3216370C.1,X3216370C.2,SX3216370C.1,SX3216370C.2
L3066819.1,X3066819A.1,X3066819A.2,SX3066819A.1,SX3066819A.2
L2673314.3,X2673314C.1,X2673314C.2,SX2673314C.1,SX2673314C.2
L3197643.2,X3197643B.1,X3197643B.2,SX3197643B.1,SX3197643B.2
L2803194.3,X2803194C.1,X2803194C.2,SX2803194C.1,SX2803194C.2
L2916617.2,X2916617B.1,X2916617B.2,SX2916617B.1,SX2916617B.2
L3778577.3,X3778577C.1,X3778577C.2,SX3778577C.1,SX3778577C.2
L2991916.2,X2991916B.1,X2991916B.2,SX2991916B.1,SX2991916B.2
L2897554.3,X2897554C.1,X2897554C.2,SX2897554C.1,SX2897554C.2
L3141397.2,X3141397B.1,X3141397B.2,SX3141397B.1,SX3141397B.2
L2916608.3,X2916608C.1,X2916608C.2,SX2916608C.1,SX2916608C.2
L3082983.2,X3082983B.1,X3082983B.2,SX3082983B.1,SX3082983B.2
L2804248.2,X2804248B.1,X2804248B.2,SX2804248B.1,SX2804248B.2
L2841639.1,X2841639A.1,X2841639A.2,SX2841639A.1,SX2841639A.2
L3197645.1,X3197645A.1,X3197645A.2,SX3197645A.1,SX3197645A.2
L2730108.3,X2730108C.1,X2730108C.2,SX2730108C.1,SX2730108C.2
L2897806.3,X2897806C.1,X2897806C.2,SX2897806C.1,SX2897806C.2
L3178977.3,X3178977C.1,X3178977C.2,SX3178977C.1,SX3178977C.2
L2841631.3,X2841631C.1,X2841631C.2,SX2841631C.1,SX2841631C.2
L3235945.3,X3235945C.1,X3235945C.2,SX3235945C.1,SX3235945C.2
L2748839.2,X2748839B.1,X2748839B.2,SX2748839B.1,SX2748839B.2
L2989571.1,X2989571A.1,X2989571A.2,SX2989571A.1,SX2989571A.2
L3552667.3,X3552667C.1,X3552667C.2,SX3552667C.1,SX3552667C.2
L3216347.3,X3216347C.1,X3216347C.2,SX3216347C.1,SX3216347C.2
L2897789.2,X2897789B.1,X2897789B.2,SX2897789B.1,SX2897789B.2
L3160100.2,X3160100B.1,X3160100B.2,SX3160100B.1,SX3160100B.2
L2973156.2,X2973156B.1,X2973156B.2,SX2973156B.1,SX2973156B.2
L3048214.1,X3048214A.1,X3048214A.2,SX3048214A.1,SX3048214A.2
L2766719.1,X2766719A.1,X2766719A.2,SX2766719A.1,SX2766719A.2
L2729401.2,X2729401B.1,X2729401B.2,SX2729401B.1,SX2729401B.2
L2991640.3,X2991640C.1,X2991640C.2,SX2991640C.1,SX2991640C.2
L3139366.1,X3139366A.1,X3139366A.2,SX3139366A.1,SX3139366A.2
L2728247.1,X2728247A.1,X2728247A.2,SX2728247A.1,SX2728247A.2
L2728247.2,X2728247B.1,X2728247B.2,SX2728247B.1,SX2728247B.2
L2728247.3,X2728247C.1,X2728247C.2,SX2728247C.1,SX2728247C.2
L2673306.3,X2673306C.1,X2673306C.2,SX2673306C.1,SX2673306C.2
L2954357.1,X2954357A.1,X2954357A.2,SX2954357A.1,SX2954357A.2
L3141395.3,X3141395C.1,X3141395C.2,SX3141395C.1,SX3141395C.2
L2876796.1,X2876796A.1,X2876796A.2,SX2876796A.1,SX2876796A.2
L3197642.3,X3197642C.1,X3197642C.2,SX3197642C.1,SX3197642C.2
L3254873.3,X3254873C.1,X3254873C.2,SX3254873C.1,SX3254873C.2
L2822858.2,X2822858B.1,X2822858B.2,SX2822858B.1,SX2822858B.2
L3728040.1,X3728040A.1,X3728040A.2,SX3728040A.1,SX3728040A.2
L3157710.2,X3157710B.1,X3157710B.2,SX3157710B.1,SX3157710B.2
L2710514.2,X2710514B.1,X2710514B.2,SX2710514B.1,SX2710514B.2
L2763072.2,X2763072B.1,X2763072B.2,SX2763072B.1,SX2763072B.2
L2710519.1,X2710519A.1,X2710519A.2,SX2710519A.1,SX2710519A.2
L3727711.1,X3727711A.1,X3727711A.2,SX3727711A.1,SX3727711A.2
L2691936.1,X2691936A.1,X2691936A.2,SX2691936A.1,SX2691936A.2
L2841638.3,X2841638C.1,X2841638C.2,SX2841638C.1,SX2841638C.2
L3254209.3,X3254209C.1,X3254209C.2,SX3254209C.1,SX3254209C.2
L3010557.1,X3010557A.1,X3010557A.2,SX3010557A.1,SX3010557A.2
L2820528.3,X2820528C.1,X2820528C.2,SX2820528C.1,SX2820528C.2
L3251808.1,X3251808A.1,X3251808A.2,SX3251808A.1,SX3251808A.2
L3649305.1,X3649305A.1,X3649305A.2,SX3649305A.1,SX3649305A.2
L3157718.1,X3157718A.1,X3157718A.2,SX3157718A.1,SX3157718A.2
L3010569.1,X3010569A.1,X3010569A.2,SX3010569A.1,SX3010569A.2
L2785527.1,X2785527A.1,X2785527A.2,SX2785527A.1,SX2785527A.2
L3047073.3,X3047073C.1,X3047073C.2,SX3047073C.1,SX3047073C.2
L3649306.1,X3649306A.1,X3649306A.2,SX3649306A.1,SX3649306A.2
L2973161.1,X2973161A.1,X2973161A.2,SX2973161A.1,SX2973161A.2
L2688692.2,X2688692B.1,X2688692B.2,SX2688692B.1,SX2688692B.2
L3254220.3,X3254220C.1,X3254220C.2,SX3254220C.1,SX3254220C.2
L3141389.1,X3141389A.1,X3141389A.2,SX3141389A.1,SX3141389A.2
L3197618.1,X3197618A.1,X3197618A.2,SX3197618A.1,SX3197618A.2
L3143999.1,X3143999A.1,X3143999A.2,SX3143999A.1,SX3143999A.2
L2691949.2,X2691949B.1,X2691949B.2,SX2691949B.1,SX2691949B.2
L3066807.3,X3066807C.1,X3066807C.2,SX3066807C.1,SX3066807C.2
L2876812.1,X2876812A.1,X2876812A.2,SX2876812A.1,SX2876812A.2
L2841634.2,X2841634B.1,X2841634B.2,SX2841634B.1,SX2841634B.2
L3235245.3,X3235245C.1,X3235245C.2,SX3235245C.1,SX3235245C.2
L3104135.1,X3104135A.1,X3104135A.2,SX3104135A.1,SX3104135A.2
L2952014.1,X2952014A.1,X2952014A.2,SX2952014A.1,SX2952014A.2
L3048205.3,X3048205C.1,X3048205C.2,SX3048205C.1,SX3048205C.2
L2861223.2,X2861223B.1,X2861223B.2,SX2861223B.1,SX2861223B.2
L2936268.3,X2936268C.1,X2936268C.2,SX2936268C.1,SX2936268C.2
L2879055.3,X2879055C.1,X2879055C.2,SX2879055C.1,SX2879055C.2
L2690941.2,X2690941B.1,X2690941B.2,SX2690941B.1,SX2690941B.2
L2897773.1,X2897773A.1,X2897773A.2,SX2897773A.1,SX2897773A.2
L3104850.3,X3104850C.1,X3104850C.2,SX3104850C.1,SX3104850C.2
L3139086.2,X3139086B.1,X3139086B.2,SX3139086B.1,SX3139086B.2
L3727707.1,X3727707A.1,X3727707A.2,SX3727707A.1,SX3727707A.2
L3030126.3,X3030126C.1,X3030126C.2,SX3030126C.1,SX3030126C.2
L2879079.2,X2879079B.1,X2879079B.2,SX2879079B.1,SX2879079B.2
L3066821.1,X3066821A.1,X3066821A.2,SX3066821A.1,SX3066821A.2
L3254204.1,X3254204A.1,X3254204A.2,SX3254204A.1,SX3254204A.2
L2748135.1,X2748135A.1,X2748135A.2,SX2748135A.1,SX2748135A.2
L2841623.1,X2841623A.1,X2841623A.2,SX2841623A.1,SX2841623A.2
L2954349.2,X2954349B.1,X2954349B.2,SX2954349B.1,SX2954349B.2
L2801902.2,X2801902B.1,X2801902B.2,SX2801902B.1,SX2801902B.2
L2729434.2,X2729434B.1,X2729434B.2,SX2729434B.1,SX2729434B.2
L3048962.1,X3048962A.1,X3048962A.2,SX3048962A.1,SX3048962A.2
L2857591.1,X2857591A.1,X2857591A.2,SX2857591A.1,SX2857591A.2
L3048890.3,X3048890C.1,X3048890C.2,SX3048890C.1,SX3048890C.2
L2936211.3,X2936211C.1,X2936211C.2,SX2936211C.1,SX2936211C.2
L2820535.2,X2820535B.1,X2820535B.2,SX2820535B.1,SX2820535B.2
L3097861.3,X3097861C.1,X3097861C.2,SX3097861C.1,SX3097861C.2
L3141390.2,X3141390B.1,X3141390B.2,SX3141390B.1,SX3141390B.2
L3141412.1,X3141412A.1,X3141412A.2,SX3141412A.1,SX3141412A.2
L2991920.1,X2991920A.1,X2991920A.2,SX2991920A.1,SX2991920A.2
L3160861.3,X3160861C.1,X3160861C.2,SX3160861C.1,SX3160861C.2
L2876813.1,X2876813A.1,X2876813A.2,SX2876813A.1,SX2876813A.2
L2729410.3,X2729410C.1,X2729410C.2,SX2729410C.1,SX2729410C.2
L2841637.3,X2841637C.1,X2841637C.2,SX2841637C.1,SX2841637C.2
L3122817.3,X3122817C.1,X3122817C.2,SX3122817C.1,SX3122817C.2
L3086079.2,X3086079B.1,X3086079B.2,SX3086079B.1,SX3086079B.2
L3179699.2,X3179699B.1,X3179699B.2,SX3179699B.1,SX3179699B.2
L3085390.2,X3085390B.1,X3085390B.2,SX3085390B.1,SX3085390B.2
L2897767.3,X2897767C.1,X2897767C.2,SX2897767C.1,SX2897767C.2
L3104124.2,X3104124B.1,X3104124B.2,SX3104124B.1,SX3104124B.2
L2804251.1,X2804251A.1,X2804251A.2,SX2804251A.1,SX2804251A.2
L3066808.3,X3066808C.1,X3066808C.2,SX3066808C.1,SX3066808C.2
L2897774.2,X2897774B.1,X2897774B.2,SX2897774B.1,SX2897774B.2
L3104115.2,X3104115B.1,X3104115B.2,SX3104115B.1,SX3104115B.2
L0247171.2,X0247171B.1,X0247171B.2,,
L3214055.3,X3214055C.1,X3214055C.2,SX3214055C.1,SX3214055C.2
L3104830.3,X3104830C.1,X3104830C.2,SX3104830C.1,SX3104830C.2
L3254211.2,X3254211B.1,X3254211B.2,SX3254211B.1,SX3254211B.2
L2729407.2,X2729407B.1,X2729407B.2,SX2729407B.1,SX2729407B.2
L3027133.1,X3027133A.1,X3027133A.2,SX3027133A.1,SX3027133A.2
L2691944.1,X2691944A.1,X2691944A.2,SX2691944A.1,SX2691944A.2
L2745806.3,X2745806C.1,X2745806C.2,SX2745806C.1,SX2745806C.2
L2878848.3,X2878848C.1,X2878848C.2,SX2878848C.1,SX2878848C.2
L2991909.1,X2991909A.1,X2991909A.2,SX2991909A.1,SX2991909A.2
L2726973.1,X2726973A.1,X2726973A.2,SX2726973A.1,SX2726973A.2
L2691947.1,X2691947A.1,X2691947A.2,SX2691947A.1,SX2691947A.2
L2952007.3,X2952007C.1,X2952007C.2,SX2952007C.1,SX2952007C.2
L3198347.3,X3198347C.1,X3198347C.2,SX3198347C.1,SX3198347C.2
L2916625.2,X2916625B.1,X2916625B.2,SX2916625B.1,SX2916625B.2
L2820533.1,X2820533A.1,X2820533A.2,SX2820533A.1,SX2820533A.2
L2785531.1,X2785531A.1,X2785531A.2,SX2785531A.1,SX2785531A.2
L3120502.1,X3120502A.1,X3120502A.2,SX3120502A.1,SX3120502A.2
L3252336.2,X3252336B.1,X3252336B.2,SX3252336B.1,SX3252336B.2
L2954353.1,X2954353A.1,X2954353A.2,SX2954353A.1,SX2954353A.2
L2673312.1,X2673312A.1,X2673312A.2,SX2673312A.1,SX2673312A.2
L2766720.1,X2766720A.1,X2766720A.2,SX2766720A.1,SX2766720A.2
L2879070.2,X2879070B.1,X2879070B.2,SX2879070B.1,SX2879070B.2
L3179674.2,X3179674B.1,X3179674B.2,SX3179674B.1,SX3179674B.2
L3029506.2,X3029506B.1,X3029506B.2,SX3029506B.1,SX3029506B.2
L3216348.1,X3216348A.1,X3216348A.2,SX3216348A.1,SX3216348A.2
L3048231.2,X3048231B.1,X3048231B.2,SX3048231B.1,SX3048231B.2
L3065696.1,X3065696A.1,X3065696A.2,SX3065696A.1,SX3065696A.2
L3178974.2,X3178974B.1,X3178974B.2,SX3178974B.1,SX3178974B.2
L2916607.3,X2916607C.1,X2916607C.2,SX2916607C.1,SX2916607C.2
L3197652.1,X3197652A.1,X3197652A.2,SX3197652A.1,SX3197652A.2
L2691939.2,X2691939B.1,X2691939B.2,SX2691939B.1,SX2691939B.2
L2858175.1,X2858175A.1,X2858175A.2,SX2858175A.1,SX2858175A.2
L3085400.3,X3085400C.1,X3085400C.2,SX3085400C.1,SX3085400C.2
L3178969.2,X3178969B.1,X3178969B.2,SX3178969B.1,SX3178969B.2
L2748139.2,X2748139B.1,X2748139B.2,SX2748139B.1,SX2748139B.2
L3235242.3,X3235242C.1,X3235242C.2,SX3235242C.1,SX3235242C.2
L2729412.1,X2729412A.1,X2729412A.2,SX2729412A.1,SX2729412A.2
L3082981.3,X3082981C.1,X3082981C.2,SX3082981C.1,SX3082981C.2
L2766747.1,X2766747A.1,X2766747A.2,SX2766747A.1,SX2766747A.2
L3179646.2,X3179646B.1,X3179646B.2,SX3179646B.1,SX3179646B.2
L3235251.3,X3235251C.1,X3235251C.2,SX3235251C.1,SX3235251C.2
L2766749.2,X2766749B.1,X2766749B.2,SX2766749B.1,SX2766749B.2
L3010568.1,X3010568A.1,X3010568A.2,SX3010568A.1,SX3010568A.2
L2991902.2,X2991902B.1,X2991902B.2,SX2991902B.1,SX2991902B.2
L2954348.1,X2954348A.1,X2954348A.2,SX2954348A.1,SX2954348A.2
L2860484.2,X2860484B.1,X2860484B.2,SX2860484B.1,SX2860484B.2
L2879078.1,X2879078A.1,X2879078A.2,SX2879078A.1,SX2879078A.2
L3649301.1,X3649301A.1,X3649301A.2,SX3649301A.1,SX3649301A.2
L2804252.1,X2804252A.1,X2804252A.2,SX2804252A.1,SX2804252A.2
L2783231.2,X2783231B.1,X2783231B.2,SX2783231B.1,SX2783231B.2
L2710504.2,X2710504B.1,X2710504B.2,SX2710504B.1,SX2710504B.2
L2935547.2,X2935547B.1,X2935547B.2,SX2935547B.1,SX2935547B.2
L3048201.2,X3048201B.1,X3048201B.2,SX3048201B.1,SX3048201B.2
L2804250.3,X2804250C.1,X2804250C.2,SX2804250C.1,SX2804250C.2
L3081380.1,X3081380A.1,X3081380A.2,SX3081380A.1,SX3081380A.2
L3172805.1,X3172805A.1,X3172805A.2,SX3172805A.1,SX3172805A.2
L2822867.2,X2822867B.1,X2822867B.2,SX2822867B.1,SX2822867B.2
L2991922.1,X2991922A.1,X2991922A.2,SX2991922A.1,SX2991922A.2
L3010560.2,X3010560B.1,X3010560B.2,SX3010560B.1,SX3010560B.2
L2785536.2,X2785536B.1,X2785536B.2,SX2785536B.1,SX2785536B.2
L3160872.3,X3160872C.1,X3160872C.2,SX3160872C.1,SX3160872C.2
L2973178.2,X2973178B.1,X2973178B.2,SX2973178B.1,SX2973178B.2
L2731712.2,X2731712B.1,X2731712B.2,SX2731712B.1,SX2731712B.2
L2841628.1,X2841628A.1,X2841628A.2,SX2841628A.1,SX2841628A.2
L2748152.2,X2748152B.1,X2748152B.2,SX2748152B.1,SX2748152B.2
L2916602.1,X2916602A.1,X2916602A.2,SX2916602A.1,SX2916602A.2
L2929261.1,X2929261A.1,X2929261A.2,SX2929261A.1,SX2929261A.2
L2710521.1,X2710521A.1,X2710521A.2,SX2710521A.1,SX2710521A.2
L3142079.2,X3142079B.1,X3142079B.2,SX3142079B.1,SX3142079B.2
L2879072.2,X2879072B.1,X2879072B.2,SX2879072B.1,SX2879072B.2
L2729427.2,X2729427B.1,X2729427B.2,SX2729427B.1,SX2729427B.2
L2954347.2,X2954347B.1,X2954347B.2,SX2954347B.1,SX2954347B.2
L2767340.1,X2767340A.1,X2767340A.2,SX2767340A.1,SX2767340A.2
L2767340.2,X2767340B.1,X2767340B.2,SX2767340B.1,SX2767340B.2
L2767340.3,X2767340C.1,X2767340C.2,SX2767340C.1,SX2767340C.2
L3104157.3,X3104157C.1,X3104157C.2,SX3104157C.1,SX3104157C.2
L3122815.2,X3122815B.1,X3122815B.2,SX3122815B.1,SX3122815B.2
L2916605.3,X2916605C.1,X2916605C.2,SX2916605C.1,SX2916605C.2
L3234149.1,X3234149A.1,X3234149A.2,SX3234149A.1,SX3234149A.2
L3234149.2,X3234149B.1,X3234149B.2,SX3234149B.1,SX3234149B.2
L3234149.3,X3234149C.1,X3234149C.2,SX3234149C.1,SX3234149C.2
L3160862.3,X3160862C.1,X3160862C.2,SX3160862C.1,SX3160862C.2
L3233413.2,X3233413B.1,X3233413B.2,SX3233413B.1,SX3233413B.2
L2822865.3,X2822865C.1,X2822865C.2,SX2822865C.1,SX2822865C.2
L2879081.1,X2879081A.1,X2879081A.2,SX2879081A.1,SX2879081A.2
L2691946.2,X2691946B.1,X2691946B.2,SX2691946B.1,SX2691946B.2
L2806553.3,X2806553C.1,X2806553C.2,SX2806553C.1,SX2806553C.2
L3254215.3,X3254215C.1,X3254215C.2,SX3254215C.1,SX3254215C.2
L2951995.3,X2951995C.1,X2951995C.2,SX2951995C.1,SX2951995C.2
L3197628.3,X3197628C.1,X3197628C.2,SX3197628C.1,SX3197628C.2
L2673343.2,X2673343B.1,X2673343B.2,SX2673343B.1,SX2673343B.2
L3160864.2,X3160864B.1,X3160864B.2,SX3160864B.1,SX3160864B.2
L2730149.3,X2730149C.1,X2730149C.2,SX2730149C.1,SX2730149C.2
L3160113.2,X3160113B.1,X3160113B.2,SX3160113B.1,SX3160113B.2
L3010585.1,X3010585A.1,X3010585A.2,SX3010585A.1,SX3010585A.2
L2766730.2,X2766730B.1,X2766730B.2,SX2766730B.1,SX2766730B.2
L3160871.3,X3160871C.1,X3160871C.2,SX3160871C.1,SX3160871C.2
L3104129.1,X3104129A.1,X3104129A.2,SX3104129A.1,SX3104129A.2
L3254205.3,X3254205C.1,X3254205C.2,SX3254205C.1,SX3254205C.2
L2785511.1,X2785511A.1,X2785511A.2,SX2785511A.1,SX2785511A.2
L2822857.2,X2822857B.1,X2822857B.2,SX2822857B.1,SX2822857B.2
L3067448.3,X3067448C.1,X3067448C.2,SX3067448C.1,SX3067448C.2
L2955081.1,X2955081A.1,X2955081A.2,SX2955081A.1,SX2955081A.2
L3235268.3,X3235268C.1,X3235268C.2,SX3235268C.1,SX3235268C.2
L2842330.3,X2842330C.1,X2842330C.2,SX2842330C.1,SX2842330C.2
L2821770.1,X2821770A.1,X2821770A.2,SX2821770A.1,SX2821770A.2
L2691959.2,X2691959B.1,X2691959B.2,SX2691959B.1,SX2691959B.2
L3011229.1,X3011229A.1,X3011229A.2,SX3011229A.1,SX3011229A.2
L2936216.3,X2936216C.1,X2936216C.2,SX2936216C.1,SX2936216C.2
L2879073.3,X2879073C.1,X2879073C.2,SX2879073C.1,SX2879073C.2
L2935553.2,X2935553B.1,X2935553B.2,SX2935553B.1,SX2935553B.2
L2748130.2,X2748130B.1,X2748130B.2,SX2748130B.1,SX2748130B.2
L3085410.2,X3085410B.1,X3085410B.2,SX3085410B.1,SX3085410B.2
L2916618.2,X2916618B.1,X2916618B.2,SX2916618B.1,SX2916618B.2
L3010564.3,X3010564C.1,X3010564C.2,SX3010564C.1,SX3010564C.2
L3217064.2,X3217064B.1,X3217064B.2,SX3217064B.1,SX3217064B.2
L3048968.3,X3048968C.1,X3048968C.2,SX3048968C.1,SX3048968C.2
L2673319.3,X2673319C.1,X2673319C.2,SX2673319C.1,SX2673319C.2
L2897777.3,X2897777C.1,X2897777C.2,SX2897777C.1,SX2897777C.2
L3784018.1,X3784018A.1,X3784018A.2,SX3784018A.1,SX3784018A.2
L3141400.1,X3141400A.1,X3141400A.2,SX3141400A.1,SX3141400A.2
L3235252.2,X3235252B.1,X3235252B.2,SX3235252B.1,SX3235252B.2
L2764411.3,X2764411C.1,X2764411C.2,SX2764411C.1,SX2764411C.2
L3030200.3,X3030200C.1,X3030200C.2,SX3030200C.1,SX3030200C.2
L2746587.3,X2746587C.1,X2746587C.2,SX2746587C.1,SX2746587C.2
L3010562.2,X3010562B.1,X3010562B.2,SX3010562B.1,SX3010562B.2
L2896685.1,X2896685A.1,X2896685A.2,SX2896685A.1,SX2896685A.2
L2896685.2,X2896685B.1,X2896685B.2,SX2896685B.1,SX2896685B.2
L2896685.3,X2896685C.1,X2896685C.2,SX2896685C.1,SX2896685C.2
L2748143.1,X2748143A.1,X2748143A.2,SX2748143A.1,SX2748143A.2
L3216351.1,X3216351A.1,X3216351A.2,SX3216351A.1,SX3216351A.2
L3156034.1,X3156034A.1,X3156034A.2,SX3156034A.1,SX3156034A.2
L3104128.1,X3104128A.1,X3104128A.2,SX3104128A.1,SX3104128A.2
L2673309.3,X2673309C.1,X2673309C.2,SX2673309C.1,SX2673309C.2
L3104155.3,X3104155C.1,X3104155C.2,SX3104155C.1,SX3104155C.2
L2729430.2,X2729430B.1,X2729430B.2,SX2729430B.1,SX2729430B.2
L3197630.1,X3197630A.1,X3197630A.2,SX3197630A.1,SX3197630A.2
L2860481.3,X2860481C.1,X2860481C.2,SX2860481C.1,SX2860481C.2
L2973152.2,X2973152B.1,X2973152B.2,SX2973152B.1,SX2973152B.2
L3160117.2,X3160117B.1,X3160117B.2,SX3160117B.1,SX3160117B.2
L3197624.2,X3197624B.1,X3197624B.2,SX3197624B.1,SX3197624B.2
L2708744.2,X2708744B.1,X2708744B.2,SX2708744B.1,SX2708744B.2
L3067506.3,X3067506C.1,X3067506C.2,SX3067506C.1,SX3067506C.2
L2841625.3,X2841625C.1,X2841625C.2,SX2841625C.1,SX2841625C.2
L2785512.2,X2785512B.1,X2785512B.2,SX2785512B.1,SX2785512B.2
L2673305.2,X2673305B.1,X2673305B.2,SX2673305B.1,SX2673305B.2
L2860480.2,X2860480B.1,X2860480B.2,SX2860480B.1,SX2860480B.2
L2914324.1,X2914324A.1,X2914324A.2,SX2914324A.1,SX2914324A.2
L2766741.1,X2766741A.1,X2766741A.2,SX2766741A.1,SX2766741A.2
L3178988.2,X3178988B.1,X3178988B.2,SX3178988B.1,SX3178988B.2
L2729423.3,X2729423C.1,X2729423C.2,SX2729423C.1,SX2729423C.2
L2991929.2,X2991929B.1,X2991929B.2,SX2991929B.1,SX2991929B.2
L2767342.1,X2767342A.1,X2767342A.2,SX2767342A.1,SX2767342A.2
L2936212.1,X2936212A.1,X2936212A.2,SX2936212A.1,SX2936212A.2
L2861219.2,X2861219B.1,X2861219B.2,SX2861219B.1,SX2861219B.2
L3120376.1,X3120376A.1,X3120376A.2,SX3120376A.1,SX3120376A.2
L2991919.1,X2991919A.1,X2991919A.2,SX2991919A.1,SX2991919A.2
L3066804.1,X3066804A.1,X3066804A.2,SX3066804A.1,SX3066804A.2
L2935550.3,X2935550C.1,X2935550C.2,SX2935550C.1,SX2935550C.2
L2691942.2,X2691942B.1,X2691942B.2,SX2691942B.1,SX2691942B.2
L2842383.1,X2842383A.1,X2842383A.2,SX2842383A.1,SX2842383A.2
L3160863.3,X3160863C.1,X3160863C.2,SX3160863C.1,SX3160863C.2
L2935549.2,X2935549B.1,X2935549B.2,SX2935549B.1,SX2935549B.2
L3027122.1,X3027122A.1,X3027122A.2,SX3027122A.1,SX3027122A.2
L2673331.2,X2673331B.1,X2673331B.2,SX2673331B.1,SX2673331B.2
L3254231.1,X3254231A.1,X3254231A.2,SX3254231A.1,SX3254231A.2
L2785543.2,X2785543B.1,X2785543B.2,SX2785543B.1,SX2785543B.2
L2970258.3,X2970258C.1,X2970258C.2,SX2970258C.1,SX2970258C.2
L2748124.2,X2748124B.1,X2748124B.2,SX2748124B.1,SX2748124B.2
L2879773.1,X2879773A.1,X2879773A.2,SX2879773A.1,SX2879773A.2
L2841626.3,X2841626C.1,X2841626C.2,SX2841626C.1,SX2841626C.2
L2991905.1,X2991905A.1,X2991905A.2,SX2991905A.1,SX2991905A.2
L2822861.1,X2822861A.1,X2822861A.2,SX2822861A.1,SX2822861A.2
L3216337.1,X3216337A.1,X3216337A.2,SX3216337A.1,SX3216337A.2
L2674047.3,X2674047C.1,X2674047C.2,SX2674047C.1,SX2674047C.2
L2691967.2,X2691967B.1,X2691967B.2,SX2691967B.1,SX2691967B.2
L3626914.3,X3626914C.1,X3626914C.2,SX3626914C.1,SX3626914C.2
L3177894.1,X3177894A.1,X3177894A.2,SX3177894A.1,SX3177894A.2
L2690187.2,X2690187B.1,X2690187B.2,SX2690187B.1,SX2690187B.2
L3122827.1,X3122827A.1,X3122827A.2,SX3122827A.1,SX3122827A.2
L3315860.2,X3315860B.1,X3315860B.2,SX3315860B.1,SX3315860B.2
L2973165.1,X2973165A.1,X2973165A.2,SX2973165A.1,SX2973165A.2
L2691965.2,X2691965B.1,X2691965B.2,SX2691965B.1,SX2691965B.2
L3216346.1,X3216346A.1,X3216346A.2,SX3216346A.1,SX3216346A.2
L3235267.3,X3235267C.1,X3235267C.2,SX3235267C.1,SX3235267C.2
L3066801.3,X3066801C.1,X3066801C.2,SX3066801C.1,SX3066801C.2
L2898515.3,X2898515C.1,X2898515C.2,SX2898515C.1,SX2898515C.2
L2804258.2,X2804258B.1,X2804258B.2,SX2804258B.1,SX2804258B.2
L2954354.1,X2954354A.1,X2954354A.2,SX2954354A.1,SX2954354A.2
L2802481.1,X2802481A.1,X2802481A.2,SX2802481A.1,SX2802481A.2
L2710505.2,X2710505B.1,X2710505B.2,SX2710505B.1,SX2710505B.2
L3104114.2,X3104114B.1,X3104114B.2,SX3104114B.1,SX3104114B.2
L2798067.2,X2798067B.1,X2798067B.2,SX2798067B.1,SX2798067B.2
L3122825.1,X3122825A.1,X3122825A.2,SX3122825A.1,SX3122825A.2
L2710546.2,X2710546B.1,X2710546B.2,SX2710546B.1,SX2710546B.2
L2879071.2,X2879071B.1,X2879071B.2,SX2879071B.1,SX2879071B.2
L2785514.1,X2785514A.1,X2785514A.2,SX2785514A.1,SX2785514A.2
L2898457.1,X2898457A.1,X2898457A.2,SX2898457A.1,SX2898457A.2
L3727708.1,X3727708A.1,X3727708A.2,SX3727708A.1,SX3727708A.2
L3216988.2,X3216988B.1,X3216988B.2,SX3216988B.1,SX3216988B.2
L3197632.2,X3197632B.1,X3197632B.2,SX3197632B.1,SX3197632B.2
L3178997.3,X3178997C.1,X3178997C.2,SX3178997C.1,SX3178997C.2
L2785535.2,X2785535B.1,X2785535B.2,SX2785535B.1,SX2785535B.2
L3216343.3,X3216343C.1,X3216343C.2,SX3216343C.1,SX3216343C.2
L2748127.1,X2748127A.1,X2748127A.2,SX2748127A.1,SX2748127A.2
L2673323.3,X2673323C.1,X2673323C.2,SX2673323C.1,SX2673323C.2
L3104859.2,X3104859B.1,X3104859B.2,SX3104859B.1,SX3104859B.2
L2859403.1,X2859403A.1,X2859403A.2,SX2859403A.1,SX2859403A.2
L2954345.3,X2954345C.1,X2954345C.2,SX2954345C.1,SX2954345C.2
L3160098.1,X3160098A.1,X3160098A.2,SX3160098A.1,SX3160098A.2
L3254228.2,X3254228B.1,X3254228B.2,SX3254228B.1,SX3254228B.2
L3101788.1,X3101788A.1,X3101788A.2,SX3101788A.1,SX3101788A.2
L2785513.1,X2785513A.1,X2785513A.2,SX2785513A.1,SX2785513A.2
L3231269.2,X3231269B.1,X3231269B.2,SX3231269B.1,SX3231269B.2
L2991921.3,X2991921C.1,X2991921C.2,SX2991921C.1,SX2991921C.2
L3122826.1,X3122826A.1,X3122826A.2,SX3122826A.1,SX3122826A.2
L2842390.3,X2842390C.1,X2842390C.2,SX2842390C.1,SX2842390C.2
L2991913.1,X2991913A.1,X2991913A.2,SX2991913A.1,SX2991913A.2
L3104144.1,X3104144A.1,X3104144A.2,SX3104144A.1,SX3104144A.2
L2804270.2,X2804270B.1,X2804270B.2,SX2804270B.1,SX2804270B.2
L2917333.1,X2917333A.1,X2917333A.2,SX2917333A.1,SX2917333A.2
L2673315.1,X2673315A.1,X2673315A.2,SX2673315A.1,SX2673315A.2
L2688693.3,X2688693C.1,X2688693C.2,SX2688693C.1,SX2688693C.2
L2841645.3,X2841645C.1,X2841645C.2,SX2841645C.1,SX2841645C.2
L3048200.2,X3048200B.1,X3048200B.2,SX3048200B.1,SX3048200B.2
L3048208.1,X3048208A.1,X3048208A.2,SX3048208A.1,SX3048208A.2
L3067507.3,X3067507C.1,X3067507C.2,SX3067507C.1,SX3067507C.2
L2804249.3,X2804249C.1,X2804249C.2,SX2804249C.1,SX2804249C.2
L2936213.2,X2936213B.1,X2936213B.2,SX2936213B.1,SX2936213B.2
L3215340.1,X3215340A.1,X3215340A.2,SX3215340A.1,SX3215340A.2
L3118855.3,X3118855C.1,X3118855C.2,SX3118855C.1,SX3118855C.2
L3085397.2,X3085397B.1,X3085397B.2,SX3085397B.1,SX3085397B.2
L3104796.3,X3104796C.1,X3104796C.2,SX3104796C.1,SX3104796C.2
L3108449.1,X3108449A.1,X3108449A.2,SX3108449A.1,SX3108449A.2
L2673307.3,X2673307C.1,X2673307C.2,SX2673307C.1,SX2673307C.2
L2973159.1,X2973159A.1,X2973159A.2,SX2973159A.1,SX2973159A.2
L3101787.1,X3101787A.1,X3101787A.2,SX3101787A.1,SX3101787A.2
L2785521.3,X2785521C.1,X2785521C.2,SX2785521C.1,SX2785521C.2
L3235273.2,X3235273B.1,X3235273B.2,SX3235273B.1,SX3235273B.2
L2692600.3,X2692600C.1,X2692600C.2,SX2692600C.1,SX2692600C.2
L3179637.3,X3179637C.1,X3179637C.2,SX3179637C.1,SX3179637C.2
L2729406.3,X2729406C.1,X2729406C.2,SX2729406C.1,SX2729406C.2
L3029499.1,X3029499A.1,X3029499A.2,SX3029499A.1,SX3029499A.2
L3179650.2,X3179650B.1,X3179650B.2,SX3179650B.1,SX3179650B.2
L2748780.1,X2748780A.1,X2748780A.2,SX2748780A.1,SX2748780A.2
L3141398.1,X3141398A.1,X3141398A.2,SX3141398A.1,SX3141398A.2
L3085403.1,X3085403A.1,X3085403A.2,SX3085403A.1,SX3085403A.2
L3236011.2,X3236011B.1,X3236011B.2,SX3236011B.1,SX3236011B.2
L2710542.2,X2710542B.1,X2710542B.2,SX2710542B.1,SX2710542B.2
L2801896.2,X2801896B.1,X2801896B.2,SX2801896B.1,SX2801896B.2
L3029501.2,X3029501B.1,X3029501B.2,SX3029501B.1,SX3029501B.2
L3159645.1,X3159645A.1,X3159645A.2,SX3159645A.1,SX3159645A.2
L3125349.3,X3125349C.1,X3125349C.2,SX3125349C.1,SX3125349C.2
L2973149.2,X2973149B.1,X2973149B.2,SX2973149B.1,SX2973149B.2
L3030205.3,X3030205C.1,X3030205C.2,SX3030205C.1,SX3030205C.2
L2841615.1,X2841615A.1,X2841615A.2,SX2841615A.1,SX2841615A.2
L2767407.2,X2767407B.1,X2767407B.2,SX2767407B.1,SX2767407B.2
L3139103.1,X3139103A.1,X3139103A.2,SX3139103A.1,SX3139103A.2
L3011293.1,X3011293A.1,X3011293A.2,SX3011293A.1,SX3011293A.2
L3011293.2,X3011293B.1,X3011293B.2,SX3011293B.1,SX3011293B.2
L3011293.3,X3011293C.1,X3011293C.2,SX3011293C.1,SX3011293C.2
L3181545.3,X3181545C.1,X3181545C.2,SX3181545C.1,SX3181545C.2
L2935555.1,X2935555A.1,X2935555A.2,SX2935555A.1,SX2935555A.2
L3048207.2,X3048207B.1,X3048207B.2,SX3048207B.1,SX3048207B.2
L3160104.2,X3160104B.1,X3160104B.2,SX3160104B.1,SX3160104B.2
L2851933.1,X2851933A.1,X2851933A.2,SX2851933A.1,SX2851933A.2
L2851933.2,X2851933B.1,X2851933B.2,SX2851933B.1,SX2851933B.2
L2851933.3,X2851933C.1,X2851933C.2,SX2851933C.1,SX2851933C.2
L2897784.2,X2897784B.1,X2897784B.2,SX2897784B.1,SX2897784B.2
L3207907.1,X3207907A.1,X3207907A.2,SX3207907A.1,SX3207907A.2
L3207907.2,X3207907B.1,X3207907B.2,SX3207907B.1,SX3207907B.2
L3207907.3,X3207907C.1,X3207907C.2,SX3207907C.1,SX3207907C.2
L2726974.2,X2726974B.1,X2726974B.2,SX2726974B.1,SX2726974B.2
L3029502.1,X3029502A.1,X3029502A.2,SX3029502A.1,SX3029502A.2
L3178972.3,X3178972C.1,X3178972C.2,SX3178972C.1,SX3178972C.2
L3029055.2,X3029055B.1,X3029055B.2,SX3029055B.1,SX3029055B.2
L3029507.2,X3029507B.1,X3029507B.2,SX3029507B.1,SX3029507B.2
L3254230.1,X3254230A.1,X3254230A.2,SX3254230A.1,SX3254230A.2
L3030203.3,X3030203C.1,X3030203C.2,SX3030203C.1,SX3030203C.2
L3048203.2,X3048203B.1,X3048203B.2,SX3048203B.1,SX3048203B.2
L3048963.2,X3048963B.1,X3048963B.2,SX3048963B.1,SX3048963B.2
L2674027.2,X2674027B.1,X2674027B.2,SX2674027B.1,SX2674027B.2
L2973163.2,X2973163B.1,X2973163B.2,SX2973163B.1,SX2973163B.2
L2955074.1,X2955074A.1,X2955074A.2,SX2955074A.1,SX2955074A.2
L3216342.2,X3216342B.1,X3216342B.2,SX3216342B.1,SX3216342B.2
L3235243.3,X3235243C.1,X3235243C.2,SX3235243C.1,SX3235243C.2
L3214069.3,X3214069C.1,X3214069C.2,SX3214069C.1,SX3214069C.2
L2841632.2,X2841632B.1,X2841632B.2,SX2841632B.1,SX2841632B.2
L2822859.2,X2822859B.1,X2822859B.2,SX2822859B.1,SX2822859B.2
L3142050.3,X3142050C.1,X3142050C.2,SX3142050C.1,SX3142050C.2
L2973155.1,X2973155A.1,X2973155A.2,SX2973155A.1,SX2973155A.2
L2973791.1,X2973791A.1,X2973791A.2,SX2973791A.1,SX2973791A.2
L2841629.3,X2841629C.1,X2841629C.2,SX2841629C.1,SX2841629C.2
L2822868.1,X2822868A.1,X2822868A.2,SX2822868A.1,SX2822868A.2
L3122823.2,X3122823B.1,X3122823B.2,SX3122823B.1,SX3122823B.2
L2952003.2,X2952003B.1,X2952003B.2,SX2952003B.1,SX2952003B.2
L3104856.1,X3104856A.1,X3104856A.2,SX3104856A.1,SX3104856A.2
L2786204.3,X2786204C.1,X2786204C.2,SX2786204C.1,SX2786204C.2
L2841622.1,X2841622A.1,X2841622A.2,SX2841622A.1,SX2841622A.2
L2973150.1,X2973150A.1,X2973150A.2,SX2973150A.1,SX2973150A.2
L3066826.2,X3066826B.1,X3066826B.2,SX3066826B.1,SX3066826B.2
L3197638.1,X3197638A.1,X3197638A.2,SX3197638A.1,SX3197638A.2
L2785530.1,X2785530A.1,X2785530A.2,SX2785530A.1,SX2785530A.2
L3082988.2,X3082988B.1,X3082988B.2,SX3082988B.1,SX3082988B.2
L2860491.1,X2860491A.1,X2860491A.2,SX2860491A.1,SX2860491A.2
L2860491.2,X2860491B.1,X2860491B.2,SX2860491B.1,SX2860491B.2
