node,mae_pu,rmse_pu,n_valid
l3217056.1,0.005487261805683374,0.006589076481759548,288
l3215203.1,0.005422975867986679,0.00669795973226428,288
l2915542.1,0.005376478191465139,0.006660760380327702,288
l3029502.1,0.005211284384131432,0.006219031754881144,288
l3217057.1,0.005208853632211685,0.006249730475246906,288
l2936270.1,0.005206311121582985,0.006129325367510319,288
l2896685.1,0.005179051775485277,0.00626034289598465,288
l2728247.1,0.005177771206945181,0.006369766313582659,288
l3101782.1,0.005162369925528765,0.006175307556986809,288
l2767340.1,0.005159919150173664,0.006147357169538736,288
l3139366.1,0.0051251729018986225,0.006204618606716394,288
l2823611.1,0.005116528365761042,0.005993753671646118,288
l2748781.1,0.005109185352921486,0.006189808715134859,288
l3086078.1,0.005090055521577597,0.005987085402011871,288
l3254237.1,0.005077520851045847,0.006160428281873465,288
l2823592.1,0.0050626471638679504,0.0059177931398153305,288
l2802481.1,0.005052904598414898,0.006034092046320438,288
l2823545.1,0.005044204648584127,0.006027061026543379,288
l2990098.1,0.005013760644942522,0.00600154884159565,288
l3065665.1,0.005007855594158173,0.00593499606475234,288
l3108449.1,0.004996157251298428,0.005913561675697565,288
l2785525.3,0.004995150491595268,0.00564183946698904,288
l2821087.1,0.004994971211999655,0.005968247074633837,288
l3234149.1,0.004980083554983139,0.005894689820706844,288
l3011229.1,0.004971317481249571,0.0058998484164476395,288
l3027122.1,0.004961885511875153,0.005884613376110792,288
l3232902.1,0.004956873599439859,0.005947663448750973,288
l2823544.1,0.004956783726811409,0.0058837709948420525,288
l2767342.1,0.004951897542923689,0.005821662954986095,288
l3027671.1,0.004936111159622669,0.005894405767321587,288
l3195321.1,0.0049296277575194836,0.005924529861658812,288
l2748780.1,0.004913271404802799,0.005855706054717302,288
l3214549.1,0.004911312833428383,0.005886204540729523,288
l3235946.1,0.004906550049781799,0.005838736426085234,288
l3104134.3,0.004905961453914642,0.0055453781969845295,288
l2859403.1,0.00489478325471282,0.005813688039779663,288
l3030204.1,0.004893649369478226,0.005701994523406029,288
l3254205.3,0.0048674121499061584,0.005542038939893246,288
l3198348.1,0.004867290612310171,0.005785652436316013,288
l3254220.3,0.004867216572165489,0.005425367504358292,288
l2991921.3,0.004863995127379894,0.005525682587176561,288
l2954352.3,0.0048560635186731815,0.005409230478107929,288
l3254215.3,0.004854103550314903,0.005495511926710606,288
l2933135.1,0.0048519643023610115,0.005952430889010429,288
l3216370.3,0.004848489072173834,0.005527293775230646,288
l2897775.3,0.004847121890634298,0.005490235053002834,288
l2841637.3,0.0048367599956691265,0.005523820407688618,288
l2766750.3,0.004836676642298698,0.005563061218708754,288
l2803199.1,0.004830879624933004,0.00575045682489872,288
l3233412.1,0.0048264735378324986,0.00575065053999424,288
l3197628.3,0.004818339366465807,0.005486308131366968,288
l2991912.1,0.004804674070328474,0.0056330859661102295,288
l3141400.1,0.004796097055077553,0.005609186366200447,288
293471.3,0.004793055355548859,0.005505235865712166,288
l3047289.1,0.004783343058079481,0.005701272748410702,288
l2879794.1,0.004781037103384733,0.005524724256247282,288
l2990826.1,0.004779089242219925,0.005739692132920027,288
l3122819.3,0.004776329733431339,0.005513202864676714,288
l2692660.1,0.004772820509970188,0.005640461575239897,288
l2766718.3,0.00476225046440959,0.005436467006802559,288
l2955047.1,0.004757089540362358,0.00571576040238142,288
l2917330.1,0.004753559827804565,0.00588018074631691,288
l2898457.1,0.004751060623675585,0.005656757391989231,288
l3160107.1,0.004744840785861015,0.005672147963196039,288
l2841629.3,0.004743469879031181,0.005414500832557678,288
l2954351.3,0.0047426591627299786,0.005429139826446772,288
l2673346.3,0.004735337570309639,0.0054359654895961285,288
l2973144.3,0.004735228605568409,0.00543799065053463,288
l3141399.3,0.00473296083509922,0.005435154307633638,288
l2860486.3,0.0047266664914786816,0.005568059626966715,288
l2936214.1,0.0047239018604159355,0.0056572952307760715,288
l2804956.1,0.00471498304978013,0.005656189285218716,288
l3215385.1,0.004709598142653704,0.005654055625200272,288
l2673309.3,0.004700681660324335,0.005422822665423155,288
l2936212.1,0.00469656428322196,0.005631990730762482,288
l2691951.3,0.004682381171733141,0.005395004991441965,288
l3067447.1,0.00468160305172205,0.005619694013148546,288
l2673316.1,0.004679444711655378,0.005597996525466442,288
l2991943.3,0.00467262277379632,0.005340666975826025,288
l3178997.3,0.004671774338930845,0.005354198161512613,288
l2841638.3,0.00467113358899951,0.005311113782227039,288
l2973791.1,0.004660876467823982,0.005599517375230789,288
l3048230.3,0.004653966519981623,0.0053583900444209576,288
l3104157.3,0.004653835669159889,0.005324286874383688,288
l2785518.3,0.004646931309252977,0.005275564268231392,288
l2897779.3,0.0046465760096907616,0.005331898108124733,288
l3214055.3,0.004645378794521093,0.005315427202731371,288
l2692661.1,0.004635549616068602,0.0054428246803581715,288
l2972704.3,0.00463278079405427,0.005297856871038675,288
l3010565.3,0.0046316273510456085,0.005254985298961401,288
l2748133.3,0.004631202667951584,0.005336972884833813,288
l3254219.3,0.004629436880350113,0.00538339139893651,288
l2916609.3,0.004626264795660973,0.005347471684217453,288
l2992657.1,0.004625860136002302,0.005452736280858517,288
l3029503.3,0.004610974341630936,0.005254880990833044,288
l3010569.1,0.004608896095305681,0.005244570784270763,288
l2785524.3,0.004606450907886028,0.005240635015070438,288
l2879055.3,0.0046059321612119675,0.005244055762887001,288
l2727795.3,0.004605392459779978,0.005248958244919777,288
l2841626.3,0.00460035540163517,0.005243463907390833,288
l2897776.3,0.004599114879965782,0.005271230824291706,288
l2954350.3,0.004597983788698912,0.005231461022049189,288
l3178977.3,0.0045975856482982635,0.005245373118668795,288
l2898522.1,0.00459635816514492,0.005416021682322025,288
l3085399.3,0.004594417288899422,0.005245707929134369,288
l2730187.1,0.004594116471707821,0.005546095781028271,288
l2724120.3,0.0045937905088067055,0.005278158001601696,288
l3216347.3,0.004591861739754677,0.005258394870907068,288
l2804261.3,0.004587197210639715,0.005253709852695465,288
l2841628.1,0.004585402086377144,0.005422569811344147,288
l3235266.3,0.004584556445479393,0.005256816744804382,288
l2992656.1,0.0045805699191987514,0.005535349249839783,288
l2785523.3,0.004577292129397392,0.0051946998573839664,288
l3066801.3,0.004576326347887516,0.005213545635342598,288
l3104128.1,0.004575107712298632,0.0054572275839746,288
l3626914.3,0.004574321676045656,0.005218897946178913,288
l3081380.1,0.004570364486426115,0.005418290849775076,288
l3067478.1,0.00456967344507575,0.005485333036631346,288
l2860487.3,0.004567781463265419,0.005216524936258793,288
l2786266.1,0.004567713942378759,0.005290703848004341,288
l3011293.1,0.004564750008285046,0.005310132168233395,288
l2691945.3,0.004561674315482378,0.005221109371632338,288
l3010567.3,0.004559239372611046,0.0052040074951946735,288
l2897778.1,0.0045574745163321495,0.005228146910667419,288
l2673315.1,0.00455641932785511,0.005451904144138098,288
l3010566.3,0.004552555736154318,0.005180942825973034,288
l2879073.3,0.004551319405436516,0.005184585694223642,288
l3195310.1,0.004545142408460379,0.005241229198873043,288
l3178980.3,0.0045447079464793205,0.005210343282669783,288
l3160105.3,0.004543079994618893,0.005196155048906803,288
l3197637.3,0.004542823415249586,0.0051901983097195625,288
l2879076.3,0.004542819689959288,0.00518165435642004,288
l3104126.3,0.004541561007499695,0.005173371639102697,288
l3254210.3,0.004537580534815788,0.005159728229045868,288
l2842383.1,0.004532895516604185,0.005356765817850828,288
l2955074.1,0.004530985374003649,0.005459348205476999,288
l2991911.3,0.004530790727585554,0.005174669437110424,288
l2935559.1,0.004530115053057671,0.005208389367908239,288
l2860490.1,0.004529363475739956,0.005284346640110016,288
l2692654.1,0.004528624005615711,0.00531365629285574,288
l3251799.1,0.004527163226157427,0.005384061951190233,288
l2691950.3,0.004524581134319305,0.005162857472896576,288
l3048214.1,0.004523850046098232,0.005192900542169809,288
l2766717.3,0.004522450268268585,0.005185678601264954,288
l2673321.1,0.004513684194535017,0.005191457457840443,288
l3048210.1,0.004511083941906691,0.005167701747268438,288
l2710510.3,0.0045100124552845955,0.005163189023733139,288
l2973158.3,0.004508434794843197,0.005135046783834696,288
l2860492.3,0.004507923033088446,0.005185605492442846,288
l2991906.1,0.0045062280260026455,0.005405587609857321,288
l3085402.1,0.004506133496761322,0.005221664439886808,288
l3104856.1,0.0045010121539235115,0.005342056974768639,288
l2841625.3,0.004497092217206955,0.005128722637891769,288
l3197645.1,0.004494711756706238,0.005177093204110861,288
l3254218.1,0.004493641667068005,0.005169527139514685,288
l2991922.1,0.0044898372143507,0.005175876431167126,288
l2804252.1,0.004482948686927557,0.005178819876164198,288
l3104131.1,0.004482105374336243,0.0051632593385875225,288
l2936271.1,0.004481183364987373,0.0053135850466787815,288
l2766721.1,0.00447922432795167,0.005363202653825283,288
l2954354.1,0.004473340697586536,0.0051119145937263966,288
l2766729.1,0.004472204018384218,0.005149508360773325,288
l2748129.1,0.004469843115657568,0.0051389047876000404,288
l3235251.3,0.004469397012144327,0.005114575382322073,288
l3141388.3,0.004469303414225578,0.005101419985294342,288
l2991920.1,0.0044640484265983105,0.005134503822773695,288
l2917359.1,0.004456590861082077,0.005298941861838102,288
l3104132.1,0.004453200381249189,0.005121754482388496,288
l2710521.1,0.004451014567166567,0.0050903549417853355,288
l3048962.1,0.004445541184395552,0.005272207781672478,288
l2710519.1,0.004444982390850782,0.005087915807962418,288
l2785527.1,0.0044377390295267105,0.005099930334836245,288
l2955078.1,0.004435294773429632,0.00525763351470232,288
l2973164.1,0.004431623499840498,0.005096693057566881,288
l3122813.1,0.004431409295648336,0.005053071770817041,288
l2992624.1,0.004430240020155907,0.005280243698507547,288
l2729412.1,0.0044275913387537,0.005137733183801174,288
l2804259.1,0.0044274344108998775,0.005132063291966915,288
l2748135.1,0.004426489118486643,0.0051331063732504845,288
l3066819.1,0.004425108432769775,0.00507251126691699,288
l3104133.1,0.004420839250087738,0.005088456440716982,288
l3104135.1,0.004420014563947916,0.0051206559874117374,288
l3197644.1,0.004419470671564341,0.00506225973367691,288
l2897772.1,0.004419134929776192,0.005067428108304739,288
l2860489.1,0.004417986609041691,0.0050904760137200356,288
l3010570.1,0.004417803604155779,0.005117389373481274,288
l2991923.1,0.0044171069748699665,0.005091253202408552,288
l2879054.1,0.004414170980453491,0.005296844989061356,288
l2991913.1,0.004411997273564339,0.0050384667702019215,288
l2839305.1,0.004411655943840742,0.005282268393784761,288
l2729411.1,0.004409825429320335,0.0050499895587563515,288
l3122825.1,0.004409415181726217,0.005089308600872755,288
l2897781.1,0.004409395158290863,0.005049468483775854,288
l3122824.1,0.004406165797263384,0.005076504312455654,288
l3029499.1,0.004405609332025051,0.005056073889136314,288
l2916627.1,0.004401623271405697,0.005037122871726751,288
l2879773.1,0.004396830219775438,0.005258915945887566,288
l2691953.1,0.004396520555019379,0.005052452906966209,288
l3048211.1,0.00439450703561306,0.005044499412178993,288
l2991919.1,0.004393706098198891,0.005072506610304117,288
l3263051.3,0.0043876743875443935,0.005109414458274841,288
l3104121.1,0.004386654123663902,0.00504110986366868,288
l3027116.1,0.004384604748338461,0.005065572448074818,288
l2804283.1,0.004384366795420647,0.005033701658248901,288
l3104113.1,0.004379667341709137,0.004991554655134678,288
l2973151.1,0.004377369768917561,0.005009498447179794,288
l2841630.3,0.004374959971755743,0.004995655734091997,288
l2860491.1,0.004370429087430239,0.005017939023673534,288
l2710520.1,0.004368623718619347,0.004999069031327963,288
293471.1,0.0043685478158295155,0.005048681516200304,288
l3104122.1,0.004367907531559467,0.005014783702790737,288
l2917333.1,0.004363403655588627,0.005190328694880009,288
l2955081.1,0.004362819250673056,0.005231685936450958,288
l2861222.1,0.004356030374765396,0.005518975201994181,288
l2748158.1,0.00435502827167511,0.005025837570428848,288
l3160865.1,0.00435128016397357,0.005142686422914267,288
l3197630.1,0.004343944136053324,0.004965322557836771,288
l2673310.1,0.004341926891356707,0.0049919928424060345,288
l2955076.1,0.004340737126767635,0.005159360822290182,288
l3235256.1,0.004340736661106348,0.004980289377272129,288
l3235253.1,0.004340298939496279,0.0049910228699445724,288
l2785519.1,0.004339831415563822,0.004971773829311132,288
l2763153.1,0.00433881813660264,0.005017986986786127,288
l2989565.1,0.004337022081017494,0.005184897221624851,288
l3010556.1,0.004334065597504377,0.00496378680691123,288
l2842379.1,0.004333455115556717,0.005165092181414366,288
l3085395.1,0.004324143752455711,0.004947953391820192,288
l3122826.1,0.004322859924286604,0.004988678265362978,288
l2674051.1,0.004322195425629616,0.005174773279577494,288
l3085396.1,0.004315787926316261,0.004974831361323595,288
l3216370.1,0.0043157124891877174,0.004997953772544861,288
l2748146.1,0.004308770876377821,0.004952985793352127,288
l2804251.1,0.004308322444558144,0.004941814113408327,288
l2804253.1,0.004304597154259682,0.00494639715179801,288
l3048206.1,0.004299868363887072,0.004925698507577181,288
l3086098.1,0.004297549370676279,0.005106803961098194,288
l2879064.1,0.00429041450843215,0.004938886966556311,288
l3085400.3,0.004288861993700266,0.004938270431011915,288
l3141393.3,0.004288652911782265,0.005051350221037865,288
l2991907.1,0.00427531311288476,0.004895309917628765,288
l3195315.1,0.004274496342986822,0.004883931018412113,288
l3048208.1,0.004242608789354563,0.004877327010035515,288
l2805034.1,0.00423527043312788,0.005032950546592474,288
l2692600.3,0.004231792874634266,0.004987790249288082,288
l2842330.3,0.004230509977787733,0.005077487323433161,288
l2935566.3,0.004203413147479296,0.004918474704027176,288
l3086002.3,0.004053804557770491,0.005078070797026157,288
l2954344.3,0.00402681203559041,0.004728120751678944,288
l2748157.1,0.0040064603090286255,0.004759783856570721,288
l3197625.3,0.003976854030042887,0.004728010389953852,288
l3097861.3,0.003970411606132984,0.004733400419354439,288
l2916620.3,0.003966978285461664,0.004769106861203909,288
l3178972.3,0.0039653773419559,0.004594838246703148,288
l3215340.1,0.003961541689932346,0.004822616931051016,288
l3066815.3,0.00395541125908494,0.004585051443427801,288
l2860504.1,0.003945780918002129,0.0049538277089595795,288
l2804277.3,0.003943872172385454,0.004681459162384272,288
l2764403.1,0.00393762206658721,0.004744972568005323,288
l2785537.1,0.003932705149054527,0.004791512619704008,288
l3231255.3,0.0039179702289402485,0.004721494857221842,288
l3118855.3,0.0039146761409938335,0.004602630157023668,288
l3120484.3,0.003909556195139885,0.004590481985360384,288
l2710515.3,0.0038990750908851624,0.004571994766592979,288
l2897790.3,0.003898617345839739,0.004654988180845976,288
l3197654.1,0.0038863839581608772,0.004721052944660187,288
l3234149.2,0.0038828414399176836,0.0047514308243989944,288
l2935557.1,0.003878930350765586,0.004709282889962196,288
l3172805.1,0.003878008108586073,0.00476805167272687,288
l3235945.3,0.0038673956878483295,0.004606609232723713,288
l3011293.2,0.0038671051152050495,0.004742675926536322,288
l2673311.1,0.0038646236062049866,0.004690228961408138,288
l3010564.3,0.0038613127544522285,0.004449109081178904,288
l3104118.3,0.003847271203994751,0.00455938745290041,288
l2748143.1,0.003836424322798848,0.0046754558570683,288
l3235254.3,0.0038326780777424574,0.004494509659707546,288
l2895449.3,0.0038285416085273027,0.00471066776663065,288
l2841633.1,0.0038281173910945654,0.004668742883950472,288
l3251854.1,0.0038211632054299116,0.0045954035595059395,288
l3254228.2,0.0038200276903808117,0.004401486366987228,288
l3729297.1,0.003819292178377509,0.00467188423499465,288
l2766746.3,0.003817572258412838,0.004479247145354748,288
l2814529.1,0.003815627424046397,0.004560397006571293,288
l3216350.1,0.003815589239820838,0.0046470812521874905,288
l3235267.3,0.0038102518301457167,0.004622259177267551,288
l3727707.1,0.003809211077168584,0.004685038235038519,288
l2955006.3,0.003806545864790678,0.004494692664593458,288
l2936213.2,0.003805079497396946,0.004546988755464554,288
l2710518.1,0.0038009972777217627,0.004632408265024424,288
l2973150.1,0.0037995402235537767,0.004542714450508356,288
l2897777.3,0.0037964056245982647,0.004425563383847475,288
l2879078.1,0.003793401410803199,0.004712829366326332,288
l3235242.3,0.0037923629861325026,0.0044993082992732525,288
l3048201.2,0.003791717579588294,0.004827310796827078,288
l3235258.1,0.003782975487411022,0.004696372430771589,288
l3727708.1,0.0037810830399394035,0.004648467060178518,288
l2991905.1,0.003779979655519128,0.004698154982179403,288
l2897793.1,0.0037794592790305614,0.004570626653730869,288
l3197652.1,0.0037745200097560883,0.004543748218566179,288
l3122827.1,0.00377285317517817,0.004602530505508184,288
l2729423.3,0.0037727351300418377,0.004560730420053005,288
l2897792.1,0.003770998679101467,0.004558273125439882,288
l2785530.1,0.0037708107847720385,0.0045901937410235405,288
l3066804.1,0.0037702859845012426,0.0045435200445353985,288
l3254216.1,0.003768390975892544,0.004593175835907459,288
l2954345.3,0.0037682531401515007,0.004732819739729166,288
l2767340.2,0.0037660719826817513,0.004489202983677387,288
l3008237.3,0.0037631855811923742,0.004570388235151768,288
l2766741.1,0.0037628966383635998,0.004612733609974384,288
l2897791.2,0.003760677995160222,0.0043485104106366634,288
l3177894.1,0.003758906153962016,0.0045548370108008385,288
l2954361.2,0.0037587140686810017,0.004436943214386702,288
l3029505.3,0.003757800441235304,0.004436400718986988,288
l2766738.3,0.003756467252969742,0.004544238559901714,288
l2820533.1,0.003755873301997781,0.004551876801997423,288
l2785538.1,0.003752052318304777,0.004535116255283356,288
l2730107.3,0.0037493829149752855,0.004617346450686455,288
l2916620.1,0.0037468792870640755,0.0045222332701087,288
l3216351.1,0.003745691617950797,0.004564336035400629,288
l2785517.3,0.0037441099993884563,0.004474971443414688,288
l3312692.1,0.0037440350279212,0.004544351249933243,288
l3254231.1,0.0037439423613250256,0.0045396266505122185,288
l2748144.1,0.003740191925317049,0.004519652109593153,288
l3177665.1,0.0037380594294518232,0.004637336824089289,288
l3104123.3,0.0037295871879905462,0.004466210957616568,288
l3216123.1,0.0037292838096618652,0.004519327078014612,288
l3254230.1,0.0037291133776307106,0.004522586241364479,288
l3728040.1,0.0037266884464770555,0.004515815060585737,288
l2748125.3,0.0037265829741954803,0.004501438234001398,288
l2729414.1,0.0037262258119881153,0.004572459962219,288
l2879089.3,0.0037256437353789806,0.004445364698767662,288
l3226771.1,0.0037237973883748055,0.004539914894849062,288
l2785511.1,0.0037222052924335003,0.004458569455891848,288
l2726983.1,0.0037213212344795465,0.004524593241512775,288
l3160098.1,0.0037211989983916283,0.004482042510062456,288
l3160114.1,0.003720944980159402,0.004500548355281353,288
l2729424.1,0.0037209284491837025,0.004500401671975851,288
l2673312.1,0.0037207980640232563,0.004547090269625187,288
l2878848.3,0.0037203493993729353,0.004369834437966347,288
l3729298.1,0.003719705156981945,0.00451519014313817,288
l3728043.1,0.00371916638687253,0.004535631742328405,288
l3251807.1,0.003719031810760498,0.0045227352529764175,288
l2973148.1,0.003718362422659993,0.004471937194466591,288
l2916602.1,0.0037175726611167192,0.004469694569706917,288
l3008248.1,0.0037174357566982508,0.004525874275714159,288
l3065696.1,0.0037171069998294115,0.004473470151424408,288
l2860493.1,0.003716246923431754,0.004591490142047405,288
l3189188.3,0.003715786151587963,0.004485204815864563,288
l2801895.2,0.003714177291840315,0.004695195239037275,288
l3104144.1,0.0037135938182473183,0.004496732261031866,288
l3066821.1,0.0037135279271751642,0.0044919890351593494,288
l3120503.1,0.003712801495566964,0.004519124515354633,288
l3120504.1,0.003711723256856203,0.004518660716712475,288
l2726973.1,0.0037108110263943672,0.004617880564182997,288
l2989571.1,0.0037105067167431116,0.004516995511949062,288
l3254207.1,0.003709806827828288,0.004602126311510801,288
l2858175.1,0.0037094850558787584,0.0045163556933403015,288
l2916618.2,0.0037092529237270355,0.004374174866825342,288
l3141401.1,0.0037090028636157513,0.0045433067716658115,288
l2710544.1,0.0037058864254504442,0.004505356773734093,288
l2766723.1,0.0037057888694107533,0.004523284733295441,288
l3104119.1,0.003703215392306447,0.004611327312886715,288
l3253995.3,0.0037024898920208216,0.00441107340157032,288
l3197638.1,0.0037023676559329033,0.004461734090000391,288
l2841627.1,0.0037015287671238184,0.004465360194444656,288
l3143999.1,0.0037013685796409845,0.004554122220724821,288
l3728039.1,0.0037007699720561504,0.00449015200138092,288
l3632979.1,0.003700188361108303,0.004466942511498928,288
l2860482.1,0.003700150875374675,0.004546497482806444,288
l3197641.1,0.003694893093779683,0.004427230916917324,288
l3010568.1,0.003692599246278405,0.004504702519625425,288
l2822869.1,0.0036912178620696068,0.004549671430140734,288
l2729206.3,0.0036892546340823174,0.0043349540792405605,288
l2691952.1,0.0036889438051730394,0.0045150453224778175,288
l2822861.1,0.003688262077048421,0.004608433693647385,288
l2954353.1,0.0036866527516394854,0.004494805820286274,288
l2710537.2,0.0036864536814391613,0.004642713814973831,288
l2685809.1,0.003685611067339778,0.0045120301656425,288
l2973169.1,0.0036854040808975697,0.00448550283908844,288
l2973161.1,0.0036850410979241133,0.004549109376966953,288
l2954357.1,0.0036848958116024733,0.004576107487082481,288
l3235273.2,0.003683665068820119,0.004358557052910328,288
l3178978.1,0.003682938637211919,0.0044790287502110004,288
l3010557.1,0.003682635258883238,0.00442554522305727,288
l3122811.1,0.0036813272163271904,0.004590064287185669,288
l3066805.1,0.003679101588204503,0.004483004566282034,288
l2841623.1,0.003678789595142007,0.004476750735193491,288
l3139103.1,0.003678634762763977,0.004470102023333311,288
l3140238.1,0.0036765842232853174,0.004496791400015354,288
l2689691.1,0.003675441024824977,0.004492040257900953,288
l3197639.1,0.003675069659948349,0.004499028902500868,288
l2766747.1,0.003674647770822048,0.00450355326756835,288
l2841648.1,0.0036738456692546606,0.004478919319808483,288
l3027132.1,0.0036729450803250074,0.004503533709794283,288
l2710511.1,0.0036724815145134926,0.004494816064834595,288
l3178976.1,0.00367188872769475,0.004482654854655266,288
l3122820.1,0.0036718621850013733,0.0044662500731647015,288
l3010561.1,0.0036713245790451765,0.004566475749015808,288
l2729428.1,0.0036704326048493385,0.0044835773296654224,288
l3160106.1,0.0036693853326141834,0.004478415474295616,288
l3254212.2,0.00366912130266428,0.0045849112793803215,288
l3157718.1,0.0036682607606053352,0.004403095692396164,288
l3047058.1,0.0036681005731225014,0.004582954570651054,288
l3178982.1,0.003667904995381832,0.004487659316509962,288
l3101787.1,0.0036672428250312805,0.004448693711310625,288
l3235247.1,0.0036670463159680367,0.004487037658691406,288
l2766732.2,0.0036665317602455616,0.0045325299724936485,288
l2673317.1,0.003666411619633436,0.004465541336685419,288
l3101789.1,0.0036655780859291553,0.004483535420149565,288
l2916599.1,0.003664532909169793,0.004483280703425407,288
l2970811.1,0.0036644148640334606,0.004468165338039398,288
l2876812.1,0.0036635713186115026,0.004468955565243959,288
l2916608.3,0.003661907045170665,0.0043856194242835045,288
l3195327.1,0.0036614711862057447,0.004452947527170181,288
l2841639.1,0.0036613945849239826,0.004425658378750086,288
l3159448.1,0.00366054754704237,0.004511444363743067,288
l2785514.1,0.0036600185558199883,0.004479988943785429,288
l3141412.1,0.0036590530071407557,0.004506952594965696,288
l2860477.1,0.003658086061477661,0.004452925641089678,288
l3125349.3,0.0036577624268829823,0.004386188928037882,288
l2973159.1,0.0036575165577232838,0.004463098011910915,288
l2691947.1,0.003656877437606454,0.00445889588445425,288
l2766720.1,0.0036547770723700523,0.004442392848432064,288
l3082993.1,0.0036544576287269592,0.00447342311963439,288
l2858163.1,0.0036538466811180115,0.004471354186534882,288
l3178971.1,0.0036534671671688557,0.004466126672923565,288
l3085401.1,0.003652579616755247,0.004466086160391569,288
l2766748.1,0.0036518191918730736,0.004452932626008987,288
l3066816.1,0.003650400321930647,0.0044855885207653046,288
l2879074.1,0.0036500964779406786,0.004446711856871843,288
l3101788.1,0.0036494897212833166,0.004439689218997955,288
l3251808.1,0.0036488622426986694,0.004447171464562416,288
l2764412.1,0.0036450400948524475,0.004494632128626108,288
l3141403.1,0.0036445430014282465,0.004439531359821558,288
l2897801.1,0.0036438582465052605,0.004493594169616699,288
l2685805.1,0.0036437411326915026,0.004456399008631706,288
l2973165.1,0.0036434149369597435,0.004426366649568081,288
l3157167.1,0.0036411620676517487,0.004367989022284746,288
l2972930.1,0.003640900133177638,0.00450320215895772,288
l2916234.1,0.0036403676494956017,0.004434419330209494,288
l2895461.1,0.0036397832445800304,0.004518973175436258,288
l3156034.1,0.003639271715655923,0.004459763411432505,288
l2876814.1,0.0036374686751514673,0.004454229027032852,288
l3342743.3,0.0036371706519275904,0.004367383196949959,288
l2710536.1,0.0036368274595588446,0.004430793225765228,288
l3048221.1,0.0036356234923005104,0.004437690135091543,288
l3189190.1,0.0036345182452350855,0.004421185236424208,288
l3216348.1,0.0036340500228106976,0.00442230049520731,288
l2879075.1,0.0036332597956061363,0.004436556249856949,288
l2729410.3,0.003633182030171156,0.004391207825392485,288
l2820556.1,0.0036314581520855427,0.004437042400240898,288
l2954355.1,0.0036311522126197815,0.004442248959094286,288
l2876813.1,0.0036309014540165663,0.004414369352161884,288
l2804262.1,0.0036303726956248283,0.004435667302459478,288
l2710516.1,0.003630360821262002,0.004474482964724302,288
l3159645.1,0.0036293757148087025,0.004437667783349752,288
l2841615.1,0.003629041137173772,0.004430947359651327,288
l2821010.1,0.0036284923553466797,0.004432545509189367,288
l2691936.1,0.003628401318565011,0.004436430986970663,288
l2748140.1,0.0036276383325457573,0.0044552357867360115,288
l2748127.1,0.003627571277320385,0.004423125647008419,288
l3649302.1,0.003627261845394969,0.00436479551717639,288
l3141398.1,0.0036266569513827562,0.004429891239851713,288
l3029500.1,0.0036255924496799707,0.00443761982023716,288
l2841635.1,0.0036255461163818836,0.0044657508842647076,288
l3048227.1,0.0036253652069717646,0.004514535889029503,288
l3232301.3,0.0036252758000046015,0.004420733544975519,288
l2952013.1,0.0036242716014385223,0.004425438120961189,288
l3120376.1,0.003624032251536846,0.004421225283294916,288
l2814529.3,0.0036233733408153057,0.0044518099166452885,288
l2973157.1,0.003622903488576412,0.004400752019137144,288
l2710517.1,0.003622225485742092,0.004420801065862179,288
l3122817.3,0.0036222082562744617,0.0043281749822199345,288
l3216337.1,0.003621825249865651,0.004424735438078642,288
l3082992.1,0.0036214685533195734,0.0044287885539233685,288
l3270814.1,0.003620750270783901,0.004441907163709402,288
l2973155.1,0.0036194128915667534,0.004412088543176651,288
l3197618.1,0.0036192494444549084,0.0044253491796553135,288
l3197633.1,0.0036191241815686226,0.00445431936532259,288
l3010559.1,0.0036179518792778254,0.004444606136530638,288
l3160101.1,0.003617087146267295,0.00440221605822444,288
l3141389.1,0.003616848262026906,0.004415690898895264,288
l3216336.1,0.003616404253989458,0.004417551681399345,288
l2748132.1,0.003615934867411852,0.0044254278764128685,288
l3216358.1,0.0036150882951915264,0.004413032438606024,288
l3104129.1,0.0036146428901702166,0.0044306074269115925,288
l3727709.1,0.003614511340856552,0.004422701895236969,288
l2785513.1,0.0036143905017524958,0.004417324438691139,288
l2673323.3,0.003613836131989956,0.00436406722292304,288
l3235249.1,0.003612824948504567,0.004415757954120636,288
l2935555.1,0.003612569300457835,0.004406588152050972,288
l2860488.2,0.0036120840813964605,0.004579921253025532,288
l3120502.1,0.0036108670756220818,0.004531419835984707,288
l2916598.1,0.0036101331934332848,0.004418778233230114,288
l3048212.1,0.0036099739372730255,0.0044187139719724655,288
l3010585.1,0.0036051745992153883,0.004372765310108662,288
l2991909.1,0.0036046095192432404,0.00439212191849947,288
l2876796.1,0.0036043354775756598,0.004407352767884731,288
l2729413.1,0.0036032076459378004,0.0044083562679588795,288
l3216346.1,0.0036031475756317377,0.00440615089610219,288
l3027133.1,0.0036031240597367287,0.0044015939347445965,288
l2973171.2,0.003602654905989766,0.004314121790230274,288
l3010563.1,0.003600388765335083,0.004406540188938379,288
l2822870.3,0.0035987943410873413,0.004339946433901787,288
l2879087.1,0.0035987505689263344,0.0044042873196303844,288
l3235244.1,0.0035977039951831102,0.0043566105887293816,288
l3233353.1,0.00359640596434474,0.00435909628868103,288
l2970258.3,0.0035963605623692274,0.004346396774053574,288
l2897780.2,0.0035948429722338915,0.004663882777094841,288
l2925506.3,0.003594428300857544,0.004328956361860037,288
l3235241.3,0.0035936248023062944,0.004430396482348442,288
l3728042.1,0.003592965891584754,0.004399978090077639,288
l3066808.3,0.0035922452807426453,0.004328109323978424,288
l2804254.1,0.0035916545893996954,0.004408825188875198,288
l2935554.1,0.0035912804305553436,0.004380255937576294,288
l3066809.3,0.003590818028897047,0.00444260286167264,288
l3235243.3,0.0035893251188099384,0.004334589000791311,288
l3235258.3,0.0035893102176487446,0.004340851213783026,288
l2841618.1,0.003588787280023098,0.00438793795183301,288
l2729429.1,0.003588631749153137,0.004404403734952211,288
l2820528.3,0.0035884471144527197,0.004326741676777601,288
l3160123.1,0.0035872161388397217,0.004509024787694216,288
l3066812.1,0.0035870878491550684,0.004400994628667831,288
l2803194.3,0.0035867479164153337,0.00434147147461772,288
l2879069.1,0.0035849930718541145,0.004374619107693434,288
l2858166.1,0.0035846875980496407,0.004383076913654804,288
l3103822.3,0.003584181657060981,0.004336762707680464,288
l3727711.1,0.0035829171538352966,0.004410995170474052,288
l3195751.1,0.0035818566102534533,0.004362523090094328,288
l2857591.1,0.0035807108506560326,0.004359583370387554,288
l2691944.1,0.0035806847736239433,0.0044037215411663055,288
l2929261.1,0.003579607931897044,0.004376319702714682,288
l2916625.2,0.003578583477064967,0.004545193165540695,288
l3141390.2,0.003578341566026211,0.004664452280849218,288
l2915534.1,0.003578171133995056,0.004363188985735178,288
l2954348.1,0.003577516647055745,0.004380941856652498,288
l3176656.1,0.003576145740225911,0.004351604729890823,288
l3254217.3,0.0035759015008807182,0.0043455869890749454,288
l3178973.1,0.003575243055820465,0.004347977228462696,288
l3160115.2,0.0035718216095119715,0.004374291282147169,288
l3784018.1,0.003571786917746067,0.004367074463516474,288
l3728041.1,0.003571651875972748,0.004407802131026983,288
l2897773.1,0.0035715901758521795,0.004369920585304499,288
l3197647.1,0.0035706129856407642,0.004371452610939741,288
l2822868.1,0.003570538479834795,0.0043890150263905525,288
l2973154.1,0.00357044767588377,0.004367227200418711,288
l3197631.1,0.0035699461586773396,0.004366812761873007,288
l2876797.1,0.003569874446839094,0.004368389490991831,288
l2785521.3,0.003569863736629486,0.004287438932806253,288
l3235268.3,0.0035693140234798193,0.0043082404881715775,288
l3066826.2,0.0035685577895492315,0.004468759521842003,288
l3645812.3,0.0035670006182044744,0.004285947419703007,288
l3649305.1,0.003566495142877102,0.0043768263421952724,288
l3082983.2,0.003565429011359811,0.004303176421672106,288
l3122847.1,0.0035647591575980186,0.004344753455370665,288
l2879067.1,0.003563428996130824,0.004322640132158995,288
l3085403.1,0.003561916761100292,0.0043657440692186356,288
l2673319.3,0.0035614375956356525,0.004358814563602209,288
l3091052.1,0.0035596201196312904,0.004399229306727648,288
l3197642.3,0.0035590147599577904,0.004378956742584705,288
l3197661.3,0.003558926749974489,0.004257997032254934,288
l2746587.3,0.003557381918653846,0.004313452169299126,288
l3645809.3,0.003557204268872738,0.004251767415553331,288
l2879081.1,0.0035570263862609863,0.004297053907066584,288
l2729414.3,0.003556450130417943,0.0044602882117033005,288
l2691966.2,0.003555993316695094,0.004412457812577486,288
l2673300.2,0.003552455920726061,0.004486209712922573,288
l2710543.3,0.00355095905251801,0.004290726035833359,288
l2851933.1,0.0035507616121321917,0.004353433847427368,288
l2763811.3,0.003550483612343669,0.00428333505988121,288
l2785531.1,0.00354946730658412,0.004350948613137007,288
l2973153.1,0.003549453802406788,0.004356552846729755,288
l3235245.3,0.003549044020473957,0.004302267916500568,288
l2991908.1,0.003548771608620882,0.004344488028436899,288
l3179608.3,0.0035473485477268696,0.004265231546014547,288
l3216368.3,0.003546780673786998,0.004264066461473703,288
l3122818.3,0.0035467753186821938,0.004292288329452276,288
l2763812.3,0.0035463450476527214,0.004280237480998039,288
l3649297.1,0.003545912681147456,0.004333764314651489,288
l2951995.3,0.003545135725289583,0.004279438406229019,288
l3101194.3,0.0035442481748759747,0.0042796628549695015,288
l2766499.3,0.003544118255376816,0.004254569299519062,288
l2766719.1,0.0035439124330878258,0.004308052361011505,288
l2785535.2,0.003543219994753599,0.004240754991769791,288
l2851933.3,0.0035424132365733385,0.0043164584785699844,288
l2897769.3,0.0035423950757831335,0.004321263171732426,288
l3177881.3,0.00354087445884943,0.004281137138605118,288
l3085388.2,0.003540647914633155,0.0046328152529895306,288
l3066810.3,0.003539728932082653,0.004306103102862835,288
l3181545.3,0.0035392504651099443,0.004295630846172571,288
l3179674.2,0.003538740100339055,0.004187172744423151,288
l2673331.2,0.00353838293813169,0.004327836446464062,288
l3649301.1,0.0035383424255996943,0.004312495235353708,288
l2897554.3,0.003536181291565299,0.0042485520243644714,288
l3645810.3,0.003535873256623745,0.004208563361316919,288
l2973163.2,0.003534697461873293,0.004592340439558029,288
l2785546.1,0.003534317947924137,0.00430914293974638,288
l3122837.3,0.0035334171261638403,0.004266443662345409,288
l3104117.3,0.003531774738803506,0.004299534019082785,288
l3048222.3,0.003531165886670351,0.00427209259942174,288
l3254204.1,0.003530658781528473,0.004314289428293705,288
l2991914.3,0.0035293479450047016,0.004240547772496939,288
l3645811.3,0.0035238717682659626,0.004218473099172115,288
l2690868.3,0.0035233991220593452,0.004300080239772797,288
l3216339.2,0.003522742073982954,0.004598299041390419,288
l2766724.3,0.0035218175034970045,0.004251606296747923,288
l2897805.1,0.003520404687151313,0.004284015391021967,288
l2841632.2,0.003519778372719884,0.0041555967181921005,288
l2841631.3,0.0035196037497371435,0.004346797242760658,288
l3122822.1,0.0035183776635676622,0.004349867347627878,288
l2935560.3,0.003516854951158166,0.004300090484321117,288
l3157708.3,0.003516582539305091,0.004234669264405966,288
l3727710.1,0.0035149711184203625,0.004255727864801884,288
l3047073.3,0.0035142009146511555,0.004288326017558575,288
l2821770.1,0.003512962721288204,0.004354255739599466,288
l3104115.2,0.0035124081186950207,0.004518377594649792,288
l2983432.1,0.0035119587555527687,0.004290347453206778,288
l3029507.2,0.003511581104248762,0.004518096800893545,288
l2914324.1,0.003509837668389082,0.004327800590544939,288
l2973166.3,0.0035070287995040417,0.004271394107490778,288
l3649298.1,0.0035044157411903143,0.004298822022974491,288
l2766727.2,0.0035037200432270765,0.004460691474378109,288
l2763072.2,0.0035021353978663683,0.004603584297001362,288
l2954339.2,0.003501652041450143,0.004501998424530029,288
l3235275.2,0.003500388702377677,0.004598864819854498,288
l2745806.3,0.003498742124065757,0.00426463782787323,288
l2860491.2,0.003498296719044447,0.004428722895681858,288
l2841622.1,0.003495304612442851,0.004269213415682316,288
l3649300.1,0.003494149772450328,0.004303267225623131,288
l2710532.3,0.0034926417283713818,0.004293097648769617,288
l2748126.3,0.003488874761387706,0.0042772190645337105,288
l2804260.2,0.0034885257482528687,0.00449770363047719,288
l2862616.3,0.0034881557803601027,0.004252252634614706,288
l3122848.3,0.0034879548475146294,0.004198426380753517,288
l3778577.3,0.003487933427095413,0.004242877941578627,288
l3086079.2,0.0034869536757469177,0.004361374769359827,288
l3176660.2,0.003486357629299164,0.004183937329798937,288
l2673314.3,0.003484163898974657,0.004194993991404772,288
l3207907.1,0.003483387641608715,0.0042579094879329205,288
l3235255.2,0.0034826819319278,0.004428079817444086,288
l3727712.1,0.003481923369690776,0.0042543476447463036,288
l3066817.1,0.0034817333798855543,0.004299233201891184,288
l3085389.2,0.0034804295282810926,0.004450786858797073,288
l3254209.3,0.003480259794741869,0.0042474414221942425,288
l3142099.2,0.0034793387167155743,0.00427763257175684,288
l3029495.2,0.003478580852970481,0.0045394510962069035,288
l3141395.3,0.0034784020390361547,0.0043186284601688385,288
l3141402.3,0.0034773005172610283,0.004241824150085449,288
l3160103.3,0.0034763035364449024,0.004224698059260845,288
l3141396.3,0.003474767319858074,0.004266746807843447,288
l2936275.2,0.003473642049357295,0.0044213091023266315,288
l3254229.2,0.0034736304078251123,0.004154965281486511,288
l3225319.2,0.003472671378403902,0.004560543689876795,288
l2897767.3,0.00347191677428782,0.0042610024102032185,288
l3048200.2,0.00346837448887527,0.004528678022325039,288
l2673303.3,0.0034664596896618605,0.004353647585958242,288
l3728037.1,0.003465730231255293,0.004262823611497879,288
l2822859.2,0.003465691115707159,0.004475049674510956,288
l3197653.2,0.003465518355369568,0.004178341012448072,288
l3235248.3,0.0034642135724425316,0.004235993139445782,288
l3179699.2,0.003463990520685911,0.0043650525622069836,288
l2804269.2,0.003461968619376421,0.004222530405968428,288
l3104130.2,0.0034619353245943785,0.004518559202551842,288
l2916607.3,0.0034612964373081923,0.004231940023601055,288
l2766716.3,0.0034595865290611982,0.00423852726817131,288
l3207907.3,0.0034585532266646624,0.004323229193687439,288
l2952014.1,0.003457586048170924,0.004364841151982546,288
l2841616.1,0.0034573839511722326,0.004221852403134108,288
l2691973.1,0.003456349950283766,0.0042371079325675964,288
l2804247.2,0.003455596510320902,0.0044586071744561195,288
l3649306.1,0.003455427475273609,0.004245666321367025,288
l2935567.2,0.003454305697232485,0.00432766554877162,288
l3254227.2,0.0034509773831814528,0.004180109594017267,288
l3197640.3,0.0034508679527789354,0.004193573258817196,288
l2748130.2,0.0034505678340792656,0.004414544440805912,288
l2729207.3,0.00344994873739779,0.004187159705907106,288
l2991933.3,0.003447536379098892,0.004220922011882067,288
l3141411.3,0.003444456495344639,0.004237025044858456,288
l3179646.2,0.003443595487624407,0.004433981142938137,288
l2841645.3,0.0034423843026161194,0.004253207240253687,288
l3728038.1,0.0034418930299580097,0.00435389531776309,288
l2785529.3,0.003441224107518792,0.004180567804723978,288
l2673318.3,0.0034403912723064423,0.004379939287900925,288
l2783231.2,0.0034378122072666883,0.004110268782824278,288
l3254208.3,0.003436940023675561,0.00422639911994338,288
l2766725.3,0.0034312403295189142,0.004200662951916456,288
l2841621.3,0.003430086188018322,0.004152580630034208,288
l2804272.2,0.0034257981460541487,0.004163729026913643,288
l2861223.2,0.0034215806517750025,0.004281683824956417,288
l2691967.2,0.0034202325623482466,0.004013111814856529,288
l2785528.2,0.0034197692293673754,0.0044004060328006744,288
l3197646.2,0.003417358733713627,0.004283049143850803,288
l3179650.2,0.0034173079766333103,0.004105030559003353,288
l3649299.1,0.003410525619983673,0.004267656709998846,288
l2814529.2,0.0034100981429219246,0.004193604923784733,288
l3122849.2,0.0034093039575964212,0.004498573020100594,288
l3649304.1,0.0034076524898409843,0.004306755494326353,288
l2804270.2,0.0034063735511153936,0.004138896241784096,288
l2766726.2,0.003401375375688076,0.004395233932882547,288
l2879079.2,0.0033993893302977085,0.004420802462846041,288
l2691959.2,0.003397599561139941,0.004472792614251375,288
l3048231.2,0.0033974184188991785,0.004389752633869648,288
l2897764.2,0.0033925557509064674,0.0044348821975290775,288
l2785526.2,0.0033914661034941673,0.004385615233331919,288
l3122814.3,0.0033898698166012764,0.004128001630306244,288
l2991917.2,0.0033897983375936747,0.004410988185554743,288
l3085410.2,0.00338939786888659,0.004231777973473072,288
l2785534.2,0.0033871568739414215,0.004091903101652861,288
l2860481.3,0.0033853305503726006,0.004118560813367367,288
l2989564.2,0.0033846248406916857,0.004081862512975931,288
l3122835.2,0.0033786881249397993,0.004178623668849468,288
l3122816.2,0.003378434805199504,0.004129189532250166,288
l2991918.2,0.0033782506361603737,0.0044169798493385315,288
l2785520.2,0.0033741912338882685,0.004348925314843655,288
l2729405.2,0.003370736725628376,0.004309197422116995,288
l2933120.3,0.003370230784639716,0.004267077427357435,288
l2820535.2,0.0033690636046230793,0.004073008894920349,288
l2805036.2,0.0033689397387206554,0.004241521470248699,288
l2691954.2,0.003368909703567624,0.004348439630120993,288
l3119793.2,0.003365923184901476,0.004335234872996807,288
l2729407.2,0.0033656395971775055,0.0043590315617620945,288
l3254238.2,0.003364657051861286,0.004347889218479395,288
293471.2,0.0033633008133620024,0.004335565492510796,288
l2726974.2,0.003362545045092702,0.004000506829470396,288
l3197643.2,0.003360949456691742,0.004362217616289854,288
l2691941.3,0.003359927097335458,0.004221817944198847,288
l3178979.3,0.0033571587409824133,0.004088944289833307,288
l2841620.2,0.003356404136866331,0.004309545271098614,288
l2748840.2,0.0033547813072800636,0.004168904852122068,288
l2689678.2,0.0033475705422461033,0.004337533842772245,288
l3216370.2,0.0033454091753810644,0.004310805816203356,288
l3254211.2,0.0033446575980633497,0.004327942617237568,288
l3178981.2,0.003344462951645255,0.004232764709740877,288
l2916620.2,0.003341926960274577,0.004044147673994303,288
l3139598.2,0.0033413527999073267,0.004312456119805574,288
l3122823.2,0.0033402210101485252,0.004352437797933817,288
l3086075.2,0.003339358139783144,0.004158411640673876,288
l2973162.2,0.0033388035371899605,0.004344889894127846,288
l2879092.3,0.0033374715130776167,0.00414280965924263,288
l2991902.2,0.003334903856739402,0.004398865159600973,288
l2691965.2,0.003329348284751177,0.0040306514129042625,288
l2710525.3,0.0033267901744693518,0.004151569213718176,288
l2897789.2,0.003326186677441001,0.003991858102381229,288
l3197629.2,0.003322233445942402,0.004310064483433962,288
l2860499.2,0.0033165912609547377,0.004124915227293968,288
l3104120.2,0.00331514747813344,0.004292658530175686,288
l3160868.2,0.0033146969508379698,0.00380853028036654,288
l0247162.2,0.0033122594468295574,0.004325021058320999,288
l0247160.2,0.0033120852895081043,0.004324685782194138,288
l2728247.2,0.003307682229205966,0.004027011338621378,288
l3160113.2,0.0033051983918994665,0.004025961738079786,288
l2879065.2,0.0033050745259970427,0.0042966329492628574,288
l2916619.2,0.0033036794047802687,0.004093089606612921,288
l2990826.2,0.0033022454008460045,0.0039203958585858345,288
l2989566.2,0.0033018216490745544,0.004029529634863138,288
l2745799.3,0.003301170887425542,0.004124891012907028,288
l3252336.2,0.0033005925361067057,0.004026417620480061,288
l2691942.2,0.0032985121943056583,0.004303171299397945,288
l2935549.2,0.0032976826187223196,0.004053874406963587,288
l2708744.2,0.003296381328254938,0.003985117189586163,288
l2786273.2,0.003292729379609227,0.0043012662790715694,288
l2973833.2,0.003292144276201725,0.004017058294266462,288
l2841636.2,0.0032893652096390724,0.004301206208765507,288
l3104145.2,0.0032801085617393255,0.0039513143710792065,288
l3102793.2,0.0032767346128821373,0.004112809896469116,288
l2916617.2,0.003273765556514263,0.004070684779435396,288
l2802480.2,0.003269833978265524,0.003982475958764553,288
l2991929.2,0.0032695429399609566,0.004104789812117815,288
l3195318.2,0.0032678081188350916,0.004193425178527832,288
l2691946.2,0.00326597411185503,0.004214576445519924,288
l2897784.2,0.003264552680775523,0.004517553839832544,288
l2673305.2,0.003262878395617008,0.0042111314833164215,288
l2822871.2,0.003261380363255739,0.003919932525604963,288
l3066829.3,0.003252958180382848,0.004200413823127747,288
l2935547.2,0.0032515909988433123,0.003940870985388756,288
l2785536.2,0.003248401917517185,0.003960325848311186,288
l2710530.2,0.003245980478823185,0.0039581661112606525,288
l2879752.2,0.0032459432259202003,0.004172685090452433,288
l3048196.2,0.0032437543850392103,0.004195862449705601,288
l2851933.2,0.003236795077100396,0.003881986951455474,288
l3066814.2,0.0032324600033462048,0.003970689605921507,288
l3179678.2,0.003231593407690525,0.0039031412452459335,288
l3233413.2,0.0032310625538229942,0.0039516924880445,288
l3216345.2,0.0032268071081489325,0.003978513181209564,288
l3179607.2,0.003219292499125004,0.0038567979354411364,288
l3142078.2,0.0032180221751332283,0.004163400270044804,288
l3029504.2,0.003217817982658744,0.003935912158340216,288
l2841641.2,0.00321717606857419,0.00395845016464591,288
l3178988.2,0.003216617973521352,0.003930648323148489,288
l3066818.2,0.0032146787270903587,0.004220288246870041,288
l2822873.2,0.00321174249984324,0.0039249612018466,288
l2801902.2,0.003207250265404582,0.004025211092084646,288
l2917328.2,0.0032056979835033417,0.0037901955656707287,288
l3216988.2,0.003205561079084873,0.0038336669094860554,288
l3046854.2,0.0032052421011030674,0.003966469783335924,288
l2879767.2,0.003191042225807905,0.0037383700255304575,288
l2690187.2,0.003188599366694689,0.003874870017170906,288
l3027670.2,0.0031807073391973972,0.0038654992822557688,288
l3068944.2,0.0031781813595443964,0.003678110893815756,288
l2822866.2,0.00317675294354558,0.003974264487624168,288
l3217064.2,0.003173672128468752,0.0038676189724355936,288
l3215385.2,0.0031733654905110598,0.0038551613688468933,288
l2785547.2,0.0031731100752949715,0.003870774060487747,288
l3197634.2,0.003171171061694622,0.00399588281288743,288
l3047289.2,0.0031657249201089144,0.003849278436973691,288
l3048963.2,0.0031640627421438694,0.003713888581842184,288
l3160864.2,0.0031634001061320305,0.003695274703204632,288
l2766742.2,0.0031608720310032368,0.0038859760388731956,288
l3102286.2,0.0031600019428879023,0.003836468094959855,288
l0247171.2,0.0031582117080688477,0.0042724027298390865,288
l3215203.2,0.0031536011956632137,0.003856620518490672,288
l2785516.2,0.003152606775984168,0.004115155432373285,288
l3216344.2,0.0031488409731537104,0.003953965846449137,288
l2879063.2,0.0031453019473701715,0.003850807435810566,288
l2915542.2,0.003144927555695176,0.0038488605059683323,288
l3235258.2,0.003142282832413912,0.003912256099283695,288
l3104136.2,0.0031373421661555767,0.003851240035146475,288
l2955055.2,0.0031352604273706675,0.003774072276428342,288
l2798067.2,0.003132670186460018,0.003859013319015503,288
l3082988.2,0.0031314571388065815,0.0037276765797287226,288
l2803199.2,0.0031306399032473564,0.0038358878809958696,288
l2820531.2,0.0031294673681259155,0.0038658082485198975,288
l2936276.2,0.00312937144190073,0.003872768022119999,288
l2896685.2,0.0031288336031138897,0.0038277471903711557,288
l3254915.2,0.0031263986602425575,0.0036352984607219696,288
l2822877.2,0.0031241083052009344,0.0038144737482070923,288
l2973167.2,0.003122724127024412,0.0038973765913397074,288
l2879753.2,0.003114806255325675,0.0037274984642863274,288
l3029055.2,0.0031146223191171885,0.003816752228885889,288
l3048965.2,0.0031109058763831854,0.0037564279045909643,288
l3122812.2,0.0031068995594978333,0.0038358918391168118,288
l2973146.2,0.0031028203666210175,0.003841713070869446,288
l3104859.2,0.0031024478375911713,0.0037070531398057938,288
l3141397.2,0.003101748414337635,0.003891843603923917,288
l2822858.2,0.0030942473094910383,0.00380999525077641,288
l2822860.2,0.0030905234161764383,0.0038730453234165907,288
l2766744.2,0.0030904917512089014,0.0038005514070391655,288
l3160108.2,0.0030856614466756582,0.0037646156270056963,288
l3197636.2,0.003082259325310588,0.0039052770007401705,288
l2860478.2,0.0030816541984677315,0.00379252340644598,288
l2804256.2,0.0030811051838099957,0.0037876912392675877,288
l3104114.2,0.0030741323716938496,0.0037610498256981373,288
l3159037.2,0.003072749823331833,0.0038206656463444233,288
l2729414.2,0.0030677197501063347,0.003792012110352516,288
l3160109.2,0.00306493416428566,0.0037643311079591513,288
l3215549.2,0.003063267795369029,0.0038310729432851076,288
l2973180.2,0.0030629083048552275,0.0038298985455185175,288
l3065750.2,0.0030621199402958155,0.0039307428523898125,288
l2973178.2,0.003056415356695652,0.003876179689541459,288
l2785543.2,0.00305499997921288,0.003751647425815463,288
l2766715.2,0.0030544165056198835,0.0038117277435958385,288
l2916610.2,0.003054069122299552,0.003791886381804943,288
l2690941.2,0.003053830936551094,0.00374574470333755,288
l2822872.2,0.00305278692394495,0.0036985536571592093,288
l3048887.2,0.0030514919199049473,0.0037869038060307503,288
l3048209.2,0.0030500488355755806,0.003806537017226219,288
l2731712.2,0.0030497547704726458,0.0037656505592167377,288
l2691938.2,0.003048676997423172,0.003800756996497512,288
l2879070.2,0.003045479767024517,0.003757806494832039,288
l3254213.2,0.0030446769669651985,0.003791361814364791,288
l2861219.2,0.003044582437723875,0.0036100002471357584,288
l2991901.2,0.0030440534465014935,0.003798595629632473,288
l2729408.2,0.0030428217723965645,0.0038024545647203922,288
l3216342.2,0.003041801741346717,0.003884660778567195,288
l2710513.2,0.003037812188267708,0.0037702657282352448,288
l2804255.2,0.0030358743388205767,0.003764525055885315,288
l2767409.2,0.0030353416223078966,0.0036358130164444447,288
l3254206.2,0.0030303671956062317,0.003727717325091362,288
l3216367.2,0.0030297066550701857,0.003800683654844761,288
l3189189.2,0.003028866834938526,0.0037538434844464064,288
l3085398.2,0.003028507111594081,0.0037779968697577715,288
l2876798.2,0.0030250330455601215,0.0037426017224788666,288
l3029510.2,0.0030220551416277885,0.003744186135008931,288
l2913406.2,0.0030203508213162422,0.00377832492813468,288
l2954338.2,0.003020314499735832,0.003761094994843006,288
l3010580.2,0.0030202914495021105,0.003740418702363968,288
l3160117.2,0.0030150951351970434,0.0037921180482953787,288
l3160102.2,0.0030133696272969246,0.0037313071079552174,288
l2710546.2,0.003011887427419424,0.003803207539021969,288
l2860484.2,0.0030109048821032047,0.0037642447277903557,288
l2748124.2,0.0030090678483247757,0.00376526708714664,288
l3197632.2,0.003007753286510706,0.00376023817807436,288
l2766722.2,0.0030042012222111225,0.0037900391034781933,288
l2841624.2,0.0030029891058802605,0.0036850443575531244,288
l3029183.2,0.003001923207193613,0.0037587054539471865,288
l2822857.2,0.0030000056140124798,0.003687668591737747,288
l3104124.2,0.0029996803496032953,0.0037009580992162228,288
l2991927.2,0.002995444694533944,0.0036992691457271576,288
l2952003.2,0.0029942409601062536,0.0037275913637131453,288
l2897771.2,0.0029935119673609734,0.003548793029040098,288
l2935556.2,0.002988620661199093,0.003754351055249572,288
l2726975.2,0.0029873885214328766,0.0037973057478666306,288
l2917310.2,0.0029870751313865185,0.003620028728619218,288
l3029506.2,0.0029847444966435432,0.003761343425139785,288
l3029520.2,0.0029846657998859882,0.0037853801622986794,288
l2673308.2,0.002982380101457238,0.0037717237137258053,288
l3197660.2,0.002982187084853649,0.0037459195591509342,288
l3048203.2,0.0029799295589327812,0.003765772795304656,288
l3066830.2,0.002979664597660303,0.0037787738256156445,288
l3104127.2,0.00297921197488904,0.0037330975756049156,288
l2973160.2,0.002978906035423279,0.0036626458168029785,288
l2710514.2,0.0029782098717987537,0.003743733512237668,288
l3254214.2,0.0029780373442918062,0.0036838881205767393,288
l3198358.2,0.0029738610610365868,0.0036758792120963335,288
l2860506.2,0.0029730896931141615,0.003674399573355913,288
l2859391.2,0.002973059890791774,0.003669361351057887,288
l2804257.2,0.002972719492390752,0.003694697516039014,288
l2673320.2,0.0029714666306972504,0.0037786224856972694,288
l3085397.2,0.002968627493828535,0.003700003493577242,288
l2973156.2,0.0029668756760656834,0.0036877731326967478,288
l2688692.2,0.0029667408671230078,0.0037148145493119955,288
l2955005.2,0.002966550411656499,0.003718296065926552,288
l3254234.2,0.0029665359761565924,0.00369441625662148,288
l3198355.2,0.00296536716632545,0.0036044714506715536,288
l2766749.2,0.0029649764765053988,0.0037444690242409706,288
l2841634.2,0.0029647669289261103,0.003703060559928417,288
l3216338.2,0.0029632840305566788,0.0037362766452133656,288
l2711224.2,0.0029619026463478804,0.0035498011857271194,288
l3142079.2,0.0029615815728902817,0.003552098525688052,288
l2729430.2,0.002961308229714632,0.003672838443890214,288
l2860501.2,0.002961190417408943,0.0037435567937791348,288
l2860479.2,0.002960038371384144,0.0036811623722314835,288
l2801896.2,0.0029593701474368572,0.003665839321911335,288
l3122821.2,0.00295918807387352,0.003665493568405509,288
l2748152.2,0.0029588821344077587,0.0036947380285710096,288
l3251806.2,0.002956272568553686,0.0036695830058306456,288
l3214112.2,0.0029554443899542093,0.0036955459509044886,288
l3216361.2,0.002955356379970908,0.00368255446664989,288
l2748139.2,0.002954193390905857,0.0036683285143226385,288
l3235252.2,0.0029535777866840363,0.0036880383267998695,288
l2804245.2,0.002953450893983245,0.0036770026199519634,288
l2691939.2,0.002953328425064683,0.0037069518584758043,288
l3315860.2,0.0029509931337088346,0.0036657568998634815,288
l2748839.2,0.0029496874194592237,0.0035780135076493025,288
l2991939.2,0.002948842942714691,0.003640156937763095,288
l3178969.2,0.002948323730379343,0.003661587368696928,288
l3236011.2,0.0029480212833732367,0.003616268513724208,288
l3139086.2,0.0029475640039891005,0.0037384619936347008,288
l3178975.2,0.0029459514189511538,0.003735035192221403,288
l3010560.2,0.0029436652548611164,0.003732582088559866,288
l3010562.2,0.0029425201937556267,0.0037270761094987392,288
l3142098.2,0.0029419546481221914,0.0035679854918271303,288
l3066811.2,0.002941853366792202,0.003704681294038892,288
l2691949.2,0.002941026585176587,0.0036643333733081818,288
l2860500.2,0.002940766280516982,0.0037218693178147078,288
l2897807.2,0.002940024482086301,0.0036495565436780453,288
l2879068.2,0.002939878962934017,0.003685711184516549,288
l2991915.2,0.0029366861563175917,0.0037381350994110107,288
l2710512.2,0.0029354062862694263,0.0036750573199242353,288
l2973152.2,0.002930569229647517,0.0037234039045870304,288
l3235250.2,0.0029279086738824844,0.003649146994575858,288
l3197635.2,0.0029277298599481583,0.0036495914682745934,288
l2766730.2,0.0029235875699669123,0.003641827031970024,288
l2710542.2,0.002923116087913513,0.0036931713111698627,288
l3008232.2,0.00291990814730525,0.0036471132189035416,288
l3122815.2,0.0029196690302342176,0.003622598946094513,288
l2860483.2,0.0029191025532782078,0.0036948807537555695,288
l2914323.2,0.002917674370110035,0.0036497993860393763,288
l2804258.2,0.002914644777774811,0.003652851330116391,288
l2673313.2,0.002913885749876499,0.0036406193394213915,288
l2991916.2,0.0029134044889360666,0.0036903449799865484,288
l3029518.2,0.0029128065798431635,0.00368158845230937,288
l2673322.2,0.00291199772618711,0.0036240939516574144,288
l2710508.2,0.0029115101788192987,0.0036617154255509377,288
l2954349.2,0.002910860348492861,0.0036573633551597595,288
l3207907.2,0.0029100729152560234,0.0036661934573203325,288
l2729434.2,0.002910053124651313,0.0036198890302330256,288
l2764399.2,0.0029099727980792522,0.003636599751189351,288
l2954347.2,0.0029095220379531384,0.0036389371380209923,288
l3160104.2,0.0029087841976433992,0.003639995353296399,288
l3085391.2,0.0029085567221045494,0.0036875365767627954,288
l3141394.2,0.002907596994191408,0.00376511481590569,288
l2767407.2,0.0029071499593555927,0.0035399096086621284,288
l2897800.2,0.0029071273747831583,0.0036441569682210684,288
l2691948.2,0.0029067026916891336,0.0037189354188740253,288
l2785522.2,0.0029050009325146675,0.0036714242305606604,288
l3254869.2,0.002901984378695488,0.003656613640487194,288
l2711234.2,0.0028996923938393593,0.0035269747022539377,288
l2879077.2,0.00289949681609869,0.0036757944617420435,288
l2911069.2,0.002898363396525383,0.00363601790741086,288
l2935568.2,0.0028967252001166344,0.0036434000357985497,288
l2879066.2,0.0028962360229343176,0.003666703822091222,288
l2989432.2,0.002895551035180688,0.003676288528367877,288
l2954346.2,0.0028947065584361553,0.0036557617131620646,288
l2710504.2,0.002890784526243806,0.0037203687243163586,288
l2860485.2,0.002889225957915187,0.0036162463948130608,288
l2673326.2,0.0028853246476501226,0.0036134724505245686,288
l2785512.2,0.0028831816744059324,0.0036591331008821726,288
l2879072.2,0.0028800780419260263,0.003611375577747822,288
l3029501.2,0.0028796857222914696,0.0036638646852225065,288
l3216349.2,0.0028740388806909323,0.0036176980938762426,288
l2748131.2,0.002873617922887206,0.0037011916283518076,288
l2973149.2,0.0028731124475598335,0.003624286036938429,288
l2684420.2,0.002867006929591298,0.0036259309854358435,288
l2729401.2,0.002864787820726633,0.0036312490701675415,288
l3122810.2,0.002863980131223798,0.003628693986684084,288
l3048199.2,0.0028637663926929235,0.003629551036283374,288
l2897765.2,0.0028634436894208193,0.0036336653865873814,288
l3254203.2,0.0028627491556108,0.003628251375630498,288
l3197624.2,0.0028621640522032976,0.0036365538835525513,288
l2948732.2,0.002861638553440571,0.003629832761362195,288
l2710505.2,0.002861476270481944,0.003638762980699539,288
l3231269.2,0.002860552631318569,0.0036065541207790375,288
l3066813.2,0.002860461361706257,0.0036052907817065716,288
l2935553.2,0.0028604117687791586,0.0036281654611229897,288
l2897774.2,0.00286011747084558,0.0036258434411138296,288
l2729427.2,0.002856896258890629,0.003631185507401824,288
l3178974.2,0.0028535278979688883,0.003624933771789074,288
l2991910.2,0.0028529870323836803,0.0036174629349261522,288
l3157710.2,0.002849136246368289,0.003623291617259383,288
l2916603.2,0.0028485404327511787,0.0036394670605659485,288
l2673343.2,0.0028470174875110388,0.0036163609474897385,288
l2879061.2,0.0028465790674090385,0.0036180380266159773,288
l3448661.2,0.0028461511246860027,0.0036322209052741528,288
l2804248.2,0.0028459217865020037,0.0036296756006777287,288
l2691943.2,0.002845836104825139,0.0036335596814751625,288
l3160100.2,0.0028447560034692287,0.0036159518640488386,288
l3104125.2,0.0028436146676540375,0.003490246133878827,288
l2860480.2,0.0028433469124138355,0.0036330579314380884,288
l2729409.2,0.0028376460541039705,0.003631251398473978,288
l3085390.2,0.002835107035934925,0.0036381869576871395,288
l3235246.2,0.0028344772290438414,0.003631752682849765,288
l3048207.2,0.0028218338266015053,0.003615511581301689,288
l3234185.2,0.0028178179636597633,0.0036568271461874247,288
l2822867.2,0.0028011356480419636,0.0035893649328500032,288
l2879071.2,0.0027662008069455624,0.0035570156760513783,288
l3179637.3,0.002717549679800868,0.003092992352321744,288
l3064514.3,0.0026672002859413624,0.0030852975323796272,288
l2674027.2,0.002599145518615842,0.0034218335058540106,288
l3067448.3,0.0025437739677727222,0.0030134408734738827,288
l2764411.3,0.0025227991864085197,0.0028666409198194742,288
l3253570.3,0.0025216536596417427,0.0029049417935311794,288
l2804957.3,0.0025126796681433916,0.002848854521289468,288
l2861157.3,0.002507849596440792,0.002921865787357092,288
l3048888.3,0.002494964748620987,0.002837941749021411,288
l2730108.3,0.002461837837472558,0.002896707272157073,288
l2891575.3,0.002457026857882738,0.002828619908541441,288
l2711226.2,0.0024495667312294245,0.0031735228840261698,288
l2730163.3,0.0024457648396492004,0.0032526757568120956,288
l3104154.3,0.0024442223366349936,0.0032441271468997,288
l3198356.3,0.0024361098185181618,0.0033725923858582973,288
l2936216.3,0.0024237455800175667,0.0028220112435519695,288
l2767343.3,0.0024160242173820734,0.0028681710828095675,288
l2952007.3,0.0024149210657924414,0.002867531729862094,288
l2992556.3,0.0024088493082672358,0.002847949741408229,288
l3179682.3,0.0024061016738414764,0.003275721799582243,288
l2673306.3,0.00239709485322237,0.003157963976264,288
l3048889.3,0.002396254800260067,0.002786261262372136,288
l3011293.3,0.0023924997076392174,0.0028449129313230515,288
l3048937.3,0.0023858670610934496,0.002732663182541728,288
l3048228.3,0.002385699190199375,0.003222753992304206,288
l2898526.3,0.0023846749681979418,0.003341975621879101,288
l2897806.3,0.002378168748691678,0.0031660774257034063,288
l2935551.3,0.0023701866157352924,0.0031778549309819937,288
l3048968.3,0.0023583450820297003,0.0030983486212790012,288
l2804282.3,0.0023570170160382986,0.0031700870022177696,288
l3123452.3,0.0023569175973534584,0.0031922520138323307,288
l2936268.3,0.002355994889512658,0.002726191421970725,288
l3214071.3,0.0023551194462925196,0.0033725090324878693,288
l3176661.3,0.0023542915005236864,0.0027658690232783556,288
l2673307.3,0.002349531976506114,0.003129345830529928,288
l2806553.3,0.0023479131050407887,0.0027480553835630417,288
l2937757.3,0.002347399480640888,0.00279425410553813,288
l3048890.3,0.002345157554373145,0.002841334091499448,288
l2730106.3,0.002342351246625185,0.003126522060483694,288
l3048966.3,0.0023408804554492235,0.002902501728385687,288
l2730149.3,0.002322932006791234,0.003091130405664444,288
l3142050.3,0.002318665850907564,0.002700459212064743,288
l3254873.3,0.002317111473530531,0.002849986543878913,288
l3011298.3,0.0023161869030445814,0.0032559179235249758,288
l2728247.3,0.002315883059054613,0.0030926901381462812,288
l3150961.3,0.0022996170446276665,0.0030977169517427683,288
l3123509.3,0.002291393466293812,0.0027425142470747232,288
l3082981.3,0.0022885187063366175,0.003165855770930648,288
l2745811.3,0.00228698062710464,0.0027225222438573837,288
l3030205.3,0.00228601205162704,0.002879518549889326,288
l3067507.3,0.0022829691879451275,0.003154209814965725,288
l2970804.3,0.002277598949149251,0.002684334060177207,288
l2822862.3,0.002275355625897646,0.003195561235770583,288
l2711225.3,0.00227461289614439,0.0032150475308299065,288
l3029497.3,0.0022738268598914146,0.0031059079337865114,288
l3216343.3,0.002273483434692025,0.0031545988749712706,288
l2822864.3,0.0022726887837052345,0.003095074323937297,288
l3047289.3,0.0022696612868458033,0.003150485921651125,288
l2767408.3,0.002268890617415309,0.0031030182726681232,288
l3160878.3,0.002267933916300535,0.0031447724904865026,288
l2917255.3,0.002265430521219969,0.0031291244085878134,288
l2692655.3,0.0022650612518191338,0.003131082048639655,288
l3027124.3,0.002263884525746107,0.002818759996443987,288
l3104155.3,0.0022602316457778215,0.0031230782624334097,288
l3552667.3,0.0022559165954589844,0.003156395396217704,288
l3066807.3,0.002254755236208439,0.0030952568631619215,288
l3085392.3,0.0022538406774401665,0.003100791946053505,288
l2879062.3,0.0022520525380969048,0.003106210846453905,288
l3066806.3,0.0022509703412652016,0.0030978021677583456,288
l2822865.3,0.0022498881444334984,0.003090993268415332,288
l2767341.3,0.002249566139653325,0.003031965810805559,288
l2748128.3,0.0022490927949547768,0.003173124510794878,288
l3029498.3,0.0022477847523987293,0.0032165255397558212,288
l3160793.3,0.002246237127110362,0.003108702600002289,288
l3160863.3,0.0022455481812357903,0.0026994238141924143,288
l2674047.3,0.002245386131107807,0.0030620016623288393,288
l3045895.3,0.0022441197652369738,0.0030886537861078978,288
l2729406.3,0.0022440392058342695,0.003137909574434161,288
l2841619.3,0.0022437581792473793,0.003094528568908572,288
l3104796.3,0.0022430734243243933,0.0031231013126671314,288
l2822863.3,0.002242302754893899,0.003117955755442381,288
l3085393.3,0.002241827081888914,0.0032334611751139164,288
l2991640.3,0.0022387041244655848,0.003151264972984791,288
l2897770.3,0.002236965112388134,0.0031923563219606876,288
l2897768.3,0.0022362694144248962,0.003064987948164344,288
l2936279.3,0.002232794649899006,0.003122590947896242,288
l3215385.3,0.0022315727546811104,0.003106665099039674,288
l3048946.3,0.0022313338704407215,0.0028259155806154013,288
l2710509.3,0.0022299650590866804,0.003205752233043313,288
l2875754.3,0.002228633500635624,0.0030966962222009897,288
l2842329.3,0.002228538505733013,0.003051404608413577,288
l3142049.3,0.0022282612044364214,0.003081602044403553,288
l3254870.3,0.002226166892796755,0.0031134234741330147,288
l3197627.3,0.0022258188109844923,0.0031031109392642975,288
l3198347.3,0.0022256027441471815,0.00282164360396564,288
l2897766.3,0.002223261632025242,0.0031778980046510696,288
l2674052.3,0.0022198681253939867,0.00305530009791255,288
l2763407.3,0.002219362882897258,0.002767210127785802,288
l3160896.3,0.002218695590272546,0.003127027302980423,288
l2842390.3,0.0022185370326042175,0.003054203698411584,288
l2767414.3,0.002218502340838313,0.0031584601383656263,288
l3197626.3,0.002217033179476857,0.0031626189593225718,288
l2917336.3,0.002213156083598733,0.0031053817365318537,288
l3160871.3,0.002210805891081691,0.003100668080151081,288
l2692664.3,0.0022039981558918953,0.0030637853778898716,288
l2916606.3,0.0022018547169864178,0.003048310987651348,288
l2786204.3,0.002201538532972336,0.0026825005188584328,288
l2916605.3,0.002200811170041561,0.0030622712802141905,288
l3085394.3,0.0021965615451335907,0.003061430063098669,288
l2935550.3,0.00219387817196548,0.0031121079809963703,288
l3217052.3,0.002192587126046419,0.0030357157811522484,288
l2805031.3,0.002192119834944606,0.0030263655353337526,288
l2990826.3,0.0021909710485488176,0.0032125466968864202,288
l2861158.3,0.0021905372850596905,0.0027572307735681534,288
l3234149.3,0.002189763356000185,0.0026941264513880014,288
l2804249.3,0.0021838003303855658,0.0030603609047830105,288
l3236004.3,0.002172616310417652,0.0030323213431984186,288
l3214069.3,0.0021692749578505754,0.003219256643205881,288
l2936211.3,0.002167229074984789,0.003031887114048004,288
l2898515.3,0.0021663536317646503,0.00282661453820765,288
l3217053.3,0.002162371762096882,0.003013215260580182,288
l3030200.3,0.0021566012874245644,0.0030160851310938597,288
l3048205.3,0.0021532694809138775,0.0031385181937366724,288
l2861218.3,0.0021498401183634996,0.0030938859563320875,288
l3160861.3,0.0021486382465809584,0.003114239778369665,288
l2688693.3,0.002147180726751685,0.0030257098842412233,288
l2692633.3,0.0021440982818603516,0.0031098052859306335,288
l2991940.3,0.0021400016266852617,0.0029833302833139896,288
l3086074.3,0.0021366141736507416,0.0029888541903346777,288
l3104830.3,0.002134501002728939,0.0030371786560863256,288
l2804250.3,0.002133885631337762,0.003136127023026347,288
l2786274.3,0.002131721703335643,0.003110423218458891,288
l3104850.3,0.00213064206764102,0.0031703312415629625,288
l3030126.3,0.002128139603883028,0.003038170048967004,288
l3215203.3,0.0021254706662148237,0.002997248899191618,288
l2915542.3,0.00211925758048892,0.002994813024997711,288
l2803199.3,0.00211879494599998,0.0029944966081529856,288
l2955077.3,0.002108528045937419,0.0030361430253833532,288
l2935552.3,0.0021036574617028236,0.0030283734668046236,288
l2861197.3,0.0020997885148972273,0.003006603801622987,288
l3160872.3,0.002096934476867318,0.0032136740628629923,288
l3104853.3,0.0020869458094239235,0.0030343993566930294,288
l2896685.3,0.0020832722075283527,0.0030050768982619047,288
l2785515.3,0.002078792778775096,0.003033171873539686,288
l3067506.3,0.002076254226267338,0.0027535241097211838,288
l3030203.3,0.0020704534836113453,0.0030356773640960455,288
l2842384.3,0.0020680129528045654,0.0029574488289654255,288
l3160862.3,0.0020495716016739607,0.00304661737754941,288
l3030199.3,0.0020462418906390667,0.002992656547576189,288
l3179673.3,0.0019449633546173573,0.002936744596809149,288
l2801909.3,0.0019266328308731318,0.0023187780752778053,288
l2767340.3,0.0019090324640274048,0.0029275345150381327,288
