sample_id,load_name,load_model,load_type,p_nominal_kw,q_nominal_kvar,p_realized_kw,q_realized_kvar
0,s890,5,M5,310.59634816255954,128.9703775078876,226.51154218489773,94.05382271350597
0,s844,2,M2,274.1318199785914,201.19963096664645,213.061038519602,156.37652242656785
0,d842_844ra,1,M1,3.166438489334823,1.3635761709301955,2.4321769221634932,1.047378612820844
0,d844_846sb,1,M1,9.76991421621659,3.2184292577015654,7.504411097354363,2.472115553827343
0,d844_846sc,1,M1,6.89992514824088,3.033519290000318,5.299923819661883,2.3300854584216832
0,s860,1,M1,41.091357350820246,29.92822662253562,31.562805366314127,22.988248293904423
0,d834_860ra,2,M2,5.302366534572565,2.320595097690175,4.10765197548054,1.7977288669660907
0,d834_860rb,2,M2,7.381573207720803,3.020836376581482,5.809176815842089,2.3773432035639743
0,d834_860rc,2,M2,35.2675788864378,15.760199037370036,27.117270254270537,12.118006553273627
0,d860_836sa,1,M1,9.817338917017919,4.213690906510817,7.54082226024048,3.2365963100695883
0,d860_836sb,1,M1,3.4292298678839837,1.8824922968523434,2.6340390030726,1.445965709919493
0,d860_836sc,1,M1,16.151670910958583,6.823369364144315,12.406298689123036,5.241104104236282
0,d858_834ra,1,M1,1.3720418157831569,0.6565615914823903,1.0538826668160932,0.5043142690226478
0,d858_834rb,1,M1,5.038824504650966,2.3393345689989355,3.870390767842723,1.7968714960574226
0,d858_834rc,1,M1,4.0314436073248405,2.3287896223261018,3.0966022426186344,1.788769464894106
0,d834_860sa,2,M2,5.139909270174371,2.4492433261746736,3.9833710268346185,1.8981394344702143
0,d834_860sb,2,M2,6.717129447199161,3.0120608028553213,5.288268944206136,2.371333454958701
0,d834_860sc,2,M2,37.88448890206373,15.699707785886257,29.142685819557986,12.076993428270073
0,d818_820ra,2,M2,10.72290390287647,5.750395925131678,8.2860513757678,4.443573845187559
0,d820_822sa,1,M1,47.980454172995735,19.488179642713405,36.85444016248879,14.9691133438476
0,s848,1,M1,40.58805839331695,28.40353607582947,31.17621492419739,21.817113857423564
0,d846_848rb,1,M1,7.851431752064353,3.7645262553229673,6.030797719534421,2.8915813653256257
0,d820_822ra,1,M1,42.089381120454846,20.217830508565413,32.329421671097,15.529567026581164
0,d860_836ra,1,M1,10.56860343683994,4.568247487421457,8.117877908510575,3.508936199929186
0,d860_836rb,1,M1,3.4808612187280534,1.7123088320373128,2.6736976041878147,1.3152454424915068
0,d860_836rc,1,M1,13.990212570796428,6.064560223610207,10.746055694068557,4.658254691360873
0,d836_840sa,5,M5,5.690175969304311,2.679342164558952,4.388779800165624,2.0665558940075637
0,d836_840sb,5,M5,6.240027300934465,3.3056320347337285,4.850950944787338,2.5697689003970203
0,s830a,2,M2,6.877341218730197,2.775440997572209,5.455880477850236,2.2017952478025777
0,s830b,2,M2,7.382509395200053,3.0393684886701657,5.9427949083777145,2.446635393452787
0,s830c,2,M2,16.780537782746183,6.034789914615634,13.258465720245797,4.768134806059048
0,d828_830ra,1,M1,2.285212466351214,0.9133482269198362,1.7553019061814066,0.7015545313046239
0,s840,5,M5,18.0910656365364,11.02690950283355,13.972772122435734,8.516712853082069
0,d836_840ra,5,M5,6.055552156615377,2.724429082866405,4.670524620261004,2.1013013243691065
0,d836_840rb,5,M5,8.481411715788873,3.5263527969680344,6.593279269683215,2.741309767245796
0,d844_846rb,1,M1,8.224394749037362,3.2961845164315364,6.317275615380485,2.531841258771846
0,d844_846rc,1,M1,6.277294442746599,3.4953063486254794,4.821672933095316,2.6847902053254273
0,d846_848sb,1,M1,7.811926580773554,3.53295370189183,6.000453122935836,2.713707245891425
0,d802_806sb,1,M1,9.221503943666006,4.300548747117523,7.083214671916252,3.3033341397288685
0,d802_806sc,1,M1,8.926980002977844,3.838566994617162,6.856984962983812,2.94847711860622
0,d802_806rb,1,M1,10.977322793135794,4.941381673030594,8.43189252444458,3.795569942693907
0,d802_806rc,1,M1,8.552772752191169,4.476887302535938,6.569548737720386,3.438783000019679
0,d832_858ra,2,M2,2.3686600781815974,0.9502431976469147,0.5972990761914444,0.23962053678659723
0,d832_858rb,2,M2,0.7495981697814245,0.3330829247990612,0.19720812404631885,0.08762898974401417
0,d832_858rc,2,M2,2.026998115951079,0.8757147048532035,0.5334315532378362,0.2304559068747363
0,d858_864sb,1,M1,0.8063140016528791,0.32799330136195254,0.6193389191856777,0.2519354651360932
0,d858_834sa,1,M1,1.3506302311408813,0.6455577561632575,1.0374362741761138,0.4958621042834378
0,d858_834sb,1,M1,5.265692819761934,2.319720835097993,4.044651791220069,1.781805981038213
0,d858_834sc,1,M1,4.579178918809564,2.3266702781077178,3.517324838178058,1.7871414700761605
0,d816_824rb,5,M5,1.7709005714841557,0.6239652309331679,0.5152311797733171,0.18153793005429464
0,d824_826sb,5,M5,13.029059666021594,6.075863247416072,10.319914136709086,4.812494073793301
0,d824_828sc,1,M1,1.3373099172677942,0.6085526293822217,1.0272088521605545,0.46743882339647197
0,d824_826rb,5,M5,14.736866410775727,5.754463159645808,11.67142391672032,4.557457348690726
0,d818_820sa,2,M2,10.406737619065531,4.90609604846015,8.225917296667374,3.8779776151517065
0,d862_838rb,1,M1,8.077766836662777,3.899652358021953,6.2046489737042485,2.9953735134222743
0,d862_838sb,1,M1,8.428955335565425,3.664993984935956,6.474401730665777,2.8151289352749025
0,d808_810rb,4,M4,5.4285013391029215,2.251459121757687,4.354034163233535,1.8856423630814527
0,d808_810sb,4,M4,5.255045210948741,2.5964296074010016,4.2152026356780405,2.1748638143185737
0,d832_858sa,2,M2,2.52280935453463,0.8610340880243869,0.6371335568750227,0.2174535724641767
0,d832_858sb,2,M2,0.6618516151304139,0.2984901207636718,0.17436230572448738,0.0786359424623878
0,d832_858sc,2,M2,1.948574494442066,0.8950201259427571,0.5133979762712115,0.23581411434110933
0,d824_828rc,1,M1,1.4283485861476095,0.5810184576956767,1.0971370391872997,0.4462893693218707
0,d828_830sa,1,M1,2.33619766203977,0.9029583643253571,1.7944665871838625,0.6935744672360229
0,d842_844sa,1,M1,2.601123340410399,1.5754152707834683,1.9979519765084526,1.2100945454124095
0,d816_824sb,5,M5,1.5830256417036157,0.6726793466951821,0.4642187366605773,0.19726132905634192
0,d854_856sb,1,M1,1.3524878489218195,0.5968730793238131,1.0388674632437676,0.45846686414746785
0,d854_856rb,1,M1,1.2632807514866518,0.6219129486463654,0.9703460997459361,0.47770042549280434
0,d858_864rb,1,M1,0.7460708047626341,0.26442579079531026,0.5730654407783454,0.20310853128714307
1,s890,5,M5,489.3094588827052,221.3479549673486,418.55702547748274,189.30909385361343
1,s844,2,M2,412.45912191700825,337.2864960780937,419.52720540674926,343.05721444837485
1,d842_844ra,1,M1,4.886566820777602,2.838396444633949,6.119657378034168,3.554640970339316
1,d844_846sb,1,M1,14.114369099541076,6.804112380693897,17.676400053693644,8.52104589395519
1,d844_846sc,1,M1,11.968219765496407,5.660422839733114,14.988459637446125,7.088357395096884
1,s860,1,M1,65.9816334773541,54.203428414040346,82.63283108892037,67.88052569204571
1,d834_860ra,2,M2,8.33849721873903,4.605096426804041,8.46022922986782,4.672315989676459
1,d834_860rb,2,M2,11.467503514999079,5.346407277612831,12.012273690368632,5.600035576919397
1,d834_860rc,2,M2,64.44945180895586,30.4625440899255,63.725810513571346,30.11944731477019
1,d860_836sa,1,M1,17.58965455645286,7.868546303628209,22.028524948739918,9.85420586217126
1,d860_836sb,1,M1,4.924484599642479,3.363832610741236,6.1673168219692025,4.212570344285627
1,d860_836sc,1,M1,22.76032817856498,11.138567451323079,28.503647617169484,13.948781648296816
1,d858_834ra,1,M1,2.1837372721009154,1.070238938546199,2.7348184273743126,1.340318340991987
1,d858_834rb,1,M1,8.39912625056037,4.270257944176417,10.518837547097599,5.347633289271849
1,d858_834rc,1,M1,7.79454397865054,3.7720974331163153,9.761411202238639,4.72378032019372
1,d834_860sa,2,M2,8.463175233022127,4.539541476886147,8.591161189121847,4.6081825036758195
1,d834_860sb,2,M2,11.626492895114463,5.435451566850308,12.184404479815319,5.695917528147345
1,d834_860sc,2,M2,62.08688214072299,29.749362219181474,61.43006168243317,29.433611978207367
1,d818_820ra,2,M2,18.97936265657255,9.690937733216561,19.069937543376625,9.73718980313701
1,d820_822sa,1,M1,72.72774210422811,38.05098626095274,91.08047109420231,47.65311171260249
1,s848,1,M1,70.44656612934692,56.21642463940794,88.22454187937527,70.40139209746305
1,d846_848rb,1,M1,11.642480422907015,5.83399096916411,14.580686643988058,7.306132048155997
1,d820_822ra,1,M1,75.09507752357209,39.96956007450187,94.04513743326217,50.05582124968723
1,d860_836ra,1,M1,15.430658582852608,9.00991195928296,19.32469420716098,11.28360445249209
1,d860_836rb,1,M1,5.506085671044378,3.521101790090092,6.895693825740136,4.409509613260856
1,d860_836rc,1,M1,22.376957714896747,12.093393919577215,28.023557083520593,15.14454730414867
1,d836_840sa,5,M5,9.468757484783376,4.550274477413437,10.671751858856664,5.128370084284086
1,d836_840sb,5,M5,12.314941121437634,6.249095366455006,14.103023712443644,7.156008544218883
1,s830a,2,M2,11.11295695670583,6.159359452153155,12.20404646834316,6.764091123713526
1,s830b,2,M2,10.720369552273453,5.584240409802382,12.175768572654906,6.342089612026172
1,s830c,2,M2,26.99157406269939,10.83483601742896,29.212602992326367,11.72603940823385
1,d828_830ra,1,M1,4.103441772036128,1.7387898805751287,5.138939737238279,2.1775660927713587
1,s840,5,M5,28.583199301866077,25.161694871534547,32.2547829820426,28.393043000840283
1,d836_840ra,5,M5,8.697754691435621,4.845917402310746,9.803219479001998,5.461811297968795
1,d836_840rb,5,M5,12.720338151428983,5.922712867719917,14.56779425863652,6.782474859373247
1,d844_846rb,1,M1,13.370197341052592,6.933233415056286,16.744429316000808,8.682761537258594
1,d844_846rc,1,M1,11.115142525116651,6.418746521300552,13.920144618307653,8.038064716212453
1,d846_848sb,1,M1,12.651542816426014,5.902156733069884,15.844400070991435,7.391487877679502
1,d802_806sb,1,M1,16.301206744853946,8.82102073366535,20.41511237688112,11.047162322078036
1,d802_806sc,1,M1,13.362753884244828,7.557674050578104,16.735085682632214,9.464982389504732
1,d802_806rb,1,M1,16.748060635097357,8.332329451195816,20.974738319547267,10.435138987826237
1,d802_806rc,1,M1,14.64135271511625,7.8123015295309335,18.336360749975103,9.783863665427383
1,d832_858ra,2,M2,3.9956463110975506,1.6921683750178471,1.2600423490293597,0.5336307289528835
1,d832_858rb,2,M2,1.203786233931808,0.5777602890601701,0.4233523548082748,0.2031839779037259
1,d832_858rc,2,M2,3.325955085075579,1.612372307069549,1.1903300124676217,0.5770143770739847
1,d858_864sb,1,M1,1.171251535277045,0.5755798564871316,1.466808337012062,0.7208219687632804
1,d858_834sa,1,M1,1.9932093291320636,1.065721554099151,2.496209252802368,1.3346612457011153
1,d858_834sb,1,M1,8.085741407830932,4.2001320822307795,10.126365180035123,5.259824086704879
1,d858_834sc,1,M1,7.526942683305995,3.914085569033982,9.426290664795587,4.901602506147185
1,d816_824rb,5,M5,2.765989132033338,1.006852876420927,1.1484012588889043,0.4180240036692142
1,d824_826sb,5,M5,22.887567046017622,11.75156622164953,27.92817590314863,14.339446147388044
1,d824_828sc,1,M1,2.197300040258736,1.1332200539312258,2.7518166358042278,1.4191489572583829
1,d824_826rb,5,M5,22.36707915253179,11.699590043118837,27.285296435253013,14.271965686579094
1,d818_820sa,2,M2,17.218933993978855,10.34253325115985,18.70952634202838,11.237832994666695
1,d862_838rb,1,M1,14.995830971100762,8.244332166429366,18.780328738499957,10.324714088208518
1,d862_838sb,1,M1,13.454719946312665,7.289465896158241,16.850285839322908,9.128893546459116
1,d808_810rb,4,M4,8.226015140176168,4.615180889377696,10.570384665288303,6.084953388444371
1,d808_810sb,4,M4,9.026565415989927,4.8756931920517514,11.601306800746793,6.430889691537067
1,d832_858sa,2,M2,3.9828323316993868,1.6280480629052274,1.2632845238665105,0.5163871405494904
1,d832_858sb,2,M2,1.2707004653775966,0.5961455310727847,0.4496119941082468,0.21092889618500998
1,d832_858sc,2,M2,3.2425901931481658,1.6932240635247033,1.1665090176111264,0.6090913260658041
1,d824_828rc,1,M1,2.1615613278073744,1.1641851115300172,2.7070595785026765,1.4579282047601378
1,d828_830sa,1,M1,3.5579728286888317,1.5323166335171141,4.4558339532313,1.9189948621145643
1,d842_844sa,1,M1,5.055238117144385,2.6239411216596067,6.330891479812505,3.2860691136187197
1,d816_824sb,5,M5,2.882794616295102,1.13580266778537,1.2286778172994346,0.484083716613417
1,d854_856sb,1,M1,2.1617264840540775,1.2345539365062221,2.707282512676814,1.5460929058575446
1,d854_856rb,1,M1,2.0688753078758624,1.1572190412780634,2.5909982545312413,1.449242214409423
1,d858_864rb,1,M1,1.1118450801579547,0.5864971937833984,1.3924111302500912,0.734494264674385
2,s890,5,M5,332.904407817758,139.4046625832609,242.84315246303967,101.69553902855108
2,s844,2,M2,322.32534869855067,190.29907148538675,249.64515944138205,147.38899953293208
2,d842_844ra,1,M1,3.349432309694618,1.5824096610584473,2.6129475423970803,1.2344591587329767
2,d844_846sb,1,M1,9.010613345240088,4.303352530735974,7.029208538321498,3.3570944206280577
2,d844_846sc,1,M1,7.213828860236982,3.465323302816864,5.6275091420163585,2.7032750968660717
2,s860,1,M1,42.25086656271466,32.592370115729416,32.96018658040314,25.425512421563166
2,d834_860ra,2,M2,5.840080183158331,2.707443104918294,4.507708477173426,2.089744425690651
2,d834_860rb,2,M2,7.372071761011829,3.098886281021464,5.790089165445921,2.4338792877788995
2,d834_860rc,2,M2,42.70922881117609,18.739268285846087,32.68010652730247,14.33900340676227
2,d860_836sa,1,M1,11.413393327798792,4.835305693610673,8.903702453629,3.7720411050404468
2,d860_836sb,1,M1,3.786076946063519,2.0467643256122283,2.953535059565747,1.5966825070897195
2,d860_836sc,1,M1,16.066830325485505,7.621684003843249,12.533821702284037,5.945777038073439
2,d858_834ra,1,M1,1.4110077499873994,0.6852776978625521,1.1007413321437476,0.5345882421264018
2,d858_834rb,1,M1,5.249198009999369,2.5626726052469433,4.094921347313328,1.9991421175786315
2,d858_834rc,1,M1,5.086350582462303,2.2621729285160987,3.9678898389324924,1.764751927496685
2,d834_860sa,2,M2,6.0395371944381475,2.5307379570546225,4.663776266513952,1.9542397433504994
2,d834_860sb,2,M2,7.579792159286225,3.1800488542677012,5.95584443250941,2.4987197901995204
2,d834_860sc,2,M2,40.089991604508704,17.785862269982033,30.691870283592078,13.61654325838855
2,d818_820ra,2,M2,12.772667976645815,5.394252255322866,9.861112311581714,4.164649412045826
2,d820_822sa,1,M1,47.862533951597776,23.011532535074757,37.33818620168949,17.951706809970464
2,s848,1,M1,43.97706711352213,29.46874884765207,34.306804095928825,22.988754400176237
2,d846_848rb,1,M1,9.14857592171004,3.598426247907371,7.136837304155226,2.807179190416597
2,d820_822ra,1,M1,49.022275590000426,23.1178707510409,38.24297846776285,18.034697113029754
2,d860_836ra,1,M1,11.727989598689394,4.876286777353184,9.149122662911756,3.804010530271569
2,d860_836rb,1,M1,3.825991272031819,1.8495472660206398,2.9846722997262143,1.442832770864795
2,d860_836rc,1,M1,14.486443802068395,7.678515625281681,11.300951666957301,5.990107370133279
2,d836_840sa,5,M5,6.775347065900882,3.1197565388904285,5.256684357170076,2.420459824163395
2,d836_840sb,5,M5,8.547618633338885,3.582496329069273,6.689635476145436,2.8037594077600563
2,s830a,2,M2,7.731973294024546,3.5436524205746407,6.143333379796123,2.8155439685799144
2,s830b,2,M2,7.1689647376156245,3.2218196637969623,5.789881852379335,2.602036763550049
2,s830c,2,M2,19.055357750082077,7.136462434278574,15.067225838249236,5.642928875086966
2,d828_830ra,1,M1,2.5776826507004404,0.9311517952342268,2.0108745376371604,0.72640132511913
2,s840,5,M5,18.864576264231253,13.810916691903486,14.657540215617342,10.730903240672603
2,d836_840ra,5,M5,6.871490426408348,2.9872671387383445,5.331191840636804,2.317630107164563
2,d836_840rb,5,M5,7.976408724415318,3.6944888020101283,6.2424813110426225,2.8913590750185496
2,d844_846rb,1,M1,9.361550553385856,3.9645322243729986,7.302978587288882,3.0927808838998696
2,d844_846rc,1,M1,7.1064022499611665,3.3916241818725608,5.543705786087399,2.6457829171270606
2,d846_848sb,1,M1,8.606530254624117,3.900001296650746,6.713983774221219,3.0424375768528953
2,d802_806sb,1,M1,10.592642255732697,5.37129060849401,8.263147656435896,4.190057160847686
2,d802_806sc,1,M1,9.159228075454227,4.426077030890913,7.1449648483274695,3.452709998445108
2,d802_806rb,1,M1,10.573686690059759,5.154118273083878,8.248362116301903,4.020645780577482
2,d802_806rc,1,M1,8.718432114491465,4.586358486701557,6.801108414626972,3.5777431885494515
2,d832_858ra,2,M2,2.7151775312795046,0.9688588511008082,0.6802611943115487,0.24273715441071658
2,d832_858rb,2,M2,0.8401643376827379,0.31792028836826847,0.2205513316666394,0.08345819418584051
2,d832_858rc,2,M2,2.0236417075433732,1.0402809759923533,0.5324374123079089,0.27370445267734916
2,d858_864sb,1,M1,0.7375342971474205,0.37936689167948556,0.5753623533254673,0.29594929399489595
2,d858_834sa,1,M1,1.5356028870230927,0.704457806099504,1.1979385060143202,0.5495502968908879
2,d858_834sb,1,M1,5.3584783937713665,2.4670209766652778,4.180169071094359,1.9245233817512613
2,d858_834sc,1,M1,4.55921305144347,2.185642302268703,3.5566649650549027,1.7050475800076728
2,d816_824rb,5,M5,1.8939261529902742,0.635918628055256,0.5531848229093195,0.18574374598051535
2,d824_826sb,5,M5,13.397225497863229,7.171469015776539,10.72382280878099,5.7404618113812935
2,d824_828sc,1,M1,1.334416770026717,0.674498547554239,1.0409700724795017,0.5261679705198633
2,d824_826rb,5,M5,14.966990279404767,6.83933119154221,11.979041932314031,5.474009993695281
2,d818_820sa,2,M2,12.76639682321539,5.376478102513556,10.11281485259046,4.258963283726391
2,d862_838rb,1,M1,10.988534917829128,4.41014476132171,8.57219586561513,3.440410763858307
2,d862_838sb,1,M1,10.710146052683411,4.458487582987134,8.355022750906482,3.478122042097836
2,d808_810rb,4,M4,5.86798867800072,2.585920093325937,4.772535958181081,2.192773315048363
2,d808_810sb,4,M4,5.560020059946316,2.6014812879552953,4.522410197328092,2.206310377587659
2,d832_858sa,2,M2,2.6281040768509225,0.9582128344460589,0.6597298032769877,0.24053820899955417
2,d832_858sb,2,M2,0.7255715262224673,0.3466443496281203,0.19082135829503316,0.09116651335670593
2,d832_858sc,2,M2,2.2559197281717642,0.9089896054015911,0.5944754026822434,0.2395326879510869
2,d824_828rc,1,M1,1.4525336921418466,0.722629459398118,1.1331124364521186,0.5637142942613811
2,d828_830sa,1,M1,2.5471616947444753,0.9361692666625422,1.9870564461079752,0.7303144420200648
2,d842_844sa,1,M1,3.1428001807353794,1.6927096251229634,2.451750552193319,1.3205062169053787
2,d816_824sb,5,M5,1.7295489762174294,0.7011638512826445,0.5099748175130455,0.20674742141856786
2,d854_856sb,1,M1,1.359115121127064,0.6982341629210074,1.0602405869037874,0.5446949222362926
2,d854_856rb,1,M1,1.3905929097305283,0.7084946842493485,1.0847963455653,0.5526992444052163
2,d858_864rb,1,M1,0.7600134189323925,0.32388118477744315,0.5928986134196639,0.25266400957242907
3,s890,5,M5,225.95584280622995,176.2653088480989,169.36348971771318,132.11981721636468
3,s844,2,M2,195.44264107883157,180.26154672392056,157.56375704006265,145.3250687057333
3,d842_844ra,1,M1,2.1830661015957498,1.7036257918751414,1.6925761827590347,1.3208566891997577
3,d844_846sb,1,M1,6.54915709917786,4.272650773797545,5.077669874220268,3.3126672499942735
3,d844_846sc,1,M1,5.245434225953905,4.130570577257502,4.066871167566626,3.202498386597834
3,s860,1,M1,32.803512638785186,34.61782808683605,25.4331443543211,26.839842051560577
3,d834_860ra,2,M2,4.13972277432571,3.0124649078023795,3.3320072715140525,2.424690151854151
3,d834_860rb,2,M2,4.330990569285618,3.510540220692717,3.527103253129594,2.8589408157591443
3,d834_860rc,2,M2,28.79054578532964,20.567828148237652,22.97609479263522,16.41407071459732
3,d860_836sa,1,M1,8.13587930561692,5.872062130290293,6.307901619595798,4.552716685246272
3,d860_836sb,1,M1,2.504180196828085,2.220447674749555,1.9415333200415668,1.7215517695181888
3,d860_836sc,1,M1,10.67898643534895,7.57014813361602,8.279605344381931,5.8692895067260675
3,d858_834ra,1,M1,0.9748837493487573,0.7432873841261464,0.755845859752544,0.5762842493284095
3,d858_834rb,1,M1,3.646146046435433,2.7040381572067598,2.826918842414472,2.096488004847472
3,d858_834rc,1,M1,3.3560362173594074,2.6253697163845517,2.601993308688372,2.0355019140234214
3,d834_860sa,2,M2,4.025813642790956,3.087148607232366,3.2413893181634768,2.4856194955259747
3,d834_860sb,2,M2,5.336803117074153,3.8127403981231587,4.3476363348037665,3.1060579464396207
3,d834_860sc,2,M2,29.05669182208619,21.30781175545598,23.19745886550777,17.011187493777353
3,d818_820ra,2,M2,9.326493183180228,5.260318730133748,7.435827079830646,4.193952277646475
3,d820_822sa,1,M1,36.650830040830186,25.596419852090698,28.416071418801806,19.845402905162544
3,s848,1,M1,31.37878678534615,35.258337707823344,24.32852814873563,27.33644039094117
3,d846_848rb,1,M1,5.552989131674823,4.1285347842294335,4.305323982552418,3.200930659565055
3,d820_822ra,1,M1,29.247178394976537,27.21150226047533,22.675887127795136,21.097609495636963
3,d860_836ra,1,M1,8.107501930048649,5.467549891817614,6.28590008434288,4.239090872922683
3,d860_836rb,1,M1,2.3250103668269055,1.9581801144774105,1.8026199766234814,1.5182112051755372
3,d860_836rc,1,M1,10.446683117849389,7.929110381700473,8.09949593060933,6.147599351741814
3,d836_840sa,5,M5,4.463841138395872,3.2618974132399043,3.525882888276181,2.576493327985771
3,d836_840sb,5,M5,5.590382471401771,3.778117502002596,4.441724838596772,3.001828504593132
3,s830a,2,M2,5.512067467357328,3.63907028615277,4.507078452378551,2.975573797013922
3,s830b,2,M2,5.19031817153195,3.217673149476211,4.291615950832663,2.660536110998348
3,s830c,2,M2,11.98384264341002,6.669794422045196,9.745015372481449,5.423759486010389
3,d828_830ra,1,M1,1.6427869514606142,1.067055671586654,1.2736830247942994,0.8273087184160777
3,s840,5,M5,11.68292104931275,15.099546176283788,9.233071160131235,11.933259455406828
3,d836_840ra,5,M5,4.337260405347798,3.006991428615063,3.4258593139051254,2.3751212231700682
3,d836_840rb,5,M5,5.583636723513699,4.279771210187223,4.436309603443575,3.4003648734628666
3,d844_846rb,1,M1,6.261339422088323,3.8931639243801803,4.854520468614397,3.018444338411219
3,d844_846rc,1,M1,5.34298756605933,3.8764294639126615,4.14250590293317,3.005458656474709
3,d846_848sb,1,M1,5.471236817980302,4.242222440619602,4.2419398579814285,3.289074566155769
3,d802_806sb,1,M1,7.823585384566579,4.864852213461448,6.065715635086066,3.7717760528003925
3,d802_806sc,1,M1,6.157420411266232,4.9229946843114085,4.773918864395227,3.8168543461779585
3,d802_806rb,1,M1,7.281275085423062,5.500785397931131,5.64525644896863,4.26482270174186
3,d802_806rc,1,M1,6.554326788047353,4.9352557104822505,5.081645225792223,3.826360632503011
3,d832_858ra,2,M2,2.073205638458764,0.9763715581549758,0.545485791778554,0.25689545392888974
3,d832_858rb,2,M2,0.5380523293337862,0.3988764939783424,0.14616281942366258,0.10835579191485675
3,d832_858rc,2,M2,1.5718350897647329,1.1014982341103228,0.42750825274474547,0.29958580317976885
3,d858_864sb,1,M1,0.5619016642579624,0.3759459176273871,0.4356538606722871,0.2914786972487013
3,d858_834sa,1,M1,0.9856338815648801,0.67010295729115,0.7641804787696815,0.5195429168693277
3,d858_834sb,1,M1,4.037458549842174,2.6997595910261483,3.130309671205794,2.093170620479401
3,d858_834sc,1,M1,3.4911609053739943,2.6625338304473796,2.7067575400724126,2.064315780467438
3,d816_824rb,5,M5,1.4314299880041295,0.6655995386824324,0.42638921968252996,0.19826704818344906
3,d824_826sb,5,M5,10.135263048278821,7.3138006038277315,8.152550747000907,5.883052842392475
3,d824_828sc,1,M1,1.0663099332951,0.7166700774631328,0.8267253896728385,0.5556443430074102
3,d824_826rb,5,M5,9.85255257911396,7.120575845819542,7.924526186712976,5.727179672143989
3,d818_820sa,2,M2,9.280306217905258,6.581875548617743,7.540315861035391,5.347828522888685
3,d862_838rb,1,M1,6.484712915162804,4.937126954681694,5.027704672259628,3.8278471872783024
3,d862_838sb,1,M1,7.13600399533116,5.2041656990012015,5.532661559569146,4.034887615528708
3,d808_810rb,4,M4,4.203726008158672,2.725168102774294,3.4097266790256398,2.3125302339294693
3,d808_810sb,4,M4,3.650872417264374,2.8351760895093028,2.9614714293670312,2.406166153258423
3,d832_858sa,2,M2,1.791746658194255,0.9401616547846545,0.47180024255243025,0.2475622066561934
3,d832_858sb,2,M2,0.5316512573401423,0.41590200796414106,0.144535518531797,0.11306808054410937
3,d832_858sc,2,M2,1.4810825922357775,0.9373261255376407,0.40309448241138807,0.25510454486566797
3,d824_828rc,1,M1,0.9040972107457641,0.7308846844514454,0.7009595831836253,0.5666651769579027
3,d828_830sa,1,M1,1.8209666630393797,0.9119493869493603,1.4118272621255215,0.7070512627710549
3,d842_844sa,1,M1,2.1898281967369018,1.69919112997608,1.697818944734987,1.3174183906933432
3,d816_824sb,5,M5,1.158041248281001,0.7825721871578849,0.3469052403728344,0.23442957161245506
3,d854_856sb,1,M1,0.954045300818433,0.758164902035197,0.7396852956767918,0.5878179195753396
3,d854_856rb,1,M1,1.0011610104849595,0.7030741404104937,0.7762148950032379,0.5451052528335435
3,d858_864rb,1,M1,0.5595704123137513,0.3351952195546197,0.43384640002601516,0.2598838423585035
4,s890,5,M5,379.6051226131767,181.87414438985488,290.7672158964302,139.307384539206
4,s844,2,M2,339.527598612075,255.97428001023786,275.70915356665887,207.86123067116608
4,d842_844ra,1,M1,3.7588953949529684,1.9364503025626074,3.2230806094818294,1.660426560047078
4,d844_846sb,1,M1,10.765609161718693,4.7313601900852165,9.231096669722087,4.056940329609166
4,d844_846sc,1,M1,8.68769158965704,4.410273521575239,7.449395067980074,3.7816860483171
4,s860,1,M1,47.36959354126982,36.520113969361425,40.617537420063016,31.314618928179076
4,d834_860ra,2,M2,6.2977740590625775,3.195616845125738,5.100290945018038,2.588003568364337
4,d834_860rb,2,M2,8.225235060042515,3.9455307684002876,6.785979715008871,3.2551621160258915
4,d834_860rc,2,M2,43.84025456732301,21.41903125322752,35.07614640690427,17.137095851495104
4,d860_836sa,1,M1,13.427270417025149,5.997973330140194,11.513323334415379,5.143040942583645
4,d860_836sb,1,M1,3.9632533727242594,2.341041198443611,3.39833628733828,2.0073643073139493
4,d860_836sc,1,M1,17.06762185863925,9.024859883694972,14.634834198836383,7.738448927977922
4,d858_834ra,1,M1,1.7262166931029577,0.8215789981145322,1.4801587524109705,0.7044735458949439
4,d858_834rb,1,M1,6.087642033721616,3.0702776523335435,5.219918956550817,2.632662235611564
4,d858_834rc,1,M1,5.153130640917727,2.8545466480600137,4.4186132963119915,2.447657715991025
4,d834_860sa,2,M2,6.258421897250865,3.2161279609728424,5.071358914937551,2.6061241328872016
4,d834_860sb,2,M2,8.424528674428489,3.7825035452798863,6.954238284962341,3.1223842914477156
4,d834_860sc,2,M2,43.36986766028339,22.16602031474154,34.722165696556466,17.74618782880238
4,d818_820ra,2,M2,14.24245289291399,6.434956341567891,11.593194375624357,5.237970213027291
4,d820_822sa,1,M1,57.58221776624833,28.36591586799617,49.37430680639074,24.322520412136093
4,s848,1,M1,50.99218778592088,38.127980708546204,43.72377045242618,32.69330516101497
4,d846_848rb,1,M1,9.386103415247177,4.511327713366489,8.04822265474404,3.868272406792023
4,d820_822ra,1,M1,53.967969814489855,28.735244490840564,46.275188205571695,24.639176824043346
4,d860_836ra,1,M1,12.748275750440595,6.06350360023625,10.931112359072667,5.199228782989534
4,d860_836rb,1,M1,3.838136663758896,2.3676637635976734,3.291053096501953,2.0301918124346114
4,d860_836rc,1,M1,16.23088268760676,8.490363827891413,13.91736161103346,7.280139798225677
4,d836_840sa,5,M5,7.2971688899313785,3.720539940557031,6.079652489406835,3.0997924016011167
4,d836_840sb,5,M5,8.953656692003356,4.391579226884127,7.529337622108644,3.6930057399043243
4,s830a,2,M2,7.859395094273907,3.873245200799436,6.63341124817452,3.2690731556896906
4,s830b,2,M2,8.065473999860707,3.8874174585890913,6.932873035639499,3.3415365807767046
4,s830c,2,M2,21.545911912202413,8.03871750413232,18.05532236871281,6.736351133235718
4,d828_830ra,1,M1,2.98220581467931,1.142052929299478,2.557123301933887,0.9792668295339432
4,s840,5,M5,21.73328952302017,17.678954144471724,18.126962724249832,14.745421879726775
4,d836_840ra,5,M5,7.055202960826203,3.5631899150543838,5.8779377250229485,2.9686345122876308
4,d836_840rb,5,M5,8.505649470422135,4.2890823409300385,7.152441060941063,3.6067336371050422
4,d844_846rb,1,M1,10.188454022723066,4.856839011523449,8.736207490507718,4.164533637514183
4,d844_846rc,1,M1,8.430922582822157,4.630083250710274,7.2292232656555555,3.970164703607956
4,d846_848sb,1,M1,9.410632752410596,4.461563809883134,8.069255627890827,3.8256018242376224
4,d802_806sb,1,M1,12.707867842498763,6.029887590515927,10.896762651763714,5.170516943740255
4,d802_806sc,1,M1,10.410987174419141,5.641511311889572,8.927229723810019,4.837492741851121
4,d802_806rb,1,M1,11.46065771821441,5.831334330767445,9.827301387660134,5.0002600594420885
4,d802_806rc,1,M1,9.904658375972872,5.393189391178223,8.493060700922918,4.624560936009689
4,d832_858ra,2,M2,3.0302661382618323,1.1890594454351586,0.7912685103939883,0.3104912426139753
4,d832_858rb,2,M2,0.8765118310178807,0.4248463532000897,0.24221541868710114,0.11740158569865967
4,d832_858rc,2,M2,2.388401756474699,1.1949975971403404,0.6624046704379069,0.3314258979743585
4,d858_864sb,1,M1,0.8304188382790957,0.4084780893678247,0.7120464350796402,0.35025326254226447
4,d858_834sa,1,M1,1.6339401336039345,0.8819957356032007,1.4010358363445807,0.7562785996000264
4,d858_834sb,1,M1,6.065053955330962,3.2009573680523506,5.200552442606235,2.744715720768544
4,d858_834sc,1,M1,5.22821406367386,2.8629163983175423,4.482995790080541,2.4548350974424284
4,d816_824rb,5,M5,2.0750695071727625,0.8372113749684236,0.6471428289015528,0.2610958142903111
4,d824_826sb,5,M5,15.816101535751802,8.125639040602756,13.74428211204295,7.0611889540118575
4,d824_828sc,1,M1,1.4217058025866312,0.8521701313791948,1.2190727117117952,0.7307160346713397
4,d824_826rb,5,M5,15.343735974431713,8.027626329538213,13.332088626900358,6.975124082796378
4,d818_820sa,2,M2,13.821604564067393,6.504607987768075,11.64330467689994,5.479465044761241
4,d862_838rb,1,M1,11.175649701666261,5.823234331536224,9.582690157190319,4.993178043737287
4,d862_838sb,1,M1,12.358321175364804,5.711022451079837,10.596784926583016,4.896959297547883
4,d808_810rb,4,M4,6.494002404694221,3.169707722703618,5.783344780542262,2.931759251964559
4,d808_810sb,4,M4,6.770852038822038,3.1701820008987536,6.03048588415596,2.9327696717825993
4,d832_858sa,2,M2,2.772064282720226,1.1878851858704944,0.7259063857696578,0.3110671649739027
4,d832_858sb,2,M2,0.8959138631559064,0.4097041577099562,0.24828507920190196,0.11354100802079162
4,d832_858sc,2,M2,2.3919935751848302,1.1342309632645748,0.6650408494902198,0.3153503765733769
4,d824_828rc,1,M1,1.564007328518013,0.8158757477059984,1.3410923852393983,0.6995948288820962
4,d828_830sa,1,M1,2.9359906148617556,1.2447934375016807,2.5175039478848267,1.0673639216454325
4,d842_844sa,1,M1,3.652754194272025,1.8704342849707292,3.132069435452782,1.6038205338257867
4,d816_824sb,5,M5,2.0762441568182153,0.8218395675723913,0.6561290833009107,0.259713802642904
4,d854_856sb,1,M1,1.5168864753696267,0.8206963178557056,1.3006825090388534,0.70371803568582
4,d854_856rb,1,M1,1.7209221791188989,0.8254613979508537,1.4756364883676332,0.7078035720943403
4,d858_864rb,1,M1,0.8268993322880277,0.42544455358178934,0.7090285832854556,0.3648012426713448
5,s890,5,M5,250.93169761851476,147.72711428929895,193.39100669429263,113.85535442275803
5,s844,2,M2,241.00849875097435,179.37419019961916,198.32653821726097,147.60766331055478
5,d842_844ra,1,M1,2.3921329479876556,1.8233483415068021,1.9266479282599098,1.4685405889067693
5,d844_846sb,1,M1,6.206559872352544,4.2760953742988415,4.998775124384661,3.4439966571805902
5,d844_846sc,1,M1,4.895523244935583,3.927242388029965,3.9428596965885347,3.163001773111545
5,s860,1,M1,35.2159220741118,33.97241504769143,28.363052250188662,27.361554421434995
5,d834_860ra,2,M2,3.7870483024976367,2.7721590457577068,3.109466149912091,2.27615657032278
5,d834_860rb,2,M2,5.010649824428774,3.7518031864727663,4.170703101359506,3.122880982042924
5,d834_860rc,2,M2,29.344835990020236,19.484720167949916,23.889174662380558,15.862294539166648
5,d860_836sa,1,M1,8.523215306459301,5.203537075757575,6.864650469576048,4.19095069668452
5,d860_836sb,1,M1,2.5438911097980474,2.0740876801543697,2.048857043692982,1.6704766548609942
5,d860_836sc,1,M1,12.6601364140354,7.426429995044929,10.196524294661346,5.981310874621335
5,d858_834ra,1,M1,1.1116420839538244,0.7384205558290747,0.8953234123521979,0.5947270821385078
5,d858_834rb,1,M1,3.970289685030125,2.850215471516057,3.1976823225136326,2.295572357919104
5,d858_834rc,1,M1,3.4160001789115584,2.5655870884251817,2.751258842477477,2.066343914635763
5,d834_860sa,2,M2,4.522161526734034,2.7215463352146116,3.714422379379123,2.23542385408937
5,d834_860sb,2,M2,6.3158511641571184,3.537502179463619,5.259029472400853,2.94557866539889
5,d834_860sc,2,M2,34.211078280252806,18.335028312499084,27.862611828441892,14.932732098266424
5,d818_820ra,2,M2,8.817849368292954,6.115430770562536,7.195127225345016,4.990035492100875
5,d820_822sa,1,M1,36.41772573378368,26.150193729559174,29.331019103884003,21.06153460909144
5,s848,1,M1,40.16562529384356,35.61553373822727,32.34956516207047,28.68493243289021
5,d846_848rb,1,M1,6.605065559375017,3.977518553184631,5.319734275051066,3.2035231492714202
5,d820_822ra,1,M1,40.07047147208402,23.68442927441088,32.27298548661033,19.07561027002193
5,d860_836ra,1,M1,9.179175723372486,5.040369304784658,7.392964896835316,4.05953408338651
5,d860_836rb,1,M1,3.003023142987491,2.566023793449969,2.4186433737806396,2.0666835648682325
5,d860_836rc,1,M1,11.63669755627156,7.655923469745019,9.37224116315443,6.1661442464510134
5,d836_840sa,5,M5,5.382800547633771,3.255462500839423,4.3767613182725436,2.6470137649568257
5,d836_840sb,5,M5,6.25516090857465,3.347191572876511,5.120942095607685,2.740262234780824
5,s830a,2,M2,5.822327166460051,3.334000950775215,4.881542655185116,2.795280787410741
5,s830b,2,M2,5.874701327414116,3.6180129749643846,4.989253836301159,3.072701629179521
5,s830c,2,M2,13.549072086853773,7.5219394788714675,11.298806691531777,6.272713063963424
5,d828_830ra,1,M1,1.8505547482187499,0.8994703933860523,1.49044564604389,0.7244380308680051
5,s840,5,M5,14.768688556221203,14.038715059114812,12.0187658361666,11.424724883119893
5,d836_840ra,5,M5,4.827392169764532,2.9833880083012687,3.9251057680154977,2.425757929831964
5,d836_840rb,5,M5,5.909074767417384,3.615388596073366,4.837541908882809,2.9597866289595123
5,d844_846rb,1,M1,7.045074448722056,4.089447641320605,5.6741187076825215,3.2936722380403136
5,d844_846rc,1,M1,5.436502550812957,4.087171808316198,4.37856504733327,3.291808914674242
5,d846_848sb,1,M1,7.909592912868247,3.7752712836397015,6.370405714150209,3.0406354882864406
5,d802_806sb,1,M1,7.423970763987348,5.4198768695742245,5.979180348154548,4.3651067877677425
5,d802_806sc,1,M1,7.662519704840537,4.413616190171508,6.17130508783614,3.554675473731763
5,d802_806rb,1,M1,9.064944613911495,5.569992339730743,7.300802668696397,4.486009054588638
5,d802_806rc,1,M1,6.2558689224004675,4.995435623423712,5.038405472476079,4.023266603787059
5,d832_858ra,2,M2,2.179880377722428,1.0046175966343245,0.5833719345143418,0.26885174363196146
5,d832_858rb,2,M2,0.5982056513623378,0.3533775538014995,0.16624559802333397,0.09820677495893784
5,d832_858rc,2,M2,1.613913946495044,1.0741476392402367,0.44939509055433224,0.29909656492995096
5,d858_864sb,1,M1,0.6158654561196155,0.39697675741945493,0.496023946920214,0.3197284015621236
5,d858_834sa,1,M1,1.2892305535151423,0.7196687498428479,1.0383537571593575,0.5796239386812091
5,d858_834sb,1,M1,4.095092276840205,2.829537305183715,3.2981975131217536,2.2789175746350767
5,d858_834sc,1,M1,3.6721834594698026,2.5885294354423563,2.957589175703571,2.084821683902912
5,d816_824rb,5,M5,1.450721437886748,0.6831376825444478,0.4445993057026002,0.209361065645813
5,d824_826sb,5,M5,11.316917243692135,6.878381269242911,9.417307323660243,5.723838744715395
5,d824_828sc,1,M1,1.2059591256383302,0.6296802117863408,0.9712743091803147,0.507141000838016
5,d824_826rb,5,M5,9.93475013377146,6.650416924087478,8.266477707051974,5.533690494258979
5,d818_820sa,2,M2,9.082440749010937,5.844256744432026,7.573592050929876,4.8733707923295615
5,d862_838rb,1,M1,8.45513831654958,4.844697133920775,6.8097875242372705,3.901956195473251
5,d862_838sb,1,M1,7.246545474820055,4.5861931104491465,5.836382927635314,3.6937531589248747
5,d808_810rb,4,M4,3.8643424220558593,2.7820537080775654,3.251907672779056,2.4461613654546634
5,d808_810sb,4,M4,4.492468610488638,2.6151443726376784,3.7807069117989123,2.299672451520975
5,d832_858sa,2,M2,1.950073368227544,1.0564189260576753,0.5225373353381154,0.2830752677329545
5,d832_858sb,2,M2,0.5901147318695044,0.3590067616260275,0.164198416603593,0.09989366054249604
5,d832_858sc,2,M2,1.5004182696058266,0.9062807839193344,0.4182256315119987,0.2526158260566238
5,d824_828rc,1,M1,1.0919297445959824,0.8072367309635309,0.8794357262441082,0.6501443254046565
5,d828_830sa,1,M1,2.0863025566989775,1.237145306093915,1.6803129007116553,0.9964010607894462
5,d842_844sa,1,M1,2.5361490053769615,1.8089290358818702,2.0426397551499775,1.4569270401120742
5,d816_824sb,5,M5,1.3817536462473659,0.6846748981617643,0.42646428610972387,0.21131934880822578
5,d854_856sb,1,M1,1.1609352228140402,0.7367111481064648,0.9350142505421443,0.5933487468096664
5,d854_856rb,1,M1,0.9579962416269355,0.7569486774793954,0.771567413409568,0.609647606166349
5,d858_864rb,1,M1,0.5807985487111607,0.3661713501482129,0.4677807194010689,0.2949174621971813
6,s890,5,M5,368.4687861239139,198.96479681119072,352.7522107356129,190.4735125652613
6,s844,2,M2,314.42966077373416,267.1368894822283,337.0224435947867,286.3327141360563
6,d842_844ra,1,M1,3.3918496462950527,2.0908840765474426,3.6075837154119808,2.2238898488963494
6,d844_846sb,1,M1,10.292897594494857,4.67013054324549,10.947726517578591,4.967230342074812
6,d844_846sc,1,M1,8.005436305678947,4.493607895512266,8.514649760733457,4.779477857943316
6,s860,1,M1,49.20709767744436,39.10434166293126,52.33716386324764,41.59195512150989
6,d834_860ra,2,M2,6.2673097551960435,3.23524053839622,6.720827421038744,3.4693920278428014
6,d834_860rb,2,M2,8.224947532048999,4.346979133730035,8.958005091997054,4.734396999306663
6,d834_860rc,2,M2,44.43530478976061,23.880839808502966,46.97972981535781,25.248434703358633
6,d860_836sa,1,M1,12.135238395785208,6.212834830776262,12.907177771012336,6.60812164254545
6,d860_836sb,1,M1,3.968191490895368,2.6205636526365086,4.220624578357617,2.7872624907747863
6,d860_836sc,1,M1,16.181480417123808,9.105937416802853,17.21073239173534,9.685191494912607
6,d858_834ra,1,M1,1.572860696352935,0.830518880354189,1.6729124334652739,0.8833595366281456
6,d858_834rb,1,M1,6.151544519140188,3.462560974913328,6.542869293296264,3.6828196470994228
6,d858_834rc,1,M1,5.175552928782038,2.84349528768874,5.50475398018102,3.024377754504649
6,d834_860sa,2,M2,6.216063254065349,3.2757124682697794,6.6605693469990515,3.509997054571311
6,d834_860sb,2,M2,8.56433103196352,3.893842764028943,9.320620013774157,4.237684058408894
6,d834_860sc,2,M2,44.76951592875756,22.919285375400815,47.29761487826699,24.21365621847753
6,d818_820ra,2,M2,13.178702074848017,7.175155556418817,13.48932073478612,7.3442575451917325
6,d820_822sa,1,M1,54.57790400748308,29.478651887347205,58.0493473030629,31.353587404222584
6,s848,1,M1,49.29130215917215,41.132808231297986,52.426726355903135,43.74944736284357
6,d846_848rb,1,M1,8.844684672699339,4.613585993696138,9.407379100418789,4.9070893490378245
6,d820_822ra,1,M1,54.15090733913545,29.923326744815295,57.59514572301032,31.82651415718872
6,d860_836ra,1,M1,12.030760028361511,6.148567449480438,12.796053436965304,6.539766471286543
6,d860_836rb,1,M1,3.752632795642114,2.5907211089957314,3.9913532979849524,2.755521847522876
6,d860_836rc,1,M1,16.937441761724294,9.226855632948746,18.01477745393704,9.813804338283482
6,d836_840sa,5,M5,6.945126295780134,3.6462355786581697,7.419271879714632,3.8952119949877555
6,d836_840sb,5,M5,8.938496212040839,4.762643619515184,9.622964777268791,5.127332709465602
6,s830a,2,M2,8.000191255615784,4.2147015898241715,8.71338152516466,4.59046477702021
6,s830b,2,M2,8.363995983471984,4.4552596132075015,9.271464062459996,4.9386296873733535
6,s830c,2,M2,21.303582381629752,8.359271791584371,23.013215967991908,9.030126743710385
6,d828_830ra,1,M1,2.8193544227479848,1.1752784236850973,2.998688478577956,1.2500403339471942
6,s840,5,M5,21.826656309820155,17.357265841660773,23.326744378213753,18.550269321931605
6,d836_840ra,5,M5,7.43866608332188,3.624176926291973,7.947598494942279,3.872181847818413
6,d836_840rb,5,M5,8.344356360435428,4.511765499792585,8.984487281616719,4.8578708952534395
6,d844_846rb,1,M1,9.903665033791079,4.7599289772450835,10.533730913820865,5.062741559094534
6,d844_846rc,1,M1,8.75842283498894,4.34618484616366,9.315534646019275,4.62267982663072
6,d846_848sb,1,M1,8.748228318589819,4.466525984228456,9.304786180209128,4.750673653404715
6,d802_806sb,1,M1,11.657677039859077,6.071929740616553,12.39937600394269,6.458245071457294
6,d802_806sc,1,M1,9.672696745538762,5.990825624615274,10.288103106573862,6.371980915158761
6,d802_806rb,1,M1,11.580262924245346,5.557332808604653,12.317036408391981,5.910907519037483
6,d802_806rc,1,M1,9.708751262412438,5.714591566407919,10.326450256660145,6.078171750234014
6,d832_858ra,2,M2,2.744316955690635,1.239224731785572,0.9430831155208235,0.4258627064990647
6,d832_858rb,2,M2,0.892326747650567,0.4193108083227412,0.32294031442236143,0.1517516297425592
6,d832_858rc,2,M2,2.491740318308947,1.2247040752710823,0.9135884515560645,0.44903753814267555
6,d858_864sb,1,M1,0.9046393120145636,0.4399484540974826,0.9621783206032568,0.46793503854842045
6,d858_834sa,1,M1,1.5412478208102125,0.9125668791347522,1.6392882162716087,0.9706263804402215
6,d858_834sb,1,M1,6.001358208185443,3.2501295773221948,6.383129474181304,3.456874929262202
6,d858_834sc,1,M1,5.12412904203235,2.837736225457361,5.4500606870426616,3.0182514105055196
6,d816_824rb,5,M5,1.9327336787351892,0.8374055098824114,0.7724388745676721,0.3346776412108848
6,d824_826sb,5,M5,15.628617010152574,8.347917949485073,17.082707407167696,9.124587755124372
6,d824_828sc,1,M1,1.607944875807651,0.8676875332691957,1.7102332776857332,0.9228900098022299
6,d824_826rb,5,M5,15.880698228137911,7.996222315499807,17.35544932975094,8.738764139928467
6,d818_820sa,2,M2,13.442194711493194,6.667941232609087,14.342775743300836,7.114667752279619
6,d862_838rb,1,M1,10.894451403846071,5.786806227736919,11.587551934160015,6.154948182258833
6,d862_838sb,1,M1,11.195143560618966,6.061524320470328,11.907374321727461,6.447143521153473
6,d808_810rb,4,M4,6.563073995216885,3.331980771955194,7.279829733416849,3.854270811788379
6,d808_810sb,4,M4,6.318133275903159,3.3931937883626095,7.0090071897050175,3.926051692778994
6,d832_858sa,2,M2,2.7456328751874723,1.1967473109382645,0.9433903883518372,0.4112018574081159
6,d832_858sb,2,M2,0.8833162020455951,0.4196160930648026,0.3198126682709306,0.15192544307895336
6,d832_858sc,2,M2,2.4542691827398766,1.2710662704736992,0.899654906329742,0.46593506381290617
6,d824_828rc,1,M1,1.554375742895854,0.886487485853486,1.6532561424387258,0.9428857664075162
6,d828_830sa,1,M1,2.7314814719107043,1.2454628527198779,2.9052310596338344,1.324688080044545
6,d842_844sa,1,M1,3.4773304704389183,2.1674462704282598,3.698501289652025,2.3053222720764124
6,d816_824sb,5,M5,2.033545703984661,0.8823227804414724,0.8199010502899496,0.3557408755998364
6,d854_856sb,1,M1,1.5540319832138338,0.8772024172756508,1.652901429273952,0.9330089310081192
6,d854_856rb,1,M1,1.5750147194121122,0.8792561733434522,1.6752190802924383,0.9351933126941611
6,d858_864rb,1,M1,0.862758529332632,0.4025730111914073,0.9176337966597159,0.4281821419586842
7,s890,5,M5,364.62656709315894,162.56574621838078,331.4306148370218,147.76573987666492
7,s844,2,M2,312.29590694072544,213.69738740564932,321.64554880291206,220.09266574978287
7,d842_844ra,1,M1,3.54007510067856,1.9758394537110382,3.395811781447499,1.8952692389655308
7,d844_846sb,1,M1,10.067620353221129,4.680346238677785,9.657250575315846,4.489608384949449
7,d844_846sc,1,M1,8.40295721195379,4.281140626093513,8.060409666643277,4.106541211970173
7,s860,1,M1,48.738050435161114,36.47146396683251,46.75156970025901,34.984553911186175
7,d834_860ra,2,M2,6.858113646536536,3.084703398617938,7.048292395475616,3.1702035495439116
7,d834_860rb,2,M2,7.734322072735456,4.180818442224358,8.08130421916402,4.368328638092618
7,d834_860rc,2,M2,45.3304922542762,21.379761588672206,46.288677757266484,21.831323394898128
7,d860_836sa,1,M1,12.578599800767831,5.192183628342047,12.06588269811302,4.980477812968947
7,d860_836sb,1,M1,4.222011754323268,2.317889492744203,4.049928061046542,2.2233889035279417
7,d860_836sc,1,M1,17.13377832937508,7.776547637289707,16.435412392014477,7.459453035481251
7,d858_834ra,1,M1,1.4516692296056088,0.798281308548994,1.3924985865011983,0.7657345485251229
7,d858_834rb,1,M1,5.338329772998504,2.886169399843286,5.120746094233074,2.7685000329336984
7,d858_834rc,1,M1,5.08169856082843,2.6123284312256803,4.874572425338969,2.5058134835066412
7,d834_860sa,2,M2,6.481655341406606,3.1012215338646683,6.653657280762659,3.1834795750301192
7,d834_860sb,2,M2,8.836792320205085,4.226366310881917,9.222905419819652,4.410976357663749
7,d834_860sc,2,M2,42.841263984681774,20.518100213366605,43.696672419120716,20.927448527809226
7,d818_820ra,2,M2,13.341659431533158,6.520620865918939,12.880147456020076,6.2949858010264315
7,d820_822sa,1,M1,54.86621708637416,26.41328632799914,52.63020783498694,25.336538386158647
7,s848,1,M1,50.513980468661494,35.454531032275135,48.45510239087617,34.00907262836152
7,d846_848rb,1,M1,9.325047753025027,4.330998129433224,8.944946524146829,4.154497498798251
7,d820_822ra,1,M1,56.69257335698851,24.9176992367225,54.382147751417534,23.90191119182233
7,d860_836ra,1,M1,12.921250041717945,5.267763369514067,12.394565547977193,5.052974466652509
7,d860_836rb,1,M1,3.8146259372771714,2.3021584098478383,3.6591478240572406,2.208300780746484
7,d860_836rc,1,M1,17.14726011333559,7.927958675825992,16.4483454334729,7.6046907047790056
7,d836_840sa,5,M5,7.447600050561557,3.5451946181034955,7.397581475039187,3.5213415284630565
7,d836_840sb,5,M5,9.247486980440655,3.9941283293334444,9.26143614484965,4.0000974926390915
7,s830a,2,M2,8.280915132946962,3.1786007404251015,8.495105967662196,3.2607845573685954
7,s830b,2,M2,6.857602928270197,4.170284676956013,7.1606836021532665,4.354563533982906
7,s830c,2,M2,20.490056709156153,7.3212981725259505,20.967029974172554,7.491633259378342
7,d828_830ra,1,M1,2.844607304025919,1.2249383159714262,2.7286743495148116,1.1749908755437628
7,s840,5,M5,22.347403506244618,14.846973691322493,22.239365587678655,14.775021898301704
7,d836_840ra,5,M5,7.392920154450455,3.159755826099576,7.344496616029885,3.139017882909971
7,d836_840rb,5,M5,9.103664525125437,4.237259030142718,9.118841030365964,4.244266445383275
7,d844_846rb,1,M1,10.176331765655037,4.22953662999006,9.761532652740517,4.057174270135025
7,d844_846rc,1,M1,7.1276392859685815,4.10294400352533,6.837083872639732,3.9356190274390443
7,d846_848sb,1,M1,8.952835670670805,4.008812077894704,8.587906753225406,3.84544246771003
7,d802_806sb,1,M1,11.275518617071043,6.090970943954927,10.815866511606163,5.842670244709168
7,d802_806sc,1,M1,10.210221346732377,5.196065711332181,9.793996447051471,4.984244117268574
7,d802_806rb,1,M1,11.109603560983563,5.299730408064861,10.656715380700211,5.0836855951513344
7,d802_806rc,1,M1,10.602377045878074,5.361058520844254,10.170165840941946,5.142510012660329
7,d832_858ra,2,M2,2.7004462691315996,1.0461480869506017,0.895086819600629,0.346743541939361
7,d832_858rb,2,M2,0.9072396845741768,0.4030375692648632,0.31392092715364067,0.13945933658019172
7,d832_858rc,2,M2,2.5666567359165957,1.0726001190870946,0.9003705426764608,0.3762549421262702
7,d858_864sb,1,M1,0.7458222046245909,0.36631580724425283,0.7154281747096857,0.3513776444554207
7,d858_834sa,1,M1,1.4924248531258144,0.726450863266469,1.4315926670163945,0.69683224222632
7,d858_834sb,1,M1,6.27201224499635,3.332641366840207,6.016372055892143,3.1967701329773925
7,d858_834sc,1,M1,5.228317811376865,2.4279772120629683,5.015214079344242,2.3289776635509933
7,d816_824rb,5,M5,2.183139960594324,0.7680704474610842,0.8189011009797601,0.28810726943296994
7,d824_826sb,5,M5,15.092966956580346,7.0159619841222485,15.134490675007445,7.035307860069488
7,d824_828sc,1,M1,1.6179403695385797,0.8327157646501784,1.551985488278914,0.7987609881328717
7,d824_826rb,5,M5,15.510887571300778,7.092860637522529,15.551439039413914,7.1114486615197485
7,d818_820sa,2,M2,13.401312260673627,6.2335449222300365,13.406240597480792,6.235755944923036
7,d862_838rb,1,M1,11.701296501244098,4.3665170198748005,11.224339276548154,4.188576418023064
7,d862_838sb,1,M1,10.817497726961577,5.230312229107078,10.376561162011217,5.0171605474522405
7,d808_810rb,4,M4,7.057321262735792,3.08819877082474,7.09719831860475,3.2559311491209257
7,d808_810sb,4,M4,6.727367165504667,2.8637663222706267,6.7661630695421575,3.0200081009679685
7,d832_858sa,2,M2,2.9401133053672845,1.1124619868218708,0.9729232070432291,0.36811670370594735
7,d832_858sb,2,M2,0.8701848970135238,0.377559553690807,0.3007718208585618,0.13050131554663333
7,d832_858sc,2,M2,2.7820194974349612,1.1640784172830874,0.9742128503598328,0.4076308701067252
7,d824_828rc,1,M1,1.6399748822478766,0.7428256647934489,1.5731213027678415,0.7125352736891412
7,d828_830sa,1,M1,3.0312928283414813,1.0627347549577562,2.907746463766167,1.0194015644881225
7,d842_844sa,1,M1,3.495246335932639,1.73069104841974,3.3528074017197165,1.6601130359063172
7,d816_824sb,5,M5,2.103383801797436,0.7299500217785707,0.7920511397821642,0.2748722794580281
7,d854_856sb,1,M1,1.6529551713572321,0.671332874097606,1.5855762571366254,0.6439724795871343
7,d854_856rb,1,M1,1.3940099957184329,0.7035153429339853,1.3371860373183224,0.6748424754889095
7,d858_864rb,1,M1,0.7961047961756277,0.3860688476250115,0.7636615786444123,0.37032505897897827
8,s890,5,M5,490.9059646373055,236.14619248418373,389.01477945918685,187.10268464545678
8,s844,2,M2,420.9547842717628,351.9382145264814,389.5425306337113,325.6616433212584
8,d842_844ra,1,M1,4.550614911290346,2.698904150246465,5.286351551428994,3.13513261339802
8,d844_846sb,1,M1,12.797608513960608,6.125003217195156,14.866916218383507,7.11507869348848
8,d844_846sc,1,M1,11.49062532629071,5.754800719297838,13.348638859879209,6.684833001949294
8,s860,1,M1,64.74650958565032,49.900940538032955,75.21581541853098,57.96717270451571
8,d834_860ra,2,M2,8.071375205176807,4.287731392512566,7.4520778795392895,3.9586234163794924
8,d834_860rb,2,M2,10.886344942395803,5.278545353519484,10.33721048932094,5.011964484095343
8,d834_860rc,2,M2,60.146498546544436,26.586596448840414,54.19630922048684,23.954621888520585
8,d860_836sa,1,M1,15.805329428895467,7.931796152751904,18.3607874752125,9.213945147961908
8,d860_836sb,1,M1,5.028675194484813,3.2046580906156326,5.841842785160735,3.7226664454940996
8,d860_836sc,1,M1,19.873445661482215,11.780717302227883,23.08675437508958,13.684653558403804
8,d858_834ra,1,M1,2.1583766217889635,1.113673165810915,2.5073505102053875,1.2936958257727824
8,d858_834rb,1,M1,7.7819436820180465,3.8798931728712636,9.040300156154183,4.506999521582617
8,d858_834rc,1,M1,7.28008580611289,3.7648749628174856,8.457174239174469,4.37330424929638
8,d834_860sa,2,M2,8.335325240453672,4.141050865611414,7.704838839215267,3.827699807582201
8,d834_860sb,2,M2,10.480474413493726,5.211072837120059,9.962794136416209,4.953364538007574
8,d834_860sc,2,M2,60.80123189880331,29.269645694588647,54.857860686415506,26.406631452797928
8,d818_820ra,2,M2,17.23173175396778,8.94438790697569,16.285142006208783,8.452817561934975
8,d820_822sa,1,M1,72.34159973795524,36.1235399795359,84.0376389998354,41.96275676639341
8,s848,1,M1,60.62971339137391,51.323383197926674,70.43348567989244,59.61968617171963
8,d846_848rb,1,M1,12.913541010133237,5.872805290415242,15.001588768762568,6.822100693661506
8,d820_822ra,1,M1,68.80634914565958,37.892762623299895,79.9308438348949,44.01802923162581
8,d860_836ra,1,M1,15.566991665829002,7.977098700573119,18.08391725031354,9.266574915543787
8,d860_836rb,1,M1,4.787675212028334,3.171926342864739,5.561875224166357,3.684649147514737
8,d860_836rc,1,M1,23.841595621235857,11.37377739251847,27.696419713280207,13.211794535643097
8,d836_840sa,5,M5,9.642332991074232,4.551299204896616,9.981957853023328,4.711451821531098
8,d836_840sb,5,M5,12.128027943555793,5.390405490864593,12.733012564782062,5.65891595609858
8,s830a,2,M2,11.3443107219959,5.2222921919557335,11.453750405862113,5.2725515479704645
8,s830b,2,M2,10.711322769875746,5.0444208611461825,11.135884691377548,5.2441311391807846
8,s830c,2,M2,26.125708089904247,10.14832749814141,26.004333346346584,10.100589548605262
8,d828_830ra,1,M1,3.6407305721035312,1.5536797873900692,4.229353536011635,1.8048094808490702
8,s840,5,M5,28.849142107187205,22.270432467593547,29.88753023713373,23.07099125225086
8,d836_840ra,5,M5,9.696983152725524,4.64148774698427,10.038127301181609,4.804621152651388
8,d836_840rb,5,M5,12.005314918955936,5.761572739161673,12.603641400143893,6.048334071773882
8,d844_846rb,1,M1,12.560606636055196,6.1995467482402296,14.591596360243173,7.201678498330473
8,d844_846rc,1,M1,11.386202024347194,5.869075823663348,13.227336787391856,6.817587539141492
8,d846_848sb,1,M1,12.831559905713318,5.854392916562739,14.906352115774435,6.8007129857160695
8,d802_806sb,1,M1,15.469859245148376,7.162858132340492,17.97105438801356,8.320958122745802
8,d802_806sc,1,M1,13.503244722652207,7.497954397791597,15.686474725123402,8.71023088088578
8,d802_806rb,1,M1,15.898690716759889,7.922913387984433,18.469222026554164,9.203898390919647
8,d802_806rc,1,M1,12.724709710974523,7.029032732362354,14.78206647987273,8.165490145823163
8,d832_858ra,2,M2,3.846191780802514,1.5581905995465162,1.11456581566291,0.4515165684968119
8,d832_858rb,2,M2,1.171666062625079,0.5196658126719298,0.37433389864925515,0.16601999548671917
8,d832_858rc,2,M2,3.05578588287374,1.522541979420281,0.9910725933470115,0.493763972693952
8,d858_864sb,1,M1,1.0682993376901782,0.5726521735324392,1.2410191768221017,0.6652093336741114
8,d858_834sa,1,M1,2.0032797503760285,1.107685583591657,2.32717788307502,1.2867433414623037
8,d858_834sb,1,M1,7.920728325242299,4.300869211776326,9.201534266614603,4.996042562758456
8,d858_834sc,1,M1,6.563523098675192,3.639632407904119,7.624760502285153,4.227841496866892
8,d816_824rb,5,M5,2.555061109193654,1.0429389637226132,0.972636210717128,0.3970058494895318
8,d824_826sb,5,M5,19.901705256331024,10.447816633619246,22.41582484290025,11.767399939389335
8,d824_828sc,1,M1,2.133601639079588,1.145272849739144,2.478587855595861,1.3304015638283888
8,d824_826rb,5,M5,21.056010609467766,10.267665924179385,23.710112200447053,11.561637651261563
8,d818_820sa,2,M2,17.447290146548443,9.377262792911052,17.650964037291995,9.48650824764052
8,d862_838rb,1,M1,15.068779903716017,7.441443817825628,17.505329375964234,8.644323749641538
8,d862_838sb,1,M1,14.677214024868968,7.206939298982044,17.050448182844786,8.371911235235967
8,d808_810rb,4,M4,8.430581754285178,4.06692830842882,10.035388957546614,4.960539457300322
8,d808_810sb,4,M4,8.21677479538528,4.087198691722264,9.782603065407336,4.987018104539173
8,d832_858sa,2,M2,3.7034666424346767,1.5483702264297192,1.080666833509127,0.45179071919595587
8,d832_858sb,2,M2,1.2128964328959222,0.5400983588633914,0.3902849780381203,0.17378503914342316
8,d832_858sc,2,M2,3.0939101182962627,1.6071523810314987,1.0097335168537416,0.5244752722883118
8,d824_828rc,1,M1,2.084363197050198,1.0651643047141661,2.4213870975608365,1.237341437085799
8,d828_830sa,1,M1,3.8830955711494477,1.501193646386811,4.5109054782986275,1.7438470789326812
8,d842_844sa,1,M1,4.593246391257749,2.6173499050700864,5.335873491294266,3.0403931334982794
8,d816_824sb,5,M5,2.478686200620974,1.1189018812416767,0.9699541409167625,0.4378371727198603
8,d854_856sb,1,M1,2.1195397756918393,1.102361368291808,2.4622524866544735,1.2805685683058905
8,d854_856rb,1,M1,2.1737341035586635,1.1124027033336803,2.5252093752918547,1.292232686869305
8,d858_864rb,1,M1,1.1010984249407474,0.5291394233005469,1.2791199028650415,0.6146613642942933
9,s890,5,M5,419.01247692734626,191.39927320095578,417.5167019206608,190.7414096933109
9,s844,2,M2,403.62792741117124,267.77297810993724,455.46888482461185,302.1724175428021
9,d842_844ra,1,M1,3.7349126764623977,2.055258136663911,4.675925224515499,2.573128139941222
9,d844_846sb,1,M1,10.531157153901713,4.9286759962395665,13.184422903636017,6.170587512590794
9,d844_846sc,1,M1,8.877837324127292,4.291685785644905,11.114700720859558,5.373235394829006
9,s860,1,M1,49.491240510482946,42.17982231837371,61.96039960245333,52.8080771101604
9,d834_860ra,2,M2,6.343300356924009,2.953549936906938,7.152588938193878,3.3304348141280684
9,d834_860rb,2,M2,8.821846317302226,3.9683357301739086,10.161816533250194,4.571307669528176
9,d834_860rc,2,M2,46.35340075395306,21.266857225432503,51.36698334458645,23.56760494540533
9,d860_836sa,1,M1,13.585706785951086,6.058662606009208,17.00859652920272,7.585284713621343
9,d860_836sb,1,M1,4.399272572308577,2.5282112849065226,5.507649482622475,3.165310121676971
9,d860_836sc,1,M1,18.69479516844841,9.099469846025377,23.405150374184842,11.392423821148663
9,d858_834ra,1,M1,1.6769265499287327,0.8755413763137654,2.0994233493989407,1.0961518029966522
9,d858_834rb,1,M1,6.367490452320709,3.376506336744263,7.971756834915445,4.227382444990051
9,d858_834rc,1,M1,5.374991448102835,2.9256003376490485,6.7292748764015275,3.662808702688901
9,d834_860sa,2,M2,6.753747448166284,3.2153395420735356,7.613354539131003,3.6246542339267944
9,d834_860sb,2,M2,9.3897867819411,4.447547184155096,10.813478070014549,5.122119908069262
9,d834_860sc,2,M2,46.71089908244279,23.812238945298294,51.75253247537972,26.382909693237057
9,d818_820ra,2,M2,16.289159195872813,7.343931023335997,17.93040469228079,8.083988469132336
9,d820_822sa,1,M1,61.46124170255945,27.633140610047608,76.94610105028984,34.59562794835957
9,s848,1,M1,57.62061933359127,37.06625549532887,72.13811079497395,46.40622480699893
9,d846_848rb,1,M1,8.721135019194106,4.006894082247995,10.918376094142012,5.0165398966983705
9,d820_822ra,1,M1,63.379317434237514,28.2436799958002,79.34742420119927,35.360006872623316
9,d860_836ra,1,M1,12.214775764262452,6.002655658196756,15.292257192807021,7.51515372252084
9,d860_836rb,1,M1,4.418891944865637,2.4628593722196297,5.532213684323892,3.0834928545419946
9,d860_836rc,1,M1,17.31451760085844,8.298926503763987,21.677099095163243,10.390156178190475
9,d836_840sa,5,M5,7.676971541523216,3.285538216698561,9.12190524011661,3.90401320979153
9,d836_840sb,5,M5,9.71127758000292,4.878233201904308,11.66258468270323,5.858680791466559
9,s830a,2,M2,8.52133728549351,3.6296384422780568,10.082010911304032,4.29446968964153
9,s830b,2,M2,7.771901798467311,4.2472507879178405,9.420587945052365,5.148392543885199
9,s830c,2,M2,24.412485188228445,9.152877286851389,28.6076831432372,10.725976392936591
9,d828_830ra,1,M1,2.9611064710100488,1.174301146635096,3.707152997331003,1.4701896090765547
9,s840,5,M5,24.204884501739155,16.789558147817687,28.785042787448678,19.96702874217081
9,d836_840ra,5,M5,8.956575037508472,3.6963091263855374,10.643291711317529,4.392498720871667
9,d836_840rb,5,M5,8.79713945489306,4.660933468583595,10.565607020242561,5.598145011067987
9,d844_846rb,1,M1,11.54504952518686,4.900427574948523,14.453765121302244,6.135234372530921
9,d844_846rc,1,M1,8.308024885181856,4.610404133118708,10.401306047929195,5.772249879199223
9,d846_848sb,1,M1,9.508111515941218,4.406043605541109,11.903626499300001,5.516264984500189
9,d802_806sb,1,M1,14.413629156936656,5.847209684309106,18.04502259869912,7.320367842546575
9,d802_806sc,1,M1,10.750579261287717,5.498977379215239,13.45909971334344,6.884403102386933
9,d802_806rb,1,M1,13.948137538756873,5.817512841675493,17.462254499455828,7.283190807650487
9,d802_806rc,1,M1,11.167622070609731,5.56775295409044,13.981214604508194,6.970509304178288
9,d832_858ra,2,M2,3.14199560523555,1.1231366775130565,1.120027357089253,0.4003741898487017
9,d832_858rb,2,M2,0.9021614782638182,0.39079565672522765,0.34796991001427946,0.15073665345104734
9,d832_858rc,2,M2,2.571961562450601,1.1675139372244947,1.0050787568107273,0.45626324242440286
9,d858_864sb,1,M1,0.9249546846630706,0.446480475696338,1.1579979544188557,0.5589825271861496
9,d858_834sa,1,M1,1.7332671448595145,0.8513545581057347,2.1699592329330715,1.0658713585009292
9,d858_834sb,1,M1,6.80315413105236,2.7752892093199577,8.517201756924937,3.474690924721178
9,d858_834sc,1,M1,5.111439949107409,3.0591384824663863,6.399314586760805,3.8299898324506447
9,d816_824rb,5,M5,2.1989912829635356,0.7497221800787579,0.9710859058097383,0.33108747809629246
9,d824_826sb,5,M5,16.453619379659163,7.980915948249526,20.605554995517576,9.994982238303994
9,d824_828sc,1,M1,1.6822406505503757,0.8465310981011023,2.106083176287227,1.0598405907800734
9,d824_826rb,5,M5,15.962622448160518,7.7692134950482625,19.986773197202886,9.72796295421039
9,d818_820sa,2,M2,14.697318406268296,6.864505111230814,17.161561974262526,8.015544504243225
9,d862_838rb,1,M1,12.366898721585661,5.057067870439447,15.482678774970832,6.331349864690754
9,d862_838sb,1,M1,14.034781456203987,4.805732242016246,17.570788326165893,6.01671081490614
9,d808_810rb,4,M4,7.418691011662304,3.2432418310489943,9.606607628963117,4.343928627697995
9,d808_810sb,4,M4,6.385407526672587,2.892192735805841,8.26992794057756,3.874995628434091
9,d832_858sa,2,M2,3.1389693066512665,1.1435420944017445,1.1219631441709035,0.4087462786930274
9,d832_858sb,2,M2,0.9161309454547568,0.4548122593986719,0.35451175672838714,0.17600133319700934
9,d832_858sc,2,M2,2.453077789533848,1.071011043426467,0.9608991203812399,0.4195449289030619
9,d824_828rc,1,M1,1.6036439230585149,0.742282435475836,2.0076848696531995,0.929325081130952
9,d828_830sa,1,M1,2.9416643231301505,1.2446171744478305,3.6828067567711886,1.5582157499074263
9,d842_844sa,1,M1,4.198656590540983,2.019190293669484,5.256512401926048,2.5279771729454064
9,d816_824sb,5,M5,2.1541303060192365,0.8705970848710695,0.9683031667110042,0.3913478959639752
9,d854_856sb,1,M1,1.7316655306007362,0.7671262262072497,2.167947243681885,0.9604174154837498
9,d854_856rb,1,M1,1.9318101134448928,0.7951503997306155,2.418517452569816,0.9955040225695475
9,d858_864rb,1,M1,1.020405360708347,0.39943649302154566,1.277498409623221,0.5000864569434211
